ISO-10303-21;
HEADER;
FILE_DESCRIPTION (( 'STEP AP214' ),
    '1' );
FILE_NAME ('CUI_DEVICES_MJ-3536NG.step',
    '2024-04-17T15:06:07',
    ( '' ),
    ( '' ),
    'SwSTEP 2.0',
    'SolidWorks 2024',
    '' );
FILE_SCHEMA (( 'AUTOMOTIVE_DESIGN' ));
ENDSEC;

DATA;
#1 = FACE_OUTER_BOUND ( 'NONE', #6136, .T. ) ;
#2 = CARTESIAN_POINT ( 'NONE',  ( 0.05556177173160704863, -0.4352242651757104452, 0.5878171478554615748 ) ) ;
#3 = CARTESIAN_POINT ( 'NONE',  ( 0.1354420843428742194, -0.3961536649112911146, 0.2788622116356062608 ) ) ;
#4 = MANIFOLD_SOLID_BREP ( 'solid-1', #5578 ) ;
#5 = AXIS2_PLACEMENT_3D ( 'NONE', #5872, #7281, #8553 ) ;
#6 = ORIENTED_EDGE ( 'NONE', *, *, #642, .F. ) ;
#7 = DIRECTION ( 'NONE',  ( 1.228015396737279800E-16, 1.287490079826536708E-18, -1.000000000000000000 ) ) ;
#8 = LINE ( 'NONE', #2832, #7606 ) ;
#9 = CIRCLE ( 'NONE', #1273, 0.08661417322834648325 ) ;
#10 = AXIS2_PLACEMENT_3D ( 'NONE', #2239, #4393, #5662 ) ;
#11 = EDGE_LOOP ( 'NONE', ( #5949, #8160, #6016, #885 ) ) ;
#12 = PLANE ( 'NONE',  #590 ) ;
#13 = EDGE_CURVE ( 'NONE', #1747, #2705, #4905, .T. ) ;
#14 = CARTESIAN_POINT ( 'NONE',  ( -0.05230383795112281825, -0.3811057794996314252, 0.2714917202275091146 ) ) ;
#15 = FACE_OUTER_BOUND ( 'NONE', #5902, .T. ) ;
#16 = AXIS2_PLACEMENT_3D ( 'NONE', #3170, #3208, #7823 ) ;
#17 = CIRCLE ( 'NONE', #4091, 0.1023622047244094613 ) ;
#18 = FACE_OUTER_BOUND ( 'NONE', #3667, .T. ) ;
#19 = CARTESIAN_POINT ( 'NONE',  ( 0.08071487759337414580, -0.3909329265930334141, 0.5775590551170539655 ) ) ;
#20 = ORIENTED_EDGE ( 'NONE', *, *, #485, .T. ) ;
#21 = EDGE_LOOP ( 'NONE', ( #6297, #6520, #6886, #6729 ) ) ;
#22 = ORIENTED_EDGE ( 'NONE', *, *, #591, .T. ) ;
#23 = CARTESIAN_POINT ( 'NONE',  ( -0.001962287760956614620, -0.3525470998213799945, 0.1909448818887074517 ) ) ;
#24 = EDGE_CURVE ( 'NONE', #193, #5238, #6870, .T. ) ;
#25 = VECTOR ( 'NONE', #1956, 39.37007874015748143 ) ;
#26 = EDGE_LOOP ( 'NONE', ( #3189, #7983, #3198, #7722 ) ) ;
#27 = CIRCLE ( 'NONE', #1855, 0.01968503937007875723 ) ;
#28 = CARTESIAN_POINT ( 'NONE',  ( 0.04134479885321702686, -0.2410974499539377813, 0.6029016561127540363 ) ) ;
#29 = CYLINDRICAL_SURFACE ( 'NONE', #6952, 0.05905511811023627516 ) ;
#30 = LINE ( 'NONE', #519, #2234 ) ;
#31 = FACE_OUTER_BOUND ( 'NONE', #471, .T. ) ;
#32 = ORIENTED_EDGE ( 'NONE', *, *, #3929, .F. ) ;
#33 = EDGE_CURVE ( 'NONE', #1251, #4107, #7477, .T. ) ;
#34 = DIRECTION ( 'NONE',  ( 1.146678109015832589E-15, -1.000000000000000000, -7.425991029036738721E-17 ) ) ;
#35 = ORIENTED_EDGE ( 'NONE', *, *, #567, .F. ) ;
#36 = CARTESIAN_POINT ( 'NONE',  ( -0.08267094917827903788, -0.2334526116324034117, 0.4409448818887066190 ) ) ;
#37 = CARTESIAN_POINT ( 'NONE',  ( 0.04238714902819497310, -0.4391612730497262418, 0.5540518372692848637 ) ) ;
#38 = CARTESIAN_POINT ( 'NONE',  ( -0.04526937437512962986, -0.2226258399788601239, 0.1909448818887074795 ) ) ;
#39 = CARTESIAN_POINT ( 'NONE',  ( -0.1555055948475705663, -0.04546048564815143717, 0.1909448818887075350 ) ) ;
#40 = EDGE_LOOP ( 'NONE', ( #3596, #1608, #1214, #3932 ) ) ;
#41 = CARTESIAN_POINT ( 'NONE',  ( 0.1653605468847131055, -0.2334526116324033562, 0.4409448818887066190 ) ) ;
#42 = ORIENTED_EDGE ( 'NONE', *, *, #8132, .T. ) ;
#43 = AXIS2_PLACEMENT_3D ( 'NONE', #3558, #6917, #2152 ) ;
#44 = ORIENTED_EDGE ( 'NONE', *, *, #123, .F. ) ;
#45 = ADVANCED_FACE ( 'NONE', ( #6153 ), #6825, .T. ) ;
#46 = CARTESIAN_POINT ( 'NONE',  ( 0.1318959799555790291, -0.2226258399788601239, 0.2165354330698099350 ) ) ;
#47 = CARTESIAN_POINT ( 'NONE',  ( 0.1988251138138467655, -0.2167203281678364568, 0.5090551181091800270 ) ) ;
#48 = CARTESIAN_POINT ( 'NONE',  ( -0.1161355161074131004, -0.2167203281678364568, 0.5090551181091799160 ) ) ;
#49 = DIRECTION ( 'NONE',  ( 1.000000000000000000, -1.737850800384704371E-16, 4.776271970522807552E-16 ) ) ;
#50 = DIRECTION ( 'NONE',  ( -3.330669073875469621E-16, 3.511521488730100433E-17, 1.000000000000000000 ) ) ;
#51 = AXIS2_PLACEMENT_3D ( 'NONE', #8210, #2272, #4877 ) ;
#52 = VERTEX_POINT ( 'NONE', #2153 ) ;
#53 = CARTESIAN_POINT ( 'NONE',  ( 0.1349934356575578642, -0.3811057794996316472, 0.2714917202275091146 ) ) ;
#54 = B_SPLINE_CURVE_WITH_KNOTS ( 'NONE', 3,
 ( #4909, #815, #6178, #5393, #6089, #2847, #3450, #5524, #1382, #8204, #67 ),
 .UNSPECIFIED., .F., .F.,
 ( 4, 1, 1, 1, 1, 1, 1, 1, 4 ),
 ( 0.000000000000000000, 1.124300544920932677E-05, 2.217160545565760973E-05, 3.307252999154011372E-05, 4.407529488199387122E-05, 5.566431963611510295E-05, 6.860599079089635985E-05, 8.313931336109708524E-05, 9.971756125104986126E-05 ),
 .UNSPECIFIED. ) ;
#55 = PLANE ( 'NONE',  #5365 ) ;
#56 = VECTOR ( 'NONE', #775, 39.37007874015748143 ) ;
#57 = ORIENTED_EDGE ( 'NONE', *, *, #7029, .F. ) ;
#58 = FACE_OUTER_BOUND ( 'NONE', #26, .T. ) ;
#59 = DIRECTION ( 'NONE',  ( 0.2321272411244070799, 0.000000000000000000, -0.9726854290714811446 ) ) ;
#60 = CYLINDRICAL_SURFACE ( 'NONE', #1904, 0.08661417322834646937 ) ;
#61 = VECTOR ( 'NONE', #1233, 39.37007874015748143 ) ;
#62 = DIRECTION ( 'NONE',  ( 3.184051530367203175E-16, -0.07845909572784612318, -0.9969173337331279638 ) ) ;
#63 = EDGE_CURVE ( 'NONE', #1476, #776, #1150, .T. ) ;
#64 = DIRECTION ( 'NONE',  ( 1.000000000000000000, 0.000000000000000000, 0.000000000000000000 ) ) ;
#65 = ORIENTED_EDGE ( 'NONE', *, *, #3320, .T. ) ;
#66 = ORIENTED_EDGE ( 'NONE', *, *, #3206, .F. ) ;
#67 = CARTESIAN_POINT ( 'NONE',  ( 0.05233219495995350412, -0.4391612730497276296, 0.5852881671030556454 ) ) ;
#68 = ORIENTED_EDGE ( 'NONE', *, *, #8221, .T. ) ;
#69 = LINE ( 'NONE', #4911, #7611 ) ;
#70 = CIRCLE ( 'NONE', #3437, 0.1476377952755905387 ) ;
#71 = ORIENTED_EDGE ( 'NONE', *, *, #3604, .T. ) ;
#72 = CARTESIAN_POINT ( 'NONE',  ( 0.08662038940439793777, -0.3997911943095688314, 0.4606299212587862679 ) ) ;
#73 = CARTESIAN_POINT ( 'NONE',  ( -0.001962287760956648447, -0.4106179659631121748, 0.7598425196839831974 ) ) ;
#74 = EDGE_CURVE ( 'NONE', #1368, #4668, #835, .T. ) ;
#75 = DIRECTION ( 'NONE',  ( -1.228015396737279800E-16, -1.287490079826536515E-18, 1.000000000000000000 ) ) ;
#76 = CIRCLE ( 'NONE', #7656, 0.1181102362204724671 ) ;
#77 = DIRECTION ( 'NONE',  ( -1.000000000000000000, -0.000000000000000000, -0.000000000000000000 ) ) ;
#78 = ORIENTED_EDGE ( 'NONE', *, *, #5000, .F. ) ;
#79 = CARTESIAN_POINT ( 'NONE',  ( -0.04071036909995436742, -0.2440531768772171706, 0.5623673599938532330 ) ) ;
#80 = EDGE_LOOP ( 'NONE', ( #4017, #4422, #5224, #7328 ) ) ;
#81 = CARTESIAN_POINT ( 'NONE',  ( 0.05035111456848101463, -0.4391612730497263528, 0.5852684807204737716 ) ) ;
#82 = DIRECTION ( 'NONE',  ( 1.716572833537972657E-33, -1.882801286680184389E-17, 1.000000000000000000 ) ) ;
#83 = CARTESIAN_POINT ( 'NONE',  ( -0.03964815091417198817, -0.2911047866543648999, 0.5882200838239303176 ) ) ;
#84 = DIRECTION ( 'NONE',  ( -1.411854421747038033E-17, -7.425991029036739954E-17, 1.000000000000000000 ) ) ;
#85 = CARTESIAN_POINT ( 'NONE',  ( 0.03574310331223381348, -0.4352242651757103897, 0.5876800594459612448 ) ) ;
#86 = EDGE_CURVE ( 'NONE', #445, #7662, #6299, .T. ) ;
#87 = CARTESIAN_POINT ( 'NONE',  ( 0.05812878418667848102, -0.2493667247323047287, 0.5981887848708125066 ) ) ;
#88 = VERTEX_POINT ( 'NONE', #8388 ) ;
#89 = EDGE_LOOP ( 'NONE', ( #4755, #1079 ) ) ;
#90 = FACE_OUTER_BOUND ( 'NONE', #7122, .T. ) ;
#91 = CARTESIAN_POINT ( 'NONE',  ( 0.001974720113059306396, -0.3840431628135057562, 0.4725006102157096599 ) ) ;
#92 = CYLINDRICAL_SURFACE ( 'NONE', #2312, 0.01574803149606289823 ) ;
#93 = DIRECTION ( 'NONE',  ( -9.637352644315594010E-17, 1.000000000000000000, 0.000000000000000000 ) ) ;
#94 = DIRECTION ( 'NONE',  ( 2.073428065869401201E-14, -0.9969173337331287410, 0.07845909572783678343 ) ) ;
#95 = EDGE_CURVE ( 'NONE', #5238, #1230, #7685, .T. ) ;
#96 = ORIENTED_EDGE ( 'NONE', *, *, #2888, .T. ) ;
#97 = CARTESIAN_POINT ( 'NONE',  ( 0.1347691113148997144, -0.3755432474011026756, 0.2674224254762989639 ) ) ;
#98 = CARTESIAN_POINT ( 'NONE',  ( -0.1259780357924523975, -0.2334526116324034117, 0.4960629921249273266 ) ) ;
#99 = ORIENTED_EDGE ( 'NONE', *, *, #644, .T. ) ;
#100 = CARTESIAN_POINT ( 'NONE',  ( 0.04337344410460704930, -0.2383475609151471108, 0.6378423092413979534 ) ) ;
#101 = CARTESIAN_POINT ( 'NONE',  ( -0.1712536263436331696, -0.2413266273804349216, 0.6141732283453998908 ) ) ;
#102 = DIRECTION ( 'NONE',  ( -2.168404344971008621E-16, 0.000000000000000000, -1.000000000000000000 ) ) ;
#103 = EDGE_CURVE ( 'NONE', #4965, #5636, #7130, .T. ) ;
#104 = CARTESIAN_POINT ( 'NONE',  ( 0.08465188546739013664, -0.5730195407662621587, 0.1909448818887074517 ) ) ;
#105 = PLANE ( 'NONE',  #2670 ) ;
#106 = ORIENTED_EDGE ( 'NONE', *, *, #1793, .F. ) ;
#107 = VERTEX_POINT ( 'NONE', #2452 ) ;
#108 = CARTESIAN_POINT ( 'NONE',  ( 0.05011933680159831594, -0.4391612730497264638, 0.5835708524705097711 ) ) ;
#109 = ORIENTED_EDGE ( 'NONE', *, *, #3724, .F. ) ;
#110 = CARTESIAN_POINT ( 'NONE',  ( 0.1340961382869252094, -0.3561736055032839188, 0.2633484184589864330 ) ) ;
#111 = CARTESIAN_POINT ( 'NONE',  ( -0.003930791697964271768, 0.1002088056904311825, 0.1909448818887074795 ) ) ;
#112 = VERTEX_POINT ( 'NONE', #5666 ) ;
#113 = CYLINDRICAL_SURFACE ( 'NONE', #8169, 0.04330708661417324162 ) ;
#114 = CARTESIAN_POINT ( 'NONE',  ( -0.07282842949323992121, -0.09270458013634053085, 0.2027559055107547303 ) ) ;
#115 = CARTESIAN_POINT ( 'NONE',  ( 0.08071487759337421519, -0.3909329265930334141, 0.4673228346446128278 ) ) ;
#116 = DIRECTION ( 'NONE',  ( 9.117121629785411522E-17, -1.000000000000000000, -1.882801286680184389E-17 ) ) ;
#117 = VERTEX_POINT ( 'NONE', #1795 ) ;
#118 = AXIS2_PLACEMENT_3D ( 'NONE', #431, #477, #4304 ) ;
#119 = DIRECTION ( 'NONE',  ( 8.673617379884037937E-17, -1.000000000000000000, -7.228014483236698281E-17 ) ) ;
#120 = VERTEX_POINT ( 'NONE', #6509 ) ;
#121 = ADVANCED_FACE ( 'NONE', ( #5143 ), #5843, .F. ) ;
#122 = CARTESIAN_POINT ( 'NONE',  ( 0.04874508092792295688, -0.4391612730497261863, 0.5877777765839103941 ) ) ;
#123 = EDGE_CURVE ( 'NONE', #6018, #1529, #675, .T. ) ;
#124 = PLANE ( 'NONE',  #3035 ) ;
#125 = CARTESIAN_POINT ( 'NONE',  ( 0.04134479885321665910, -0.5730195407662619367, 0.7598425196839831974 ) ) ;
#126 = CARTESIAN_POINT ( 'NONE',  ( -0.1436945712255233154, -0.2462478872229545701, 0.7283464566918570471 ) ) ;
#127 = AXIS2_PLACEMENT_3D ( 'NONE', #4689, #1337, #7280 ) ;
#128 = FILL_AREA_STYLE_COLOUR ( '', #4460 ) ;
#129 = CARTESIAN_POINT ( 'NONE',  ( -0.005899295634972235962, -0.3909329265930334141, 0.4594488188965814013 ) ) ;
#130 = EDGE_LOOP ( 'NONE', ( #1064, #4733, #4793, #6155, #7703, #2065, #4648, #3027 ) ) ;
#131 = EDGE_LOOP ( 'NONE', ( #6045, #4226, #7257, #291, #2202, #3515, #3571, #6620 ) ) ;
#132 = DIRECTION ( 'NONE',  ( 1.000000000000000000, -1.737850800384704371E-16, 3.330669073875469621E-16 ) ) ;
#133 = DIRECTION ( 'NONE',  ( 1.000000000000000000, 2.001604010742438504E-15, -1.455974579787979394E-44 ) ) ;
#134 = ADVANCED_FACE ( 'NONE', ( #8523 ), #2494, .T. ) ;
#135 = DIRECTION ( 'NONE',  ( 0.000000000000000000, 1.000000000000000000, 0.000000000000000000 ) ) ;
#136 = CARTESIAN_POINT ( 'NONE',  ( -0.1003874846113501362, -0.3909329265930334141, 0.3582677165343768344 ) ) ;
#137 = CARTESIAN_POINT ( 'NONE',  ( 0.2381951925540042869, -0.4391612730497262418, 0.1181102362194161731 ) ) ;
#138 = VECTOR ( 'NONE', #7256, 39.37007874015748143 ) ;
#139 = ORIENTED_EDGE ( 'NONE', *, *, #1370, .F. ) ;
#140 = CARTESIAN_POINT ( 'NONE',  ( -0.04461378437249405304, -0.2232961464224179904, 0.4358086583015156612 ) ) ;
#141 = PLANE ( 'NONE',  #6362 ) ;
#142 = DIRECTION ( 'NONE',  ( 0.2396740113195076072, 0.000000000000000000, 0.9708534226638007025 ) ) ;
#143 = EDGE_LOOP ( 'NONE', ( #3356, #22, #5348, #3104 ) ) ;
#144 = CARTESIAN_POINT ( 'NONE',  ( -0.04532383977197207425, -0.2341830437729538472, 0.4139375174677850655 ) ) ;
#145 = ADVANCED_FACE ( 'NONE', ( #5750 ), #1660, .T. ) ;
#146 = CARTESIAN_POINT ( 'NONE',  ( -0.05140654058049012876, -0.3561736055032836412, 0.2633484184589861554 ) ) ;
#147 = AXIS2_PLACEMENT_3D ( 'NONE', #6849, #7454, #4907 ) ;
#148 = DIRECTION ( 'NONE',  ( -1.000000000000000000, -0.000000000000000000, -0.000000000000000000 ) ) ;
#149 = DIRECTION ( 'NONE',  ( 1.000000000000000000, -1.737850800384704371E-16, 3.330669073875469621E-16 ) ) ;
#150 = VECTOR ( 'NONE', #5158, 39.37007874015748143 ) ;
#151 = DIRECTION ( 'NONE',  ( 1.411854421747038033E-17, 7.425991029036739954E-17, -1.000000000000000000 ) ) ;
#152 = AXIS2_PLACEMENT_3D ( 'NONE', #5584, #2909, #4970 ) ;
#153 = ORIENTED_EDGE ( 'NONE', *, *, #1055, .T. ) ;
#154 = VERTEX_POINT ( 'NONE', #3036 ) ;
#155 = DIRECTION ( 'NONE',  ( 0.000000000000000000, 0.000000000000000000, -1.000000000000000000 ) ) ;
#156 = ORIENTED_EDGE ( 'NONE', *, *, #7865, .F. ) ;
#157 = LINE ( 'NONE', #4780, #3818 ) ;
#158 = EDGE_CURVE ( 'NONE', #6707, #8518, #4347, .T. ) ;
#159 = ORIENTED_EDGE ( 'NONE', *, *, #6596, .F. ) ;
#160 = DIRECTION ( 'NONE',  ( 1.000000000000000000, -1.737850800384704371E-16, 3.330669073875469621E-16 ) ) ;
#161 = VECTOR ( 'NONE', #786, 39.37007874015748143 ) ;
#162 = VECTOR ( 'NONE', #4899, 39.37007874015748143 ) ;
#163 = DIRECTION ( 'NONE',  ( 1.000000000000000000, 0.000000000000000000, 0.000000000000000000 ) ) ;
#164 = CARTESIAN_POINT ( 'NONE',  ( -0.05140654058049012182, -0.3561653449186107934, 0.2632675982785001589 ) ) ;
#165 = CARTESIAN_POINT ( 'NONE',  ( 0.04281434172285814022, -0.4391612730497262418, 0.5539493110225657269 ) ) ;
#166 = ORIENTED_EDGE ( 'NONE', *, *, #7696, .T. ) ;
#167 = AXIS2_PLACEMENT_3D ( 'NONE', #6046, #4064, #5965 ) ;
#168 = AXIS2_PLACEMENT_3D ( 'NONE', #23, #682, #5755 ) ;
#169 = PRODUCT ( 'CUI_DEVICES_MJ-3536NG', 'CUI_DEVICES_MJ-3536NG', '', ( #4541 ) ) ;
#170 = DIRECTION ( 'NONE',  ( -1.716572833537972315E-33, 1.882801286680184389E-17, -1.000000000000000000 ) ) ;
#171 = ORIENTED_EDGE ( 'NONE', *, *, #801, .F. ) ;
#172 = CARTESIAN_POINT ( 'NONE',  ( 0.05210090439482664704, -0.2425511687252386583, 0.6346095213316240713 ) ) ;
#173 = DIRECTION ( 'NONE',  ( 0.000000000000000000, 0.000000000000000000, 1.000000000000000000 ) ) ;
#174 = CARTESIAN_POINT ( 'NONE',  ( -0.04203659933718875696, -0.2837194602320858849, 0.5122820847260257660 ) ) ;
#175 = VECTOR ( 'NONE', #1018, 39.37007874015748143 ) ;
#176 = AXIS2_PLACEMENT_3D ( 'NONE', #1332, #6613, #3969 ) ;
#177 = SURFACE_SIDE_STYLE ('',( #8303 ) ) ;
#178 = CARTESIAN_POINT ( 'NONE',  ( -0.1259780357924523975, -0.2334526116324034117, 0.4960629921249273266 ) ) ;
#179 = EDGE_CURVE ( 'NONE', #7333, #5939, #4086, .T. ) ;
#180 = ORIENTED_EDGE ( 'NONE', *, *, #8098, .F. ) ;
#181 = EDGE_LOOP ( 'NONE', ( #3389, #4964 ) ) ;
#182 = LINE ( 'NONE', #4133, #7059 ) ;
#183 = CARTESIAN_POINT ( 'NONE',  ( -0.1515685869735546865, -0.2177045801363404198, 0.6141732283453998908 ) ) ;
#184 = DIRECTION ( 'NONE',  ( 0.000000000000000000, 0.000000000000000000, 1.000000000000000000 ) ) ;
#185 = LINE ( 'NONE', #5507, #5927 ) ;
#186 = CARTESIAN_POINT ( 'NONE',  ( 0.1235319728321143534, -0.2436212273193350819, 0.5589097512051705019 ) ) ;
#187 = VECTOR ( 'NONE', #5352, 39.37007874015748143 ) ;
#188 = ADVANCED_FACE ( 'NONE', ( #3122 ), #1094, .F. ) ;
#189 = EDGE_LOOP ( 'NONE', ( #2807, #2222, #4083, #2256 ) ) ;
#190 = FACE_OUTER_BOUND ( 'NONE', #7164, .T. ) ;
#191 = CARTESIAN_POINT ( 'NONE',  ( -0.1712536263436331696, -0.5964447376166555070, 0.6574803149595729312 ) ) ;
#192 = LINE ( 'NONE', #4319, #7910 ) ;
#193 = VERTEX_POINT ( 'NONE', #5707 ) ;
#194 = CARTESIAN_POINT ( 'NONE',  ( 0.04134479885321676318, -0.2226258399788601239, 0.1909448818887074795 ) ) ;
#195 = AXIS2_PLACEMENT_3D ( 'NONE', #331, #7767, #7846 ) ;
#196 = DIRECTION ( 'NONE',  ( 1.000000000000000000, 0.000000000000000000, -1.224646799147353207E-16 ) ) ;
#197 = DIRECTION ( 'NONE',  ( -3.184051530367221417E-16, 0.07845909572784610930, 0.9969173337331278528 ) ) ;
#198 = CARTESIAN_POINT ( 'NONE',  ( 0.1555180271996734476, -0.3525470998213799945, 0.1909448818887074517 ) ) ;
#199 = EDGE_CURVE ( 'NONE', #3586, #2372, #5800, .T. ) ;
#200 = CARTESIAN_POINT ( 'NONE',  ( -0.07676543736725564837, -0.3997911943095688869, 0.1909448818887074795 ) ) ;
#201 = ORIENTED_EDGE ( 'NONE', *, *, #5721, .T. ) ;
#202 = DIRECTION ( 'NONE',  ( 1.000000000000000000, 0.000000000000000000, 0.000000000000000000 ) ) ;
#203 = ORIENTED_EDGE ( 'NONE', *, *, #7325, .T. ) ;
#204 = FACE_OUTER_BOUND ( 'NONE', #2333, .T. ) ;
#205 = ORIENTED_EDGE ( 'NONE', *, *, #2206, .F. ) ;
#206 = DIRECTION ( 'NONE',  ( 1.000000000000000000, 0.000000000000000000, 0.000000000000000000 ) ) ;
#207 = VECTOR ( 'NONE', #6440, 39.37007874015748143 ) ;
#208 = CARTESIAN_POINT ( 'NONE',  ( 0.1232733667424820156, -0.2440207090068328699, 0.5657581280897878706 ) ) ;
#209 = CARTESIAN_POINT ( 'NONE',  ( -0.05297681097909733017, -0.3909329265930333031, 0.2887019751259460865 ) ) ;
#210 = EDGE_CURVE ( 'NONE', #3246, #6506, #5053, .T. ) ;
#211 = CYLINDRICAL_SURFACE ( 'NONE', #3645, 0.007874015748031449116 ) ;
#212 = ORIENTED_EDGE ( 'NONE', *, *, #2663, .F. ) ;
#213 = VECTOR ( 'NONE', #5420, 39.37007874015748143 ) ;
#214 = CARTESIAN_POINT ( 'NONE',  ( 0.04134479885321683257, -0.2226258399788601239, 0.2086614173217784252 ) ) ;
#215 = ORIENTED_EDGE ( 'NONE', *, *, #7494, .T. ) ;
#216 = DIRECTION ( 'NONE',  ( -4.336808689941915973E-15, -1.000000000000000000, 0.000000000000000000 ) ) ;
#217 = DIRECTION ( 'NONE',  ( 0.000000000000000000, 1.000000000000000000, 0.000000000000000000 ) ) ;
#218 = CARTESIAN_POINT ( 'NONE',  ( 0.1555180271996734476, -0.1005785958843719852, 0.1909448818887074795 ) ) ;
#219 = DIRECTION ( 'NONE',  ( 9.117121629785412755E-17, -1.000000000000000000, -1.882801286680184389E-17 ) ) ;
#220 = VECTOR ( 'NONE', #1310, 39.37007874015748143 ) ;
#221 = CARTESIAN_POINT ( 'NONE',  ( 0.03497831315628321946, -0.4352242651757103897, 0.5867052641206457197 ) ) ;
#222 = EDGE_CURVE ( 'NONE', #6230, #5839, #4395, .T. ) ;
#223 = CARTESIAN_POINT ( 'NONE',  ( 0.2381951925540042869, -0.2167203281678364568, 0.1181102362194161454 ) ) ;
#224 = ORIENTED_EDGE ( 'NONE', *, *, #7959, .T. ) ;
#225 = CARTESIAN_POINT ( 'NONE',  ( 0.03777346792583276963, -0.4391612730497262418, 0.5894575678029682075 ) ) ;
#226 = AXIS2_PLACEMENT_3D ( 'NONE', #6442, #7233, #8622 ) ;
#227 = LINE ( 'NONE', #6300, #8021 ) ;
#228 = LINE ( 'NONE', #1591, #7513 ) ;
#229 = LINE ( 'NONE', #4895, #2850 ) ;
#230 = DIRECTION ( 'NONE',  ( 1.476156455654219661E-15, 0.8038568606172165065, -0.5948227867513424805 ) ) ;
#231 = ORIENTED_EDGE ( 'NONE', *, *, #8240, .F. ) ;
#232 = DIRECTION ( 'NONE',  ( 0.000000000000000000, 0.000000000000000000, -1.000000000000000000 ) ) ;
#233 = ORIENTED_EDGE ( 'NONE', *, *, #3363, .T. ) ;
#234 = DIRECTION ( 'NONE',  ( -3.330669073875469621E-16, 1.448216729911415878E-17, 1.000000000000000000 ) ) ;
#235 = CARTESIAN_POINT ( 'NONE',  ( 0.04735112814018097721, -0.4391612730497262418, 0.5878171478554616858 ) ) ;
#236 = EDGE_CURVE ( 'NONE', #5064, #2884, #967, .T. ) ;
#237 = PLANE ( 'NONE',  #1911 ) ;
#238 = ADVANCED_FACE ( 'NONE', ( #7777 ), #1754, .T. ) ;
#239 = CARTESIAN_POINT ( 'NONE',  ( -0.07676543736725569000, -0.3997911943095688314, 0.3562992125973689084 ) ) ;
#240 = FACE_OUTER_BOUND ( 'NONE', #4573, .T. ) ;
#241 = ORIENTED_EDGE ( 'NONE', *, *, #6737, .F. ) ;
#242 = VERTEX_POINT ( 'NONE', #6715 ) ;
#243 = DIRECTION ( 'NONE',  ( -0.000000000000000000, -0.000000000000000000, -1.000000000000000000 ) ) ;
#244 = EDGE_CURVE ( 'NONE', #4868, #2633, #7860, .T. ) ;
#245 = DIRECTION ( 'NONE',  ( 0.000000000000000000, 1.000000000000000000, 0.000000000000000000 ) ) ;
#246 = CARTESIAN_POINT ( 'NONE',  ( -0.1555055948475702610, -0.5728226903725609498, 0.7007874015737466378 ) ) ;
#247 = VERTEX_POINT ( 'NONE', #8644 ) ;
#248 = ORIENTED_EDGE ( 'NONE', *, *, #6775, .T. ) ;
#249 = ORIENTED_EDGE ( 'NONE', *, *, #5646, .T. ) ;
#250 = LINE ( 'NONE', #4256, #5505 ) ;
#251 = EDGE_CURVE ( 'NONE', #6977, #3178, #7160, .T. ) ;
#252 = CARTESIAN_POINT ( 'NONE',  ( 0.1358907330281905190, -0.3988069423410648962, 0.2952755905501242006 ) ) ;
#253 = DIRECTION ( 'NONE',  ( 1.000000000000000000, 0.000000000000000000, 0.000000000000000000 ) ) ;
#254 = FACE_OUTER_BOUND ( 'NONE', #2286, .T. ) ;
#255 = ORIENTED_EDGE ( 'NONE', *, *, #8562, .T. ) ;
#256 = CARTESIAN_POINT ( 'NONE',  ( -0.07522801726866942817, -0.2255785958843719574, 0.6429529739751544959 ) ) ;
#257 = VERTEX_POINT ( 'NONE', #3244 ) ;
#258 = CARTESIAN_POINT ( 'NONE',  ( 0.02916658968993787737, -0.4391612730497760908, 0.5877156692922040904 ) ) ;
#259 = FACE_OUTER_BOUND ( 'NONE', #6873, .T. ) ;
#260 = ADVANCED_FACE ( 'NONE', ( #8605 ), #2581, .F. ) ;
#261 = CARTESIAN_POINT ( 'NONE',  ( 0.04134479885321683257, -0.2226258399788601239, 0.02362204724382238955 ) ) ;
#262 = FACE_BOUND ( 'NONE', #7057, .T. ) ;
#263 = AXIS2_PLACEMENT_3D ( 'NONE', #5699, #5790, #7810 ) ;
#264 = LENGTH_MEASURE_WITH_UNIT ( LENGTH_MEASURE( 0.02539999999999999897 ), #2919 );
#265 = ORIENTED_EDGE ( 'NONE', *, *, #3747, .F. ) ;
#266 = ORIENTED_EDGE ( 'NONE', *, *, #5413, .T. ) ;
#267 = AXIS2_PLACEMENT_3D ( 'NONE', #4444, #2411, #3124 ) ;
#268 =( CONVERSION_BASED_UNIT ( 'INCH', #3006 ) LENGTH_UNIT ( ) NAMED_UNIT ( #7847 ) );
#269 = ORIENTED_EDGE ( 'NONE', *, *, #529, .F. ) ;
#270 = LINE ( 'NONE', #8407, #5929 ) ;
#271 = DIRECTION ( 'NONE',  ( 7.047314121155729912E-15, 1.000000000000000000, 0.000000000000000000 ) ) ;
#272 = EDGE_CURVE ( 'NONE', #7421, #3287, #6551, .T. ) ;
#273 = CARTESIAN_POINT ( 'NONE',  ( 0.03989234369136207548, -0.4352242651757104452, 0.5489938757644728939 ) ) ;
#274 = VECTOR ( 'NONE', #6098, 39.37007874015748854 ) ;
#275 = DIRECTION ( 'NONE',  ( 0.2314036809250866467, 8.916563311654773904E-13, -0.9728578192389268908 ) ) ;
#276 = DIRECTION ( 'NONE',  ( 1.000000000000000000, 0.000000000000000000, 0.000000000000000000 ) ) ;
#277 = EDGE_CURVE ( 'NONE', #312, #4154, #3984, .T. ) ;
#278 = ORIENTED_EDGE ( 'NONE', *, *, #63, .T. ) ;
#279 = CARTESIAN_POINT ( 'NONE',  ( -0.09645047673733454785, -0.2167203281678365123, 0.1181102362194161731 ) ) ;
#280 = CIRCLE ( 'NONE', #7869, 0.09448818897637792369 ) ;
#281 = ORIENTED_EDGE ( 'NONE', *, *, #4766, .T. ) ;
#282 = DIRECTION ( 'NONE',  ( 0.000000000000000000, -1.000000000000000000, 0.000000000000000000 ) ) ;
#283 = CARTESIAN_POINT ( 'NONE',  ( 0.2381951925540042314, -0.2344368636009073192, 0.7283464566918570471 ) ) ;
#284 = DIRECTION ( 'NONE',  ( -3.330669073875469621E-16, 3.511521488730096119E-17, 1.000000000000000000 ) ) ;
#285 = VECTOR ( 'NONE', #2563, 39.37007874015748143 ) ;
#286 = B_SPLINE_CURVE_WITH_KNOTS ( 'NONE', 3,
 ( #3995, #5163, #1778, #745, #87, #4669, #8090, #6779, #6065, #3296, #4712, #1816, #2064, #4509, #3953 ),
 .UNSPECIFIED., .F., .F.,
 ( 4, 2, 2, 2, 1, 2, 2, 4 ),
 ( 0.000000000000000000, 0.06250000000000364986, 0.1250000000000072997, 0.2500000000000113243, 0.3125000000000121569, 0.3437500000000125455, 0.3750000000000128786, 0.5000000016227740263 ),
 .UNSPECIFIED. ) ;
#287 = LINE ( 'NONE', #5090, #827 ) ;
#288 = CARTESIAN_POINT ( 'NONE',  ( -0.06692291768221619863, -0.2226258399788601239, 0.03937007873910121358 ) ) ;
#289 = EDGE_CURVE ( 'NONE', #877, #918, #5881, .T. ) ;
#290 = ORIENTED_EDGE ( 'NONE', *, *, #2120, .T. ) ;
#291 = ORIENTED_EDGE ( 'NONE', *, *, #3318, .F. ) ;
#292 = AXIS2_PLACEMENT_3D ( 'NONE', #4490, #3945, #7178 ) ;
#293 = CARTESIAN_POINT ( 'NONE',  ( 0.04134479885321703380, -0.2414063440316069620, 0.5989767847201039608 ) ) ;
#294 = VERTEX_POINT ( 'NONE', #688 ) ;
#295 = STYLED_ITEM ( 'NONE', ( #7670 ), #2927 ) ;
#296 = CARTESIAN_POINT ( 'NONE',  ( 0.04134479885321683257, -0.2226258399788601239, 0.2027559055107547858 ) ) ;
#297 = CARTESIAN_POINT ( 'NONE',  ( 0.04134479885321683951, -0.2226258399788601239, 0.1181102362194161731 ) ) ;
#298 = DIRECTION ( 'NONE',  ( 1.000000000000000000, 0.000000000000000000, 0.000000000000000000 ) ) ;
#299 = CARTESIAN_POINT ( 'NONE',  ( 0.05233219495995350412, -0.4391612730497262418, 0.5852881671030556454 ) ) ;
#300 = AXIS2_PLACEMENT_3D ( 'NONE', #6626, #8429, #6547 ) ;
#301 = DIRECTION ( 'NONE',  ( -1.000000000000000000, 1.737850800384704371E-16, -3.330669073875469621E-16 ) ) ;
#302 = AXIS2_PLACEMENT_3D ( 'NONE', #8328, #3018, #5693 ) ;
#303 = EDGE_CURVE ( 'NONE', #7313, #2658, #1257, .T. ) ;
#304 = ORIENTED_EDGE ( 'NONE', *, *, #244, .F. ) ;
#305 = DIRECTION ( 'NONE',  ( 0.000000000000000000, 0.000000000000000000, -1.000000000000000000 ) ) ;
#306 = CARTESIAN_POINT ( 'NONE',  ( 0.1275660046431863759, -0.2309855564327504274, 0.4272560107508047711 ) ) ;
#307 = VECTOR ( 'NONE', #7136, 39.37007874015748143 ) ;
#308 = LINE ( 'NONE', #8354, #5411 ) ;
#309 = DIRECTION ( 'NONE',  ( 7.116885096745303141E-15, 0.9969173337331279638, -0.07845909572784587338 ) ) ;
#310 = AXIS2_PLACEMENT_3D ( 'NONE', #7101, #8363, #2336 ) ;
#311 = DIRECTION ( 'NONE',  ( 0.000000000000000000, 0.000000000000000000, -1.000000000000000000 ) ) ;
#312 = VERTEX_POINT ( 'NONE', #3326 ) ;
#313 = ADVANCED_FACE ( 'NONE', ( #5270 ), #3285, .F. ) ;
#314 = ORIENTED_EDGE ( 'NONE', *, *, #3793, .F. ) ;
#315 = EDGE_LOOP ( 'NONE', ( #2146, #386, #7931, #4597 ) ) ;
#316 = ORIENTED_EDGE ( 'NONE', *, *, #2263, .F. ) ;
#317 = DIRECTION ( 'NONE',  ( 1.000000000000000000, -1.224646799147353207E-16, -2.950588267028844753E-32 ) ) ;
#318 = CARTESIAN_POINT ( 'NONE',  ( -0.08857646098930285761, -0.3909329265930334141, 0.3582677165343765568 ) ) ;
#319 = ORIENTED_EDGE ( 'NONE', *, *, #8324, .F. ) ;
#320 = LINE ( 'NONE', #4364, #2139 ) ;
#321 = DIRECTION ( 'NONE',  ( -4.336808689941884419E-15, -1.000000000000000000, 0.000000000000000000 ) ) ;
#322 = CARTESIAN_POINT ( 'NONE',  ( 0.1378014917666027794, -0.2518058278115931636, 0.5671970417727444369 ) ) ;
#323 = AXIS2_PLACEMENT_3D ( 'NONE', #2406, #1882, #8431 ) ;
#324 = CARTESIAN_POINT ( 'NONE',  ( -0.1712536263436331696, -0.5728226903725609498, 0.7007874015737466378 ) ) ;
#325 = DIRECTION ( 'NONE',  ( 1.000000000000000000, 0.000000000000000000, 0.000000000000000000 ) ) ;
#326 = EDGE_LOOP ( 'NONE', ( #359, #3200, #730, #828 ) ) ;
#327 = LINE ( 'NONE', #2266, #5079 ) ;
#328 = CIRCLE ( 'NONE', #7084, 0.1476377952755905387 ) ;
#329 = ORIENTED_EDGE ( 'NONE', *, *, #4474, .F. ) ;
#330 = CARTESIAN_POINT ( 'NONE',  ( 0.1247261970436232825, -0.1283988930608730705, 0.5382738336804637758 ) ) ;
#331 = CARTESIAN_POINT ( 'NONE',  ( 0.001974720113059246548, -0.3909329265930334141, 0.4673228346446128278 ) ) ;
#332 = ADVANCED_FACE ( 'NONE', ( #2539 ), #4576, .T. ) ;
#333 = VECTOR ( 'NONE', #4291, 39.37007874015748143 ) ;
#334 = DIRECTION ( 'NONE',  ( -1.214935211638694153E-16, -5.314345735919411307E-18, 1.000000000000000000 ) ) ;
#335 = PLANE ( 'NONE',  #5620 ) ;
#336 = ORIENTED_EDGE ( 'NONE', *, *, #5604, .F. ) ;
#337 = VERTEX_POINT ( 'NONE', #1305 ) ;
#338 = VERTEX_POINT ( 'NONE', #3901 ) ;
#339 = VECTOR ( 'NONE', #1029, 39.37007874015748143 ) ;
#340 = DIRECTION ( 'NONE',  ( -1.927470528863116583E-15, -1.000000000000000000, 0.000000000000000000 ) ) ;
#341 = ORIENTED_EDGE ( 'NONE', *, *, #7494, .F. ) ;
#342 = CARTESIAN_POINT ( 'NONE',  ( 0.1277508149138468219, -0.2311701621704498888, 0.4216765303686996202 ) ) ;
#343 = DIRECTION ( 'NONE',  ( 1.228015396737279800E-16, 1.287490079826536515E-18, -1.000000000000000000 ) ) ;
#344 = EDGE_CURVE ( 'NONE', #7828, #1574, #823, .T. ) ;
#345 = CARTESIAN_POINT ( 'NONE',  ( -0.06271526948285748027, -0.2255785958843718464, 0.6751942102470193108 ) ) ;
#346 = EDGE_CURVE ( 'NONE', #7903, #8598, #30, .T. ) ;
#347 = B_SPLINE_CURVE_WITH_KNOTS ( 'NONE', 3,
 ( #4447, #1098, #6469, #3128, #5805, #8485, #2458, #4839, #7385, #6865 ),
 .UNSPECIFIED., .F., .F.,
 ( 4, 2, 2, 2, 4 ),
 ( 0.000000000000000000, 0.2500000000000000000, 0.5000000000000000000, 0.7500000000000000000, 1.000000000000000000 ),
 .UNSPECIFIED. ) ;
#348 = CARTESIAN_POINT ( 'NONE',  ( 0.03660201195190170009, -0.3751848950969702834, 0.3873040079914248368 ) ) ;
#349 = CIRCLE ( 'NONE', #4993, 0.1240157480314960647 ) ;
#350 = LINE ( 'NONE', #2321, #5326 ) ;
#351 = ORIENTED_EDGE ( 'NONE', *, *, #8088, .F. ) ;
#352 = LINE ( 'NONE', #1712, #8033 ) ;
#353 = CARTESIAN_POINT ( 'NONE',  ( 0.04735112814018097721, -0.4391612730497262418, 0.5878171478554616858 ) ) ;
#354 = AXIS2_PLACEMENT_3D ( 'NONE', #4137, #2070, #6833 ) ;
#355 = PLANE ( 'NONE',  #625 ) ;
#356 = CARTESIAN_POINT ( 'NONE',  ( 0.07087235790833486260, -0.4352242651757104452, 0.5393700787391012552 ) ) ;
#357 = CARTESIAN_POINT ( 'NONE',  ( 0.1830770823177829409, 0.9967001563825589328, 2.061801675486070629 ) ) ;
#358 = EDGE_CURVE ( 'NONE', #7662, #8246, #7419, .T. ) ;
#359 = ORIENTED_EDGE ( 'NONE', *, *, #8532, .T. ) ;
#360 = ORIENTED_EDGE ( 'NONE', *, *, #6839, .T. ) ;
#361 = VECTOR ( 'NONE', #6915, 39.37007874015748143 ) ;
#362 = VERTEX_POINT ( 'NONE', #4118 ) ;
#363 = EDGE_LOOP ( 'NONE', ( #3794, #1950, #4556, #4387 ) ) ;
#364 = DIRECTION ( 'NONE',  ( -1.000000000000000000, 0.000000000000000000, 0.000000000000000000 ) ) ;
#365 = DIRECTION ( 'NONE',  ( -9.117121629785412755E-17, 1.000000000000000000, 1.882801286680184389E-17 ) ) ;
#366 = ORIENTED_EDGE ( 'NONE', *, *, #5789, .F. ) ;
#367 = FACE_OUTER_BOUND ( 'NONE', #6853, .T. ) ;
#368 = PLANE ( 'NONE',  #7508 ) ;
#369 = DIRECTION ( 'NONE',  ( 1.411854421747038033E-17, 7.425991029036739954E-17, -1.000000000000000000 ) ) ;
#370 = CARTESIAN_POINT ( 'NONE',  ( 0.04134479885321683257, -0.2226258399788601239, 0.1181102362194161731 ) ) ;
#371 = EDGE_CURVE ( 'NONE', #6494, #1773, #4203, .T. ) ;
#372 = AXIS2_PLACEMENT_3D ( 'NONE', #370, #2928, #2381 ) ;
#373 = CARTESIAN_POINT ( 'NONE',  ( 0.04134479885321683257, -0.2226258399788601239, 0.2322834645658728991 ) ) ;
#374 = DIRECTION ( 'NONE',  ( -1.000000000000000000, -9.117121629785411522E-17, 9.282927046011350088E-49 ) ) ;
#375 = ORIENTED_EDGE ( 'NONE', *, *, #7668, .F. ) ;
#376 = CARTESIAN_POINT ( 'NONE',  ( 0.001974720113059212287, -0.3909329265930334141, 0.5696850393690224834 ) ) ;
#377 = ORIENTED_EDGE ( 'NONE', *, *, #3820, .F. ) ;
#378 = CARTESIAN_POINT ( 'NONE',  ( 0.08071487759337428458, -0.3849835565097157741, 0.4801395275396884710 ) ) ;
#379 = ADVANCED_FACE ( 'NONE', ( #3499 ), #5442, .T. ) ;
#380 = EDGE_CURVE ( 'NONE', #6329, #1690, #5596, .T. ) ;
#381 = DIRECTION ( 'NONE',  ( 1.000000000000000000, -1.737850800384704371E-16, 3.330669073875469621E-16 ) ) ;
#382 = PLANE ( 'NONE',  #5884 ) ;
#383 = DIRECTION ( 'NONE',  ( 0.000000000000000000, 0.000000000000000000, -1.000000000000000000 ) ) ;
#384 = ORIENTED_EDGE ( 'NONE', *, *, #2283, .T. ) ;
#385 = ORIENTED_EDGE ( 'NONE', *, *, #5332, .F. ) ;
#386 = ORIENTED_EDGE ( 'NONE', *, *, #3665, .T. ) ;
#387 = CARTESIAN_POINT ( 'NONE',  ( 0.04134479885321683257, -0.2226258399788601239, -1.056269026750287463E-12 ) ) ;
#388 = PRESENTATION_STYLE_ASSIGNMENT (( #7086 ) ) ;
#389 = CARTESIAN_POINT ( 'NONE',  ( 0.04134479885321685338, -0.2226258399788601239, -1.056269026750287463E-12 ) ) ;
#390 = DIRECTION ( 'NONE',  ( -9.117121629785411522E-17, 1.000000000000000000, 1.882801286680184389E-17 ) ) ;
#391 = ORIENTED_EDGE ( 'NONE', *, *, #5962, .T. ) ;
#392 = EDGE_CURVE ( 'NONE', #4154, #1878, #8545, .T. ) ;
#393 = EDGE_CURVE ( 'NONE', #5636, #5857, #4067, .T. ) ;
#394 = PLANE ( 'NONE',  #168 ) ;
#395 = CARTESIAN_POINT ( 'NONE',  ( -0.001962287760956785056, -1.445962891180035736, 0.7283464566918576022 ) ) ;
#396 = CARTESIAN_POINT ( 'NONE',  ( 0.1830770823177812756, -0.2436212273193350819, 0.5589097512051699468 ) ) ;
#397 = DIRECTION ( 'NONE',  ( -1.000000000000000000, -0.000000000000000000, -0.000000000000000000 ) ) ;
#398 = ORIENTED_EDGE ( 'NONE', *, *, #3962, .F. ) ;
#399 = ORIENTED_EDGE ( 'NONE', *, *, #2663, .T. ) ;
#400 = ORIENTED_EDGE ( 'NONE', *, *, #7187, .F. ) ;
#401 = ORIENTED_EDGE ( 'NONE', *, *, #3342, .F. ) ;
#402 = EDGE_CURVE ( 'NONE', #5863, #5763, #5878, .T. ) ;
#403 = DIRECTION ( 'NONE',  ( -9.117121629785412755E-17, 1.000000000000000000, 1.882801286680184389E-17 ) ) ;
#404 = AXIS2_PLACEMENT_3D ( 'NONE', #5968, #5926, #5229 ) ;
#405 = DIRECTION ( 'NONE',  ( 0.000000000000000000, 0.000000000000000000, 1.000000000000000000 ) ) ;
#406 = ORIENTED_EDGE ( 'NONE', *, *, #6152, .F. ) ;
#407 = CARTESIAN_POINT ( 'NONE',  ( 0.2342581846799887679, -0.2177045801363403921, 0.7283464566918566030 ) ) ;
#408 = LINE ( 'NONE', #6526, #4705 ) ;
#409 = DIRECTION ( 'NONE',  ( -0.000000000000000000, -0.000000000000000000, -1.000000000000000000 ) ) ;
#410 = DIRECTION ( 'NONE',  ( 1.000000000000000000, 9.117121629785412755E-17, -9.282927046011350088E-49 ) ) ;
#411 = CARTESIAN_POINT ( 'NONE',  ( 0.03770511709468666456, -0.4391612730497263528, 0.5746937882754090676 ) ) ;
#412 = CARTESIAN_POINT ( 'NONE',  ( -0.1712536263436331696, -0.5728226903725609498, 0.6574803149595729312 ) ) ;
#413 = ADVANCED_FACE ( 'NONE', ( #3457 ), #2804, .T. ) ;
#414 = VERTEX_POINT ( 'NONE', #2854 ) ;
#415 = CARTESIAN_POINT ( 'NONE',  ( 0.07087235790833486260, -0.4352242651757104452, 0.5984251968493373708 ) ) ;
#416 = VERTEX_POINT ( 'NONE', #733 ) ;
#417 = DIRECTION ( 'NONE',  ( -5.593389691446115174E-16, 0.07845909572784609542, 0.9969173337331278528 ) ) ;
#418 = AXIS2_PLACEMENT_3D ( 'NONE', #8692, #8653, #7838 ) ;
#419 = DIRECTION ( 'NONE',  ( 1.411854421747038033E-17, 7.425991029036739954E-17, -1.000000000000000000 ) ) ;
#420 = LINE ( 'NONE', #3109, #2297 ) ;
#421 = DIRECTION ( 'NONE',  ( 1.411854421747038033E-17, 7.425991029036739954E-17, -1.000000000000000000 ) ) ;
#422 = DIRECTION ( 'NONE',  ( -0.000000000000000000, -0.000000000000000000, -1.000000000000000000 ) ) ;
#423 = AXIS2_PLACEMENT_3D ( 'NONE', #6676, #1258, #5272 ) ;
#424 = EDGE_LOOP ( 'NONE', ( #6828, #5397, #7097, #928 ) ) ;
#425 = EDGE_CURVE ( 'NONE', #6393, #513, #8165, .T. ) ;
#426 = EDGE_LOOP ( 'NONE', ( #4998, #7444, #3419, #5875 ) ) ;
#427 = ORIENTED_EDGE ( 'NONE', *, *, #3012, .F. ) ;
#428 = DIRECTION ( 'NONE',  ( 1.737850800384706343E-16, 1.000000000000000000, -6.231570711506253061E-16 ) ) ;
#429 = AXIS2_PLACEMENT_3D ( 'NONE', #3538, #7541, #723 ) ;
#430 = CARTESIAN_POINT ( 'NONE',  ( -0.04723787831213737548, -0.2255785958843718741, 0.6586032327353774640 ) ) ;
#431 = CARTESIAN_POINT ( 'NONE',  ( 0.1555180271996734476, -0.09270458013634053085, 0.1909448818887074795 ) ) ;
#432 = CARTESIAN_POINT ( 'NONE',  ( -0.06495441374520818933, -0.2334526116324034117, 0.6574803149595729312 ) ) ;
#433 = ORIENTED_EDGE ( 'NONE', *, *, #3397, .T. ) ;
#434 = EDGE_CURVE ( 'NONE', #1420, #7548, #3874, .T. ) ;
#435 = VECTOR ( 'NONE', #5166, 39.37007874015748143 ) ;
#436 = CARTESIAN_POINT ( 'NONE',  ( 0.1347691113148997144, -0.3795698433511514036, 0.2604591342078429461 ) ) ;
#437 = FACE_OUTER_BOUND ( 'NONE', #2624, .T. ) ;
#438 = DIRECTION ( 'NONE',  ( 1.000000000000000000, -1.737850800384704371E-16, 3.330669073875469621E-16 ) ) ;
#439 = CARTESIAN_POINT ( 'NONE',  ( 0.03529795481832585097, -0.2307765545472891811, 0.6336828390986174453 ) ) ;
#440 = VECTOR ( 'NONE', #5419, 39.37007874015748143 ) ;
#441 = CIRCLE ( 'NONE', #2834, 0.007874015748031551465 ) ;
#442 = ADVANCED_FACE ( 'NONE', ( #4786 ), #5181, .T. ) ;
#443 = VERTEX_POINT ( 'NONE', #3591 ) ;
#444 = ADVANCED_FACE ( 'NONE', ( #824 ), #4878, .T. ) ;
#445 = VERTEX_POINT ( 'NONE', #7593 ) ;
#446 = ORIENTED_EDGE ( 'NONE', *, *, #8068, .T. ) ;
#447 = ORIENTED_EDGE ( 'NONE', *, *, #2220, .T. ) ;
#448 = VECTOR ( 'NONE', #7640, 39.37007874015748143 ) ;
#449 = CIRCLE ( 'NONE', #1985, 0.1082677165354330312 ) ;
#450 = LINE ( 'NONE', #3740, #3148 ) ;
#451 = ORIENTED_EDGE ( 'NONE', *, *, #2436, .T. ) ;
#452 = CARTESIAN_POINT ( 'NONE',  ( 0.05237393860806556500, -0.4391612730497261863, 0.5855036343567547874 ) ) ;
#453 = DIRECTION ( 'NONE',  ( 1.000000000000000000, -4.510573100380431801E-15, 3.330669073875498711E-16 ) ) ;
#454 = DIRECTION ( 'NONE',  ( 1.000000000000000000, 0.000000000000000000, 0.000000000000000000 ) ) ;
#455 = DIRECTION ( 'NONE',  ( 3.571819064995270777E-16, 0.1650476058606699659, -0.9862856015372327700 ) ) ;
#456 = EDGE_CURVE ( 'NONE', #7523, #968, #8254, .T. ) ;
#457 = B_SPLINE_CURVE_WITH_KNOTS ( 'NONE', 3,
 ( #3554, #3074, #5704, #878 ),
 .UNSPECIFIED., .F., .F.,
 ( 4, 4 ),
 ( 0.000000000000000000, 1.000000000000000000 ),
 .UNSPECIFIED. ) ;
#458 = DIRECTION ( 'NONE',  ( 1.000000000000000000, 9.117121629785412755E-17, -9.282927046011350088E-49 ) ) ;
#459 = DIRECTION ( 'NONE',  ( 1.000000000000000000, 9.117121629785411522E-17, -9.282927046011350088E-49 ) ) ;
#460 = ORIENTED_EDGE ( 'NONE', *, *, #2176, .F. ) ;
#461 = LINE ( 'NONE', #2480, #7742 ) ;
#462 = ORIENTED_EDGE ( 'NONE', *, *, #992, .F. ) ;
#463 = CARTESIAN_POINT ( 'NONE',  ( -0.1102300042963895166, -0.2177045801363403921, 0.4976528653221189979 ) ) ;
#464 = CARTESIAN_POINT ( 'NONE',  ( -0.04487567358772805853, -0.2226258399788601239, 0.2027559055107547858 ) ) ;
#465 = EDGE_CURVE ( 'NONE', #5845, #3863, #5039, .T. ) ;
#466 = LINE ( 'NONE', #510, #3776 ) ;
#467 = AXIS2_PLACEMENT_3D ( 'NONE', #4065, #3411, #6673 ) ;
#468 = DIRECTION ( 'NONE',  ( -1.000000000000000000, -0.000000000000000000, -0.000000000000000000 ) ) ;
#469 = ORIENTED_EDGE ( 'NONE', *, *, #5634, .F. ) ;
#470 = VERTEX_POINT ( 'NONE', #6764 ) ;
#471 = EDGE_LOOP ( 'NONE', ( #3634, #1640, #5082, #7743, #6247, #1441, #6121, #8203 ) ) ;
#472 = DIRECTION ( 'NONE',  ( 1.000000000000000000, 0.000000000000000000, 0.000000000000000000 ) ) ;
#473 = ORIENTED_EDGE ( 'NONE', *, *, #7774, .F. ) ;
#474 = CARTESIAN_POINT ( 'NONE',  ( -0.09054496492631027016, -0.2177045801363403921, 0.6574803149595732643 ) ) ;
#475 = VECTOR ( 'NONE', #5856, 39.37007874015748143 ) ;
#476 = EDGE_CURVE ( 'NONE', #3964, #3047, #5041, .T. ) ;
#477 = DIRECTION ( 'NONE',  ( -1.000000000000000000, -1.110223024625156294E-16, -1.411854421747038957E-17 ) ) ;
#478 = FACE_OUTER_BOUND ( 'NONE', #6472, .T. ) ;
#479 = EDGE_LOOP ( 'NONE', ( #4458, #1671, #988, #1192 ) ) ;
#480 = CIRCLE ( 'NONE', #3425, 0.007874015748031466463 ) ;
#481 = CARTESIAN_POINT ( 'NONE',  ( 0.03523594331953355807, -0.4391612730497262418, 0.5850403953401510648 ) ) ;
#482 = DIRECTION ( 'NONE',  ( 1.737850800384706343E-16, 1.000000000000000000, -6.231570711506253061E-16 ) ) ;
#483 = DIRECTION ( 'NONE',  ( 1.000000000000000000, -1.737850800384704371E-16, 3.330669073875469621E-16 ) ) ;
#484 = DIRECTION ( 'NONE',  ( 1.000000000000000000, -1.737850800384704371E-16, 3.330669073875469621E-16 ) ) ;
#485 = EDGE_CURVE ( 'NONE', #7283, #8156, #4475, .T. ) ;
#486 = VECTOR ( 'NONE', #751, 39.37007874015748143 ) ;
#487 = VERTEX_POINT ( 'NONE', #6454 ) ;
#488 = ORIENTED_EDGE ( 'NONE', *, *, #3072, .T. ) ;
#489 = ORIENTED_EDGE ( 'NONE', *, *, #2857, .T. ) ;
#490 = EDGE_LOOP ( 'NONE', ( #7909, #7080, #1857, #1907 ) ) ;
#491 = VECTOR ( 'NONE', #5629, 39.37007874015748854 ) ;
#492 = CARTESIAN_POINT ( 'NONE',  ( 0.001974720113059306396, -0.4155392258056317956, 0.4725006102157096599 ) ) ;
#493 = ORIENTED_EDGE ( 'NONE', *, *, #2221, .T. ) ;
#494 = FACE_OUTER_BOUND ( 'NONE', #583, .T. ) ;
#495 = CARTESIAN_POINT ( 'NONE',  ( -0.04577127260719273533, -0.2412089842648444671, 0.4021010692366924211 ) ) ;
#496 = CARTESIAN_POINT ( 'NONE',  ( 0.03063025143567104161, -0.4352242651757101677, 0.5866810932698544034 ) ) ;
#497 = B_SPLINE_CURVE_WITH_KNOTS ( 'NONE', 3,
 ( #2361, #5055, #3817, #2496, #6424, #4535, #7216, #4485, #1095, #5144, #1183, #7778, #5751, #2992, #3685, #6465, #7731, #1756, #1661, #3076 ),
 .UNSPECIFIED., .F., .F.,
 ( 4, 1, 1, 1, 2, 2, 2, 1, 1, 1, 2, 2, 4 ),
 ( 0.5000000008672118579, 0.5624999999999881206, 0.5937499999999882316, 0.6093749999999883427, 0.6171874999999883427, 0.6249999999999884537, 0.7499999999999912292, 0.8124999999999925615, 0.8437499999999932276, 0.8593749999999936717, 0.8671874999999937828, 0.8749999999999938938, 1.000000000000000000 ),
 .UNSPECIFIED. ) ;
#498 = LINE ( 'NONE', #2514, #1067 ) ;
#499 = AXIS2_PLACEMENT_3D ( 'NONE', #4517, #1124, #1289 ) ;
#500 = CARTESIAN_POINT ( 'NONE',  ( 0.03033514756249463401, -0.4391612730497264083, 0.5870593041237689436 ) ) ;
#501 = VERTEX_POINT ( 'NONE', #7162 ) ;
#502 = CARTESIAN_POINT ( 'NONE',  ( -0.08225631316093139078, -0.2255785958843719574, 0.6619139833117336780 ) ) ;
#503 = ORIENTED_EDGE ( 'NONE', *, *, #425, .T. ) ;
#504 = EDGE_CURVE ( 'NONE', #7760, #2101, #3487, .T. ) ;
#505 = CARTESIAN_POINT ( 'NONE',  ( 0.06576377613829977042, 0.9945834800190390679, 2.058941151554539495 ) ) ;
#506 = EDGE_CURVE ( 'NONE', #8358, #5937, #287, .T. ) ;
#507 = VECTOR ( 'NONE', #8010, 39.37007874015748143 ) ;
#508 = CARTESIAN_POINT ( 'NONE',  ( -0.05095789189517375278, -0.3396848627535756227, 0.2602415932277414301 ) ) ;
#509 = PLANE ( 'NONE',  #8080 ) ;
#510 = CARTESIAN_POINT ( 'NONE',  ( -0.09866196948141356393, -0.2334526116324034117, 0.4251968503926437104 ) ) ;
#511 = DIRECTION ( 'NONE',  ( 0.000000000000000000, 0.000000000000000000, 1.000000000000000000 ) ) ;
#512 = ORIENTED_EDGE ( 'NONE', *, *, #3519, .T. ) ;
#513 = VERTEX_POINT ( 'NONE', #955 ) ;
#514 = ORIENTED_EDGE ( 'NONE', *, *, #3375, .T. ) ;
#515 = ADVANCED_FACE ( 'NONE', ( #3630 ), #5654, .F. ) ;
#516 = ORIENTED_EDGE ( 'NONE', *, *, #937, .F. ) ;
#517 = FACE_OUTER_BOUND ( 'NONE', #490, .T. ) ;
#518 = DIRECTION ( 'NONE',  ( -0.5038710255393504811, 0.000000000000000000, -0.8637789008895292442 ) ) ;
#519 = CARTESIAN_POINT ( 'NONE',  ( 0.1378014917666040839, -0.3988069423410648406, 0.3582677165343768344 ) ) ;
#520 = CARTESIAN_POINT ( 'NONE',  ( 0.1232430638470951856, -0.2518058278115926640, 0.5671970417727444369 ) ) ;
#521 = ORIENTED_EDGE ( 'NONE', *, *, #7781, .T. ) ;
#522 = EDGE_CURVE ( 'NONE', #7512, #7294, #4913, .T. ) ;
#523 = CARTESIAN_POINT ( 'NONE',  ( 0.1830770823177834405, -1.445962891180035736, 0.7283464566918576022 ) ) ;
#524 = CARTESIAN_POINT ( 'NONE',  ( -0.1555055948475705385, -0.4391612730497262418, 0.7283464566918570471 ) ) ;
#525 = CARTESIAN_POINT ( 'NONE',  ( 0.05664334836477689927, -0.2457955682961209254, 0.6435646296938710709 ) ) ;
#526 = VERTEX_POINT ( 'NONE', #6326 ) ;
#527 = ORIENTED_EDGE ( 'NONE', *, *, #4151, .F. ) ;
#528 = EDGE_LOOP ( 'NONE', ( #6595, #231, #549, #819, #2505, #5343, #1736, #5065, #527 ) ) ;
#529 = EDGE_CURVE ( 'NONE', #5007, #3162, #7031, .T. ) ;
#530 = ORIENTED_EDGE ( 'NONE', *, *, #8457, .F. ) ;
#531 = DIRECTION ( 'NONE',  ( 0.9723873019805234774, 0.000000000000000000, -0.2333729524752995999 ) ) ;
#532 = DIRECTION ( 'NONE',  ( -1.000000000000000000, 0.000000000000000000, 0.000000000000000000 ) ) ;
#533 = LINE ( 'NONE', #1235, #2137 ) ;
#534 = CARTESIAN_POINT ( 'NONE',  ( -0.1555055948475706495, -0.2167203281678364568, 0.6141732283454004460 ) ) ;
#535 = ORIENTED_EDGE ( 'NONE', *, *, #7927, .F. ) ;
#536 = LINE ( 'NONE', #7884, #4939 ) ;
#537 = AXIS2_PLACEMENT_3D ( 'NONE', #5575, #75, #7465 ) ;
#538 = ORIENTED_EDGE ( 'NONE', *, *, #8133, .F. ) ;
#539 = FACE_OUTER_BOUND ( 'NONE', #1372, .T. ) ;
#540 = EDGE_CURVE ( 'NONE', #2668, #5219, #8378, .T. ) ;
#541 = ORIENTED_EDGE ( 'NONE', *, *, #954, .F. ) ;
#542 = DIRECTION ( 'NONE',  ( 0.000000000000000000, -0.07845909572784835750, -0.9969173337331277418 ) ) ;
#543 = CARTESIAN_POINT ( 'NONE',  ( -0.05320113532175550775, -0.3988069423410648406, 0.2952755905501241451 ) ) ;
#544 = CARTESIAN_POINT ( 'NONE',  ( -0.09645047673733433968, -0.4391612730497262418, 0.7283464566918570471 ) ) ;
#545 = TOROIDAL_SURFACE ( 'NONE', #127, 0.01771653543307082079, 0.007874015748031490750 ) ;
#546 = CARTESIAN_POINT ( 'NONE',  ( -0.03773275685296913207, -0.2364367762361380132, 0.6621211305796280699 ) ) ;
#547 = ADVANCED_FACE ( 'NONE', ( #1125 ), #382, .F. ) ;
#548 = CARTESIAN_POINT ( 'NONE',  ( -0.1161355161074131004, -0.2167203281678364568, 0.1909448818887074795 ) ) ;
#549 = ORIENTED_EDGE ( 'NONE', *, *, #5430, .T. ) ;
#550 = ORIENTED_EDGE ( 'NONE', *, *, #3023, .T. ) ;
#551 = AXIS2_PLACEMENT_3D ( 'NONE', #3101, #3058, #2965 ) ;
#552 = ORIENTED_EDGE ( 'NONE', *, *, #4345, .T. ) ;
#553 = DIRECTION ( 'NONE',  ( -0.000000000000000000, -0.000000000000000000, -1.000000000000000000 ) ) ;
#554 = ORIENTED_EDGE ( 'NONE', *, *, #7678, .F. ) ;
#555 = DIRECTION ( 'NONE',  ( 1.000000000000000000, 0.000000000000000000, 0.000000000000000000 ) ) ;
#556 = CARTESIAN_POINT ( 'NONE',  ( 0.04134479885321683257, -0.2226258399788601239, 0.02362204724382238955 ) ) ;
#557 = VECTOR ( 'NONE', #8024, 39.37007874015748143 ) ;
#558 = DIRECTION ( 'NONE',  ( 1.993814870050473205E-16, 0.9969173337331278528, -0.07845909572784609542 ) ) ;
#559 = EDGE_CURVE ( 'NONE', #7556, #1663, #2350, .T. ) ;
#560 = PLANE ( 'NONE',  #6179 ) ;
#561 = ORIENTED_EDGE ( 'NONE', *, *, #6058, .F. ) ;
#562 = VECTOR ( 'NONE', #1034, 39.37007874015748143 ) ;
#563 = PLANE ( 'NONE',  #6347 ) ;
#564 = DIRECTION ( 'NONE',  ( -1.000000000000000000, -9.117121629785412755E-17, 9.282927046011350088E-49 ) ) ;
#565 = DIRECTION ( 'NONE',  ( -1.716572833537972315E-33, 1.882801286680184389E-17, -1.000000000000000000 ) ) ;
#566 = ORIENTED_EDGE ( 'NONE', *, *, #8459, .F. ) ;
#567 = EDGE_CURVE ( 'NONE', #4713, #3280, #3351, .T. ) ;
#568 = VECTOR ( 'NONE', #6691, 39.37007874015748143 ) ;
#569 = AXIS2_PLACEMENT_3D ( 'NONE', #4724, #7, #2693 ) ;
#570 = ORIENTED_EDGE ( 'NONE', *, *, #7603, .T. ) ;
#571 = ORIENTED_EDGE ( 'NONE', *, *, #8689, .F. ) ;
#572 = CARTESIAN_POINT ( 'NONE',  ( 0.02428375600921819227, -0.2461346724687098753, 0.6392559026500638231 ) ) ;
#573 = CIRCLE ( 'NONE', #16, 0.04330708661417317223 ) ;
#574 = CARTESIAN_POINT ( 'NONE',  ( 0.02767463262399549873, -0.4391612730497262418, 0.5878171478554616858 ) ) ;
#575 = DIRECTION ( 'NONE',  ( -0.2422026670562468786, 0.000000000000000000, -0.9702256789380709900 ) ) ;
#576 = VECTOR ( 'NONE', #3404, 39.37007874015748143 ) ;
#577 = DIRECTION ( 'NONE',  ( -2.120119834909563265E-15, 1.696095867927650612E-14, -1.000000000000000000 ) ) ;
#578 = EDGE_CURVE ( 'NONE', #5140, #1005, #3715, .T. ) ;
#579 = VERTEX_POINT ( 'NONE', #1652 ) ;
#580 = TOROIDAL_SURFACE ( 'NONE', #6054, 0.01757520320920346116, 0.007874015748031527179 ) ;
#581 = FACE_OUTER_BOUND ( 'NONE', #4286, .T. ) ;
#582 = VECTOR ( 'NONE', #5301, 39.37007874015748143 ) ;
#583 = EDGE_LOOP ( 'NONE', ( #5566, #4451, #4070, #7044 ) ) ;
#584 = CARTESIAN_POINT ( 'NONE',  ( -0.07834287638102813145, -0.2255785958843719574, 0.6691488750760063997 ) ) ;
#585 = ORIENTED_EDGE ( 'NONE', *, *, #5099, .F. ) ;
#586 = DIRECTION ( 'NONE',  ( 1.411854421747038033E-17, 7.425991029036739954E-17, -1.000000000000000000 ) ) ;
#587 = CARTESIAN_POINT ( 'NONE',  ( 0.1830770823177832740, -0.2348794026851822314, 0.3974174252465248469 ) ) ;
#588 = CARTESIAN_POINT ( 'NONE',  ( 0.03599765599900996149, -0.2502640490512090254, 0.5867871983600663199 ) ) ;
#589 = AXIS2_PLACEMENT_3D ( 'NONE', #7738, #3610, #6302 ) ;
#590 = AXIS2_PLACEMENT_3D ( 'NONE', #1287, #7889, #1869 ) ;
#591 = EDGE_CURVE ( 'NONE', #7980, #8635, #1744, .T. ) ;
#592 = LINE ( 'NONE', #3195, #973 ) ;
#593 = DIRECTION ( 'NONE',  ( 0.000000000000000000, 0.000000000000000000, -1.000000000000000000 ) ) ;
#594 = ORIENTED_EDGE ( 'NONE', *, *, #8049, .T. ) ;
#595 = ORIENTED_EDGE ( 'NONE', *, *, #5125, .F. ) ;
#596 = AXIS2_PLACEMENT_3D ( 'NONE', #4751, #84, #6014 ) ;
#597 = ORIENTED_EDGE ( 'NONE', *, *, #1715, .F. ) ;
#598 = VERTEX_POINT ( 'NONE', #999 ) ;
#599 = DIRECTION ( 'NONE',  ( -0.000000000000000000, -1.000000000000000000, -0.000000000000000000 ) ) ;
#600 = ADVANCED_FACE ( 'NONE', ( #3674 ), #5739, .F. ) ;
#601 = CARTESIAN_POINT ( 'NONE',  ( -0.07676543736725569000, -0.3879801706875215528, 0.7283464566918570471 ) ) ;
#602 = VECTOR ( 'NONE', #5880, 39.37007874015748143 ) ;
#603 = CARTESIAN_POINT ( 'NONE',  ( 0.07198859091083521788, -0.1374135661484512938, 0.2165354330698099905 ) ) ;
#604 = CARTESIAN_POINT ( 'NONE',  ( -0.1003874846113503028, -1.445962891180036403, 0.3700787401564246681 ) ) ;
#605 = ORIENTED_EDGE ( 'NONE', *, *, #456, .T. ) ;
#606 = MECHANICAL_DESIGN_GEOMETRIC_PRESENTATION_REPRESENTATION (  '', ( #8333 ), #1037 ) ;
#607 = EDGE_CURVE ( 'NONE', #3898, #7436, #5321, .T. ) ;
#608 = CARTESIAN_POINT ( 'NONE',  ( 0.1653605468847131055, -0.2334526116324033562, 0.4881889763768958446 ) ) ;
#609 = EDGE_CURVE ( 'NONE', #1216, #7584, #7768, .T. ) ;
#610 = PLANE ( 'NONE',  #3993 ) ;
#611 = FACE_OUTER_BOUND ( 'NONE', #624, .T. ) ;
#612 = CARTESIAN_POINT ( 'NONE',  ( 0.08858889334140569727, -0.3909329265930334141, 0.4673228346446128278 ) ) ;
#613 = ORIENTED_EDGE ( 'NONE', *, *, #5560, .F. ) ;
#614 = CIRCLE ( 'NONE', #7780, 0.02559055118110227511 ) ;
#615 = CARTESIAN_POINT ( 'NONE',  ( 0.1840613342862877366, -0.3879801706875215528, 0.7283464566918570471 ) ) ;
#616 = EDGE_LOOP ( 'NONE', ( #4752, #5138, #4601, #7918 ) ) ;
#617 = ORIENTED_EDGE ( 'NONE', *, *, #3318, .T. ) ;
#618 = FACE_OUTER_BOUND ( 'NONE', #5220, .T. ) ;
#619 = EDGE_CURVE ( 'NONE', #816, #5939, #1808, .T. ) ;
#620 = VECTOR ( 'NONE', #7146, 39.37007874015748143 ) ;
#621 = CARTESIAN_POINT ( 'NONE',  ( 0.04134479885321681175, -0.3751848950969702279, 0.3933151221598379377 ) ) ;
#622 = CARTESIAN_POINT ( 'NONE',  ( 0.1830770823177836626, -0.3988069423410648406, 0.7283464566918570471 ) ) ;
#623 = CARTESIAN_POINT ( 'NONE',  ( 0.04792356635102962281, -0.4391612730497262418, 0.5746937882754090676 ) ) ;
#624 = EDGE_LOOP ( 'NONE', ( #3853, #7182, #3655, #5137 ) ) ;
#625 = AXIS2_PLACEMENT_3D ( 'NONE', #1017, #5191, #1186 ) ;
#626 = CARTESIAN_POINT ( 'NONE',  ( 0.1830770823177838014, -0.3909329265930334141, 0.2952755905501238676 ) ) ;
#627 = EDGE_LOOP ( 'NONE', ( #2171, #7614, #6374, #2938 ) ) ;
#628 = PLANE ( 'NONE',  #6617 ) ;
#629 = ORIENTED_EDGE ( 'NONE', *, *, #2568, .T. ) ;
#630 = LINE ( 'NONE', #8667, #5095 ) ;
#631 = EDGE_CURVE ( 'NONE', #7713, #2931, #6930, .T. ) ;
#632 = LINE ( 'NONE', #1333, #7237 ) ;
#633 = CARTESIAN_POINT ( 'NONE',  ( -0.03151331695624149526, -0.1674293823443895879, 0.2165354330698099350 ) ) ;
#634 = CIRCLE ( 'NONE', #3300, 0.02559055118110200450 ) ;
#635 = LINE ( 'NONE', #546, #6726 ) ;
#636 = PLANE ( 'NONE',  #7592 ) ;
#637 = ORIENTED_EDGE ( 'NONE', *, *, #1278, .T. ) ;
#638 = EDGE_LOOP ( 'NONE', ( #5904, #2799, #1307, #5964 ) ) ;
#639 = AXIS2_PLACEMENT_3D ( 'NONE', #3579, #2260, #7108 ) ;
#640 = ORIENTED_EDGE ( 'NONE', *, *, #7622, .T. ) ;
#641 = DIRECTION ( 'NONE',  ( 0.000000000000000000, 0.000000000000000000, 1.000000000000000000 ) ) ;
#642 = EDGE_CURVE ( 'NONE', #6205, #3976, #6021, .T. ) ;
#643 = FACE_OUTER_BOUND ( 'NONE', #3236, .T. ) ;
#644 = EDGE_CURVE ( 'NONE', #4144, #443, #5996, .T. ) ;
#645 = VERTEX_POINT ( 'NONE', #1993 ) ;
#646 = FACE_BOUND ( 'NONE', #8277, .T. ) ;
#647 = DIRECTION ( 'NONE',  ( -4.776271970522806566E-16, 6.231570711506254047E-16, 1.000000000000000000 ) ) ;
#648 = DIRECTION ( 'NONE',  ( -1.411854421747038033E-17, -7.425991029036739954E-17, 1.000000000000000000 ) ) ;
#649 = CARTESIAN_POINT ( 'NONE',  ( 0.04134479885321683257, -0.2226258399788601239, 0.1417322834635106887 ) ) ;
#650 = VERTEX_POINT ( 'NONE', #6576 ) ;
#651 = DIRECTION ( 'NONE',  ( -1.716572833537972657E-33, 1.882801286680184389E-17, -1.000000000000000000 ) ) ;
#652 = FACE_OUTER_BOUND ( 'NONE', #2709, .T. ) ;
#653 = CARTESIAN_POINT ( 'NONE',  ( -0.04470618950752147658, -0.2311701621704494725, 0.4325447551727851780 ) ) ;
#654 = DIRECTION ( 'NONE',  ( 8.391575913070892249E-17, -0.9674828327720265131, -0.2529366883064121385 ) ) ;
#655 = FACE_OUTER_BOUND ( 'NONE', #7431, .T. ) ;
#656 = ORIENTED_EDGE ( 'NONE', *, *, #3206, .T. ) ;
#657 = DIRECTION ( 'NONE',  ( -1.000000000000000000, 0.000000000000000000, 0.000000000000000000 ) ) ;
#658 = EDGE_CURVE ( 'NONE', #2372, #2444, #3892, .T. ) ;
#659 = EDGE_CURVE ( 'NONE', #3085, #5720, #635, .T. ) ;
#660 = VERTEX_POINT ( 'NONE', #3973 ) ;
#661 = ORIENTED_EDGE ( 'NONE', *, *, #1627, .F. ) ;
#662 = CARTESIAN_POINT ( 'NONE',  ( 0.1318959799555790291, -0.2283796787337924183, 0.2165354330698099627 ) ) ;
#663 = DIRECTION ( 'NONE',  ( -0.7239618166986739878, -0.6898400452005926109, -9.856383386231856362E-17 ) ) ;
#664 = CYLINDRICAL_SURFACE ( 'NONE', #4276, 0.1476377952755905387 ) ;
#665 = CARTESIAN_POINT ( 'NONE',  ( -0.001962287760956443750, -0.3988069423410648406, 0.2952755905501244227 ) ) ;
#666 = CARTESIAN_POINT ( 'NONE',  ( -0.09645047673733433968, -0.3210510368292537886, 0.7283464566918570471 ) ) ;
#667 = EDGE_CURVE ( 'NONE', #4713, #6111, #466, .T. ) ;
#668 = EDGE_LOOP ( 'NONE', ( #2654, #8637 ) ) ;
#669 = DIRECTION ( 'NONE',  ( -1.000000000000000000, -0.000000000000000000, -0.000000000000000000 ) ) ;
#670 = DIRECTION ( 'NONE',  ( -0.1998766917676636778, -3.667108460817804088E-17, 0.9798210592184750656 ) ) ;
#671 = ORIENTED_EDGE ( 'NONE', *, *, #179, .T. ) ;
#672 = CARTESIAN_POINT ( 'NONE',  ( -0.09841898067434193265, -0.2334526116324034117, 0.4409448818887066190 ) ) ;
#673 = CARTESIAN_POINT ( 'NONE',  ( -0.05050924320985743926, -0.3341824660562096594, 0.2765883193937528906 ) ) ;
#674 = DIRECTION ( 'NONE',  ( -1.000000000000000000, 0.000000000000000000, 2.285614676204728914E-14 ) ) ;
#675 = CIRCLE ( 'NONE', #4333, 0.1023622047244094613 ) ;
#676 = FACE_OUTER_BOUND ( 'NONE', #5342, .T. ) ;
#677 = EDGE_CURVE ( 'NONE', #2551, #3503, #6663, .T. ) ;
#678 = DIRECTION ( 'NONE',  ( 3.330669073875469621E-16, -1.448216729911415878E-17, -1.000000000000000000 ) ) ;
#679 = EDGE_LOOP ( 'NONE', ( #4810, #7514, #2818, #1271 ) ) ;
#680 = ORIENTED_EDGE ( 'NONE', *, *, #2221, .F. ) ;
#681 = ORIENTED_EDGE ( 'NONE', *, *, #3582, .F. ) ;
#682 = DIRECTION ( 'NONE',  ( -1.110223024625156294E-16, 1.000000000000000000, 7.425991029036739954E-17 ) ) ;
#683 = PLANE ( 'NONE',  #7637 ) ;
#684 = ORIENTED_EDGE ( 'NONE', *, *, #5933, .T. ) ;
#685 = AXIS2_PLACEMENT_3D ( 'NONE', #6749, #6893, #4105 ) ;
#686 = CARTESIAN_POINT ( 'NONE',  ( 0.07087235790833486260, -0.4391612730497262418, 0.5393700787391012552 ) ) ;
#687 = CARTESIAN_POINT ( 'NONE',  ( 0.2381951925540042869, -0.2344368636009073192, 0.1181102362194161454 ) ) ;
#688 = CARTESIAN_POINT ( 'NONE',  ( -0.005899295634972270656, -0.3988069423410648406, 0.5696850393690224834 ) ) ;
#689 = CARTESIAN_POINT ( 'NONE',  ( 0.001974720113059306396, -0.3840431628135057562, 0.4763779527548483439 ) ) ;
#690 = VECTOR ( 'NONE', #5414, 39.37007874015748143 ) ;
#691 = ORIENTED_EDGE ( 'NONE', *, *, #6538, .T. ) ;
#692 = EDGE_LOOP ( 'NONE', ( #5109, #6944, #5723, #1758, #1791 ) ) ;
#693 = CARTESIAN_POINT ( 'NONE',  ( 0.1791400744437680326, -0.2344368636009073192, 0.1181102362194161731 ) ) ;
#694 = DIRECTION ( 'NONE',  ( 1.000000000000000000, 0.000000000000000000, 0.000000000000000000 ) ) ;
#695 = CARTESIAN_POINT ( 'NONE',  ( -0.06692291768221619863, -0.2226258399788601239, 0.03937007873910121358 ) ) ;
#696 = AXIS2_PLACEMENT_3D ( 'NONE', #6511, #3767, #7820 ) ;
#697 = DIRECTION ( 'NONE',  ( -1.000000000000000000, 8.673617379884032317E-15, 0.000000000000000000 ) ) ;
#698 = ORIENTED_EDGE ( 'NONE', *, *, #5924, .F. ) ;
#699 = ADVANCED_FACE ( 'NONE', ( #5915 ), #5258, .F. ) ;
#700 = CARTESIAN_POINT ( 'NONE',  ( -0.05314339012316110500, -0.2226258399788601239, 0.2165354330698099350 ) ) ;
#701 = EDGE_LOOP ( 'NONE', ( #4624, #7264, #153, #6597 ) ) ;
#702 = VERTEX_POINT ( 'NONE', #8670 ) ;
#703 = AXIS2_PLACEMENT_3D ( 'NONE', #3113, #4476, #7163 ) ;
#704 = DIRECTION ( 'NONE',  ( 1.000000000000000000, 9.117121629785412755E-17, -9.282927046011350088E-49 ) ) ;
#705 = LINE ( 'NONE', #6115, #6760 ) ;
#706 = DIRECTION ( 'NONE',  ( -0.9995402628398961653, 0.01803464003906537355, 0.02437241720906624734 ) ) ;
#707 = CARTESIAN_POINT ( 'NONE',  ( 0.05892000206242047067, -0.2386262973325882775, 0.6343006272539554180 ) ) ;
#708 = CARTESIAN_POINT ( 'NONE',  ( 0.1378014917666040839, -0.3909329265930334141, 0.3582677165343768344 ) ) ;
#709 = EDGE_CURVE ( 'NONE', #5793, #4377, #4765, .T. ) ;
#710 = AXIS2_PLACEMENT_3D ( 'NONE', #6943, #908, #3583 ) ;
#711 = EDGE_LOOP ( 'NONE', ( #4063, #1840 ) ) ;
#712 = CARTESIAN_POINT ( 'NONE',  ( 0.04355765701157205544, -0.4391612730497263528, 0.5501387521861702545 ) ) ;
#713 = DIRECTION ( 'NONE',  ( -1.000000000000000000, 0.000000000000000000, 0.000000000000000000 ) ) ;
#714 = VECTOR ( 'NONE', #8528, 39.37007874015748143 ) ;
#715 = VECTOR ( 'NONE', #565, 39.37007874015748143 ) ;
#716 = EDGE_LOOP ( 'NONE', ( #2829, #3470, #7790, #5622 ) ) ;
#717 = CARTESIAN_POINT ( 'NONE',  ( 0.1813515671878479230, -0.2177045801363403921, 0.4251968503926439880 ) ) ;
#718 = LINE ( 'NONE', #4147, #6831 ) ;
#719 = EDGE_CURVE ( 'NONE', #337, #1488, #1116, .T. ) ;
#720 = TOROIDAL_SURFACE ( 'NONE', #5637, 0.09448818897637782654, 0.007874015748031551465 ) ;
#721 = VECTOR ( 'NONE', #2754, 39.37007874015748143 ) ;
#722 = CARTESIAN_POINT ( 'NONE',  ( 0.08071487759337428458, -0.3997911943095688314, 0.5393700787391012552 ) ) ;
#723 = DIRECTION ( 'NONE',  ( -1.000000000000000000, 0.000000000000000000, 0.000000000000000000 ) ) ;
#724 = ORIENTED_EDGE ( 'NONE', *, *, #7466, .T. ) ;
#725 = ORIENTED_EDGE ( 'NONE', *, *, #3504, .T. ) ;
#726 = CARTESIAN_POINT ( 'NONE',  ( 0.2342581846799887679, -0.2334526116324033562, 0.7283464566918566030 ) ) ;
#727 = ORIENTED_EDGE ( 'NONE', *, *, #2188, .F. ) ;
#728 = CARTESIAN_POINT ( 'NONE',  ( 0.04828957103253063432, -0.4391612730497385653, 0.5878033272148881494 ) ) ;
#729 = CIRCLE ( 'NONE', #8177, 0.08661417322834648325 ) ;
#730 = ORIENTED_EDGE ( 'NONE', *, *, #7485, .T. ) ;
#731 = VECTOR ( 'NONE', #403, 39.37007874015748143 ) ;
#732 = ADVANCED_FACE ( 'NONE', ( #5957 ), #545, .F. ) ;
#733 = CARTESIAN_POINT ( 'NONE',  ( 0.1040501530554642229, -0.1628759148040056226, 0.03937007873910122052 ) ) ;
#734 = CARTESIAN_POINT ( 'NONE',  ( 0.1275652712941617306, -0.2226258399788601239, 0.03937007873910121358 ) ) ;
#735 = ORIENTED_EDGE ( 'NONE', *, *, #5278, .F. ) ;
#736 = LINE ( 'NONE', #1395, #5253 ) ;
#737 = ORIENTED_EDGE ( 'NONE', *, *, #7648, .F. ) ;
#738 = DIRECTION ( 'NONE',  ( 1.000000000000000000, -4.510573100380431801E-15, 3.330669073875498711E-16 ) ) ;
#739 = EDGE_CURVE ( 'NONE', #579, #4358, #6500, .T. ) ;
#740 = TOROIDAL_SURFACE ( 'NONE', #896, 0.01757520320920346116, 0.007874015748031527179 ) ;
#741 = DIRECTION ( 'NONE',  ( 1.000000000000000000, 0.000000000000000000, 0.000000000000000000 ) ) ;
#742 = DIRECTION ( 'NONE',  ( 0.000000000000000000, 0.000000000000000000, 1.000000000000000000 ) ) ;
#743 = DIRECTION ( 'NONE',  ( 0.000000000000000000, 0.000000000000000000, -1.000000000000000000 ) ) ;
#744 = CARTESIAN_POINT ( 'NONE',  ( 0.03685073170536033033, -0.4352242651757104452, 0.5878171478554616858 ) ) ;
#745 = CARTESIAN_POINT ( 'NONE',  ( 0.05840584169721568797, -0.2492897808888565048, 0.5991664490988533043 ) ) ;
#746 = ORIENTED_EDGE ( 'NONE', *, *, #6207, .F. ) ;
#747 = VECTOR ( 'NONE', #163, 39.37007874015748143 ) ;
#748 = ORIENTED_EDGE ( 'NONE', *, *, #358, .F. ) ;
#749 = CARTESIAN_POINT ( 'NONE',  ( 0.07534449126034659105, -0.3065545286245823786, 0.2165354330698099627 ) ) ;
#750 = CARTESIAN_POINT ( 'NONE',  ( -0.06495441383132918856, -0.2255785958843719297, 0.6751968503927454623 ) ) ;
#751 = DIRECTION ( 'NONE',  ( -9.117121629785412755E-17, 1.000000000000000000, 1.882801286680184389E-17 ) ) ;
#752 = EDGE_CURVE ( 'NONE', #7471, #8693, #8411, .T. ) ;
#753 = CARTESIAN_POINT ( 'NONE',  ( 0.1653605468847131055, -0.2177045801363403921, 0.4881889763768958446 ) ) ;
#754 = DIRECTION ( 'NONE',  ( 0.000000000000000000, -1.000000000000000000, 0.000000000000000000 ) ) ;
#755 = EDGE_LOOP ( 'NONE', ( #5300, #2267, #3381, #1518, #2166, #4123 ) ) ;
#756 = DIRECTION ( 'NONE',  ( 0.000000000000000000, -1.000000000000000000, 0.000000000000000000 ) ) ;
#757 = FACE_OUTER_BOUND ( 'NONE', #7208, .T. ) ;
#758 = CIRCLE ( 'NONE', #5676, 0.01968503937007873641 ) ;
#759 = ORIENTED_EDGE ( 'NONE', *, *, #7688, .T. ) ;
#760 = DIRECTION ( 'NONE',  ( 0.000000000000000000, 0.000000000000000000, -1.000000000000000000 ) ) ;
#761 = PLANE ( 'NONE',  #763 ) ;
#762 = CARTESIAN_POINT ( 'NONE',  ( -0.06495441374520820321, -0.2098305643883089100, 0.6574803149595729312 ) ) ;
#763 = AXIS2_PLACEMENT_3D ( 'NONE', #2648, #3971, #6128 ) ;
#764 = DIRECTION ( 'NONE',  ( 1.000000000000000000, 0.000000000000000000, 0.000000000000000000 ) ) ;
#765 = CARTESIAN_POINT ( 'NONE',  ( 0.1232430638470951717, -0.2439560850262932623, 0.5665792536174076854 ) ) ;
#766 = EDGE_CURVE ( 'NONE', #960, #414, #8514, .T. ) ;
#767 = EDGE_CURVE ( 'NONE', #7872, #702, #592, .T. ) ;
#768 = EDGE_LOOP ( 'NONE', ( #8118, #3696, #3449, #5606, #7821, #6177, #2214, #8400, #4363, #5501, #1522, #1567, #2983, #385, #469, #2566, #3778, #7009, #748, #8114 ) ) ;
#769 = ORIENTED_EDGE ( 'NONE', *, *, #3506, .F. ) ;
#770 = DIRECTION ( 'NONE',  ( 1.000000000000000000, 0.000000000000000000, 0.000000000000000000 ) ) ;
#771 = B_SPLINE_CURVE_WITH_KNOTS ( 'NONE', 3,
 ( #8508, #3226, #6533, #1242, #1165, #5168, #3922, #584, #1940, #3268, #2604, #4636, #502, #7887, #3967 ),
 .UNSPECIFIED., .F., .F.,
 ( 4, 2, 2, 2, 1, 2, 2, 4 ),
 ( 0.5000000016022618787, 0.5624999999999953371, 0.6249999999999980016, 0.7500000000000007772, 0.8124999999999997780, 0.8437500000000022204, 0.8750000000000047740, 1.000000000000000000 ),
 .UNSPECIFIED. ) ;
#772 = ORIENTED_EDGE ( 'NONE', *, *, #2176, .T. ) ;
#773 = CARTESIAN_POINT ( 'NONE',  ( -0.05275248663643915953, -0.3961536649112911146, 0.2788622116356062608 ) ) ;
#774 = VECTOR ( 'NONE', #2586, 39.37007874015748143 ) ;
#775 = DIRECTION ( 'NONE',  ( 1.000000000000000000, 0.000000000000000000, 0.000000000000000000 ) ) ;
#776 = VERTEX_POINT ( 'NONE', #8633 ) ;
#777 = PLANE ( 'NONE',  #3949 ) ;
#778 = DIRECTION ( 'NONE',  ( -1.000000000000000000, 0.000000000000000000, -5.059610138265688673E-16 ) ) ;
#779 = DIRECTION ( 'NONE',  ( 0.000000000000000000, 1.000000000000000000, 0.000000000000000000 ) ) ;
#780 = VECTOR ( 'NONE', #3799, 39.37007874015748143 ) ;
#781 = FACE_OUTER_BOUND ( 'NONE', #2022, .T. ) ;
#782 = EDGE_CURVE ( 'NONE', #6583, #7142, #2652, .T. ) ;
#783 = VERTEX_POINT ( 'NONE', #4906 ) ;
#784 = PLANE ( 'NONE',  #2165 ) ;
#785 = ORIENTED_EDGE ( 'NONE', *, *, #2188, .T. ) ;
#786 = DIRECTION ( 'NONE',  ( 9.117121629785412755E-17, -1.000000000000000000, -1.882801286680184389E-17 ) ) ;
#787 = AXIS2_PLACEMENT_3D ( 'NONE', #6118, #94, #5462 ) ;
#788 = LINE ( 'NONE', #4795, #361 ) ;
#789 = CARTESIAN_POINT ( 'NONE',  ( 0.04134479885321703380, -0.2334526116324034117, 0.4881889763768958446 ) ) ;
#790 = CARTESIAN_POINT ( 'NONE',  ( 0.1967818200889262792, -0.2177045801363403643, 0.4377972174514207504 ) ) ;
#791 = CARTESIAN_POINT ( 'NONE',  ( 0.1232430638470951717, -0.2518058278115923865, 0.5671970417727444369 ) ) ;
#792 = DIRECTION ( 'NONE',  ( 0.1998766917676636778, 3.667108460817804088E-17, -0.9798210592184750656 ) ) ;
#793 = EDGE_CURVE ( 'NONE', #4404, #1488, #5046, .T. ) ;
#794 = VERTEX_POINT ( 'NONE', #8150 ) ;
#795 = ORIENTED_EDGE ( 'NONE', *, *, #5306, .F. ) ;
#796 = DIRECTION ( 'NONE',  ( -1.146678109015832589E-15, 1.000000000000000000, 7.425991029036738721E-17 ) ) ;
#797 = DIRECTION ( 'NONE',  ( 0.000000000000000000, -0.07845909572784835750, -0.9969173337331277418 ) ) ;
#798 = CARTESIAN_POINT ( 'NONE',  ( 0.07087235790833486260, -0.4352242651757104452, 0.5894575678029682075 ) ) ;
#799 = CARTESIAN_POINT ( 'NONE',  ( 0.03777346792583276963, -0.4391612730497262418, 0.5878171478554616858 ) ) ;
#800 = PLANE ( 'NONE',  #6982 ) ;
#801 = EDGE_CURVE ( 'NONE', #4647, #6090, #4772, .T. ) ;
#802 = ORIENTED_EDGE ( 'NONE', *, *, #506, .T. ) ;
#803 = EDGE_CURVE ( 'NONE', #1229, #3047, #5564, .T. ) ;
#804 = CARTESIAN_POINT ( 'NONE',  ( 0.1358907330281905745, -0.3909329265930334141, 0.2952755905501241451 ) ) ;
#805 = CARTESIAN_POINT ( 'NONE',  ( -0.1515685869735546865, -0.2177045801363403921, 0.4251968503926439880 ) ) ;
#806 = ORIENTED_EDGE ( 'NONE', *, *, #6421, .T. ) ;
#807 = CARTESIAN_POINT ( 'NONE',  ( -0.09841898067434193265, -0.2334526116324034117, 0.4251968503926439880 ) ) ;
#808 = DIRECTION ( 'NONE',  ( 0.000000000000000000, 1.000000000000000000, 0.000000000000000000 ) ) ;
#809 = CARTESIAN_POINT ( 'NONE',  ( 0.1594550350736892996, -0.3997911943095688314, 0.1909448818887074795 ) ) ;
#810 = CYLINDRICAL_SURFACE ( 'NONE', #2508, 0.007874015748031466463 ) ;
#811 = EDGE_CURVE ( 'NONE', #3924, #7026, #8275, .T. ) ;
#812 = DIRECTION ( 'NONE',  ( -1.993814870050288069E-16, -0.9969173337331325158, 0.07845909572778805852 ) ) ;
#813 = ORIENTED_EDGE ( 'NONE', *, *, #1929, .T. ) ;
#814 = ORIENTED_EDGE ( 'NONE', *, *, #540, .F. ) ;
#815 = CARTESIAN_POINT ( 'NONE',  ( 0.05472083211063606678, -0.4391612730497045924, 0.5878116323286508571 ) ) ;
#816 = VERTEX_POINT ( 'NONE', #6174 ) ;
#817 = CARTESIAN_POINT ( 'NONE',  ( -0.05297681097909732323, -0.3988069423410648406, 0.2870585712699015302 ) ) ;
#818 = PLANE ( 'NONE',  #7915 ) ;
#819 = ORIENTED_EDGE ( 'NONE', *, *, #6817, .T. ) ;
#820 = CARTESIAN_POINT ( 'NONE',  ( 0.2381951925540042314, -0.04546048564815143717, 0.7283464566918570471 ) ) ;
#821 = CARTESIAN_POINT ( 'NONE',  ( 0.1378014917666027794, -0.2433870993412013684, 0.6741671293357939243 ) ) ;
#822 = EDGE_CURVE ( 'NONE', #414, #2765, #3537, .T. ) ;
#823 = B_SPLINE_CURVE_WITH_KNOTS ( 'NONE', 3,
 ( #1348, #7336, #7215, #7949, #6587, #603, #1923, #3860, #4614, #3939, #8681, #7291, #6629, #1959, #4656, #5353, #7380, #3365, #1181, #6051 ),
 .UNSPECIFIED., .F., .F.,
 ( 4, 1, 1, 1, 2, 2, 2, 1, 1, 1, 2, 2, 4 ),
 ( 0.5000000008672218499, 0.5624999999999972244, 0.5937499999999970024, 0.6093749999999970024, 0.6171874999999968914, 0.6249999999999968914, 0.7499999999999955591, 0.8124999999999951150, 0.8437499999999950040, 0.8593749999999950040, 0.8671874999999950040, 0.8749999999999950040, 1.000000000000000000 ),
 .UNSPECIFIED. ) ;
#824 = FACE_OUTER_BOUND ( 'NONE', #4524, .T. ) ;
#825 = LINE ( 'NONE', #3414, #1958 ) ;
#826 = ORIENTED_EDGE ( 'NONE', *, *, #5591, .F. ) ;
#827 = VECTOR ( 'NONE', #421, 39.37007874015748143 ) ;
#828 = ORIENTED_EDGE ( 'NONE', *, *, #8040, .T. ) ;
#829 = CARTESIAN_POINT ( 'NONE',  ( 0.1476440114516419932, -0.09270458013634053085, 0.1909448818887074795 ) ) ;
#830 = CARTESIAN_POINT ( 'NONE',  ( 0.1830770823177816364, -0.2355373565559019944, 0.6735493411804568398 ) ) ;
#831 = LINE ( 'NONE', #5538, #5351 ) ;
#832 = CARTESIAN_POINT ( 'NONE',  ( 0.05210090439482657765, -0.2425511687252386583, 0.6346095213316240713 ) ) ;
#833 = EDGE_CURVE ( 'NONE', #2465, #6874, #4866, .T. ) ;
#834 = VECTOR ( 'NONE', #2261, 39.37007874015748854 ) ;
#835 = LINE ( 'NONE', #791, #7012 ) ;
#836 = CARTESIAN_POINT ( 'NONE',  ( 0.1594550350736892996, -0.2226258399788601239, 0.1181102362194161731 ) ) ;
#837 = VERTEX_POINT ( 'NONE', #7408 ) ;
#838 = VERTEX_POINT ( 'NONE', #6082 ) ;
#839 = FACE_OUTER_BOUND ( 'NONE', #363, .T. ) ;
#840 = CARTESIAN_POINT ( 'NONE',  ( 0.03777346792583276963, -0.4391612730497263528, 0.5894575678029682075 ) ) ;
#841 = DIRECTION ( 'NONE',  ( 1.000000000000000000, 0.000000000000000000, 0.000000000000000000 ) ) ;
#842 = LINE ( 'NONE', #4222, #4246 ) ;
#843 = CARTESIAN_POINT ( 'NONE',  ( 0.04735112814018097721, -0.4352242651757104452, 0.5878171478554615748 ) ) ;
#844 = EDGE_CURVE ( 'NONE', #5240, #193, #3445, .T. ) ;
#845 = CIRCLE ( 'NONE', #8286, 0.1181102362204724671 ) ;
#846 = ORIENTED_EDGE ( 'NONE', *, *, #3086, .F. ) ;
#847 = DIRECTION ( 'NONE',  ( -1.411854421747038033E-17, -7.425991029036739954E-17, 1.000000000000000000 ) ) ;
#848 = DIRECTION ( 'NONE',  ( 0.000000000000000000, 0.000000000000000000, 1.000000000000000000 ) ) ;
#849 =( NAMED_UNIT ( * ) SI_UNIT ( $, .STERADIAN. ) SOLID_ANGLE_UNIT ( ) );
#850 = VERTEX_POINT ( 'NONE', #6227 ) ;
#851 = PLANE ( 'NONE',  #2555 ) ;
#852 = FACE_OUTER_BOUND ( 'NONE', #711, .T. ) ;
#853 = DIRECTION ( 'NONE',  ( 0.000000000000000000, 1.000000000000000000, 0.000000000000000000 ) ) ;
#854 = ADVANCED_FACE ( 'NONE', ( #7452, #676, #5519 ), #5387, .T. ) ;
#855 = ADVANCED_FACE ( 'NONE', ( #3488 ), #7540, .F. ) ;
#856 = DIRECTION ( 'NONE',  ( 1.000000000000000000, 0.000000000000000000, 0.000000000000000000 ) ) ;
#857 = AXIS2_PLACEMENT_3D ( 'NONE', #4195, #4158, #863 ) ;
#858 = DIRECTION ( 'NONE',  ( 1.000000000000000000, 0.000000000000000000, 0.000000000000000000 ) ) ;
#859 = CIRCLE ( 'NONE', #5773, 0.01968503937007873641 ) ;
#860 = ORIENTED_EDGE ( 'NONE', *, *, #4480, .T. ) ;
#861 = FACE_OUTER_BOUND ( 'NONE', #3441, .T. ) ;
#862 = EDGE_LOOP ( 'NONE', ( #813, #8073 ) ) ;
#863 = DIRECTION ( 'NONE',  ( 0.000000000000000000, 0.000000000000000000, 1.000000000000000000 ) ) ;
#864 = LINE ( 'NONE', #5610, #5682 ) ;
#865 = ORIENTED_EDGE ( 'NONE', *, *, #4730, .T. ) ;
#866 = CARTESIAN_POINT ( 'NONE',  ( 0.1968566098768388950, -0.2334526116324033562, 0.5078740157469746608 ) ) ;
#867 = EDGE_CURVE ( 'NONE', #8032, #6180, #1471, .T. ) ;
#868 = EDGE_CURVE ( 'NONE', #3752, #1174, #6847, .T. ) ;
#869 = VECTOR ( 'NONE', #4956, 39.37007874015748143 ) ;
#870 = CARTESIAN_POINT ( 'NONE',  ( 0.1204223545594030748, -0.2442865190214381921, 0.6627389187349651545 ) ) ;
#871 = DIRECTION ( 'NONE',  ( 3.184051530367222896E-16, -0.07845909572784588726, -0.9969173337331279638 ) ) ;
#872 = CYLINDRICAL_SURFACE ( 'NONE', #2950, 0.007874015748031449116 ) ;
#873 = ORIENTED_EDGE ( 'NONE', *, *, #540, .T. ) ;
#874 = CIRCLE ( 'NONE', #5786, 0.007874015748031482076 ) ;
#875 = VECTOR ( 'NONE', #1543, 39.37007874015748143 ) ;
#876 = FACE_OUTER_BOUND ( 'NONE', #40, .T. ) ;
#877 = VERTEX_POINT ( 'NONE', #104 ) ;
#878 = CARTESIAN_POINT ( 'NONE',  ( -0.04470618950797566188, -0.2232961464224180737, 0.4325447551727850115 ) ) ;
#879 = DIRECTION ( 'NONE',  ( 0.000000000000000000, 0.000000000000000000, 1.000000000000000000 ) ) ;
#880 = CARTESIAN_POINT ( 'NONE',  ( -0.03964815091417194654, -0.2967153347093131055, 0.5899423683116349348 ) ) ;
#881 = CARTESIAN_POINT ( 'NONE',  ( -0.08267094917827930156, -0.2177045801363403921, 0.7244094488178406399 ) ) ;
#882 = AXIS2_PLACEMENT_3D ( 'NONE', #7797, #5071, #8500 ) ;
#883 = DIRECTION ( 'NONE',  ( -5.593389691446116160E-16, 0.07845909572784610930, 0.9969173337331279638 ) ) ;
#884 = CARTESIAN_POINT ( 'NONE',  ( -0.08267094917827930156, -0.2255785958843719297, 0.6574803149595732643 ) ) ;
#885 = ORIENTED_EDGE ( 'NONE', *, *, #4809, .T. ) ;
#886 = ORIENTED_EDGE ( 'NONE', *, *, #8324, .T. ) ;
#887 = EDGE_CURVE ( 'NONE', #3004, #2630, #2748, .T. ) ;
#888 = ADVANCED_FACE ( 'NONE', ( #18 ), #810, .T. ) ;
#889 = CARTESIAN_POINT ( 'NONE',  ( 0.03534863969915230664, -0.4352242651757103897, 0.5874534286669548244 ) ) ;
#890 = VECTOR ( 'NONE', #7957, 39.37007874015748143 ) ;
#891 = B_SPLINE_CURVE_WITH_KNOTS ( 'NONE', 3,
 ( #46, #662, #3517, #8134, #3998, #6690, #3382, #5371, #4848, #2822, #6830, #4715, #6068, #2732, #1319, #7525, #749, #5417, #5456, #6157 ),
 .UNSPECIFIED., .F., .F.,
 ( 4, 1, 1, 1, 2, 2, 2, 1, 1, 1, 2, 2, 4 ),
 ( 0.000000000000000000, 0.06249999999999744649, 0.09374999999999616973, 0.1093749999999955591, 0.1171874999999952816, 0.1249999999999950040, 0.2499999999999913958, 0.3124999999999894529, 0.3437499999999884537, 0.3593749999999879541, 0.3671874999999878431, 0.3749999999999877320, 0.5000000008672118579 ),
 .UNSPECIFIED. ) ;
#892 = LINE ( 'NONE', #3822, #8162 ) ;
#893 = CARTESIAN_POINT ( 'NONE',  ( -0.1555055948475706495, -0.2167203281678364568, 0.7283464566918570471 ) ) ;
#894 = CYLINDRICAL_SURFACE ( 'NONE', #6630, 0.007874015748031468198 ) ;
#895 = CARTESIAN_POINT ( 'NONE',  ( -0.04765251432948513360, -0.2255785958843719297, 0.6530466466072971654 ) ) ;
#896 = AXIS2_PLACEMENT_3D ( 'NONE', #3466, #4621, #3374 ) ;
#897 = ORIENTED_EDGE ( 'NONE', *, *, #6163, .T. ) ;
#898 = EDGE_CURVE ( 'NONE', #8112, #4965, #2178, .T. ) ;
#899 = CARTESIAN_POINT ( 'NONE',  ( -0.1003874846113502334, -0.3909329265930331365, 0.7283464566918568250 ) ) ;
#900 = FACE_OUTER_BOUND ( 'NONE', #4180, .T. ) ;
#901 = ORIENTED_EDGE ( 'NONE', *, *, #277, .F. ) ;
#902 = CARTESIAN_POINT ( 'NONE',  ( -0.04487640693675148257, -0.2310653708407209017, 0.4272642286459833461 ) ) ;
#903 = AXIS2_PLACEMENT_3D ( 'NONE', #4859, #1553, #4986 ) ;
#904 = LINE ( 'NONE', #4947, #3987 ) ;
#905 = LINE ( 'NONE', #4416, #2896 ) ;
#906 = FACE_OUTER_BOUND ( 'NONE', #3730, .T. ) ;
#907 = AXIS2_PLACEMENT_3D ( 'NONE', #1176, #3855, #8476 ) ;
#908 = DIRECTION ( 'NONE',  ( 1.000000000000000000, 0.000000000000000000, 0.000000000000000000 ) ) ;
#909 = EDGE_CURVE ( 'NONE', #918, #3137, #4014, .T. ) ;
#910 = ORIENTED_EDGE ( 'NONE', *, *, #1200, .T. ) ;
#911 = CARTESIAN_POINT ( 'NONE',  ( -0.04577127260719273533, -0.2412089842648444671, 0.4021010692366924211 ) ) ;
#912 = ORIENTED_EDGE ( 'NONE', *, *, #4658, .T. ) ;
#913 = CARTESIAN_POINT ( 'NONE',  ( 0.1343204626295833870, -0.3630481920653120254, 0.2633859138839834690 ) ) ;
#914 = VECTOR ( 'NONE', #5160, 39.37007874015748143 ) ;
#915 = DIRECTION ( 'NONE',  ( 1.000000000000000000, 9.117121629785412755E-17, -9.282927046011350088E-49 ) ) ;
#916 = CARTESIAN_POINT ( 'NONE',  ( -0.05320113532175551468, -0.3909329265930334141, 0.2952755905501241451 ) ) ;
#917 = CARTESIAN_POINT ( 'NONE',  ( 0.04134479885321703380, -0.2177045801363403921, 0.4881889763768958446 ) ) ;
#918 = VERTEX_POINT ( 'NONE', #3353 ) ;
#919 = ADVANCED_FACE ( 'NONE', ( #8067 ), #4731, .T. ) ;
#920 = VECTOR ( 'NONE', #1762, 39.37007874015748143 ) ;
#921 = ORIENTED_EDGE ( 'NONE', *, *, #5250, .F. ) ;
#922 = DIRECTION ( 'NONE',  ( 1.716572833537972315E-33, -1.882801286680184389E-17, 1.000000000000000000 ) ) ;
#923 = LINE ( 'NONE', #7118, #3444 ) ;
#924 = CARTESIAN_POINT ( 'NONE',  ( 0.1594550350736892996, -0.3997911943095688869, 0.1909448818887074795 ) ) ;
#925 = CARTESIAN_POINT ( 'NONE',  ( 0.03989234369136207548, -0.4391612730497263528, 0.5489938757644728939 ) ) ;
#926 = VECTOR ( 'NONE', #4168, 39.37007874015748143 ) ;
#927 = LINE ( 'NONE', #6872, #3780 ) ;
#928 = ORIENTED_EDGE ( 'NONE', *, *, #2638, .F. ) ;
#929 = EDGE_CURVE ( 'NONE', #1476, #7212, #1033, .T. ) ;
#930 = DIRECTION ( 'NONE',  ( -1.000000000000000000, 6.505213034913026604E-15, -4.336808689942017736E-14 ) ) ;
#931 = AXIS2_PLACEMENT_3D ( 'NONE', #7484, #2826, #1324 ) ;
#932 = LINE ( 'NONE', #7783, #4938 ) ;
#933 = LINE ( 'NONE', #4221, #4429 ) ;
#934 = DIRECTION ( 'NONE',  ( -3.035766082959422276E-15, 0.07845909572784552644, 0.9969173337331278528 ) ) ;
#935 = CARTESIAN_POINT ( 'NONE',  ( -0.05156595110939853066, -0.2255785958843719297, 0.6458117548431779875 ) ) ;
#936 = EDGE_CURVE ( 'NONE', #5839, #242, #3706, .T. ) ;
#937 = EDGE_CURVE ( 'NONE', #1532, #7410, #6443, .T. ) ;
#938 = EDGE_LOOP ( 'NONE', ( #3361, #8047, #4434, #203, #1512 ) ) ;
#939 = ORIENTED_EDGE ( 'NONE', *, *, #2273, .T. ) ;
#940 = PLANE ( 'NONE',  #1453 ) ;
#941 = VERTEX_POINT ( 'NONE', #6942 ) ;
#942 = LINE ( 'NONE', #1774, #1019 ) ;
#943 = CARTESIAN_POINT ( 'NONE',  ( 0.06496684609731118165, -0.5730195407662619367, 0.7598425196839831974 ) ) ;
#944 = FACE_OUTER_BOUND ( 'NONE', #3328, .T. ) ;
#945 = ADVANCED_FACE ( 'NONE', ( #2431 ), #2301, .F. ) ;
#946 = DIRECTION ( 'NONE',  ( 0.5038710255393504811, 6.170640386098597723E-17, -0.8637789008895292442 ) ) ;
#947 = CARTESIAN_POINT ( 'NONE',  ( 0.04134479885321685338, -0.2226258399788601239, -1.056269026750287463E-12 ) ) ;
#948 = ORIENTED_EDGE ( 'NONE', *, *, #4567, .F. ) ;
#949 = DIRECTION ( 'NONE',  ( 0.000000000000000000, 0.000000000000000000, 1.000000000000000000 ) ) ;
#950 = VERTEX_POINT ( 'NONE', #6363 ) ;
#951 = CYLINDRICAL_SURFACE ( 'NONE', #3546, 0.07086614173228347746 ) ;
#952 = LINE ( 'NONE', #2391, #6384 ) ;
#953 = CARTESIAN_POINT ( 'NONE',  ( -0.04487567358772805853, -0.2226258399788601239, 0.03937007873910121358 ) ) ;
#954 = EDGE_CURVE ( 'NONE', #7252, #3017, #4371, .T. ) ;
#955 = CARTESIAN_POINT ( 'NONE',  ( -0.08857646098930285761, -0.3988069423410648406, 0.3582677165343768344 ) ) ;
#956 = FACE_OUTER_BOUND ( 'NONE', #5802, .T. ) ;
#957 = ORIENTED_EDGE ( 'NONE', *, *, #3252, .F. ) ;
#958 = ORIENTED_EDGE ( 'NONE', *, *, #8680, .F. ) ;
#959 = DIRECTION ( 'NONE',  ( 1.411854421747038033E-17, 7.425991029036739954E-17, -1.000000000000000000 ) ) ;
#960 = VERTEX_POINT ( 'NONE', #411 ) ;
#961 = DIRECTION ( 'NONE',  ( -0.7239618166986742098, -0.6898400452005922778, -8.673617379884036705E-17 ) ) ;
#962 = DIRECTION ( 'NONE',  ( 0.000000000000000000, 0.000000000000000000, -1.000000000000000000 ) ) ;
#963 = CARTESIAN_POINT ( 'NONE',  ( -0.05300205789929410966, -0.2098305643883089100, 0.6574803149595732643 ) ) ;
#964 = ADVANCED_FACE ( 'NONE', ( #8412 ), #7758, .T. ) ;
#965 = CARTESIAN_POINT ( 'NONE',  ( -0.09645047673733436744, -0.04546048564815143717, 0.1909448818887074795 ) ) ;
#966 = LINE ( 'NONE', #7562, #4494 ) ;
#967 = CIRCLE ( 'NONE', #3077, 0.1082677165354331006 ) ;
#968 = VERTEX_POINT ( 'NONE', #1732 ) ;
#969 = CARTESIAN_POINT ( 'NONE',  ( 0.02836668478934982821, -0.4391612730497262418, 0.5878171478554616858 ) ) ;
#970 = DIRECTION ( 'NONE',  ( -0.9995402628398960543, 0.005004136067591420482, -0.02990353798747930752 ) ) ;
#971 = LINE ( 'NONE', #2161, #1896 ) ;
#972 = CARTESIAN_POINT ( 'NONE',  ( 0.07087235790833486260, -0.4352242651757104452, 0.5878171478554616858 ) ) ;
#973 = VECTOR ( 'NONE', #5217, 39.37007874015748143 ) ;
#974 = ADVANCED_FACE ( 'NONE', ( #906 ), #5690, .F. ) ;
#975 = ORIENTED_EDGE ( 'NONE', *, *, #5933, .F. ) ;
#976 = ORIENTED_EDGE ( 'NONE', *, *, #8457, .T. ) ;
#977 = CIRCLE ( 'NONE', #2098, 0.01574803149606306824 ) ;
#978 = ORIENTED_EDGE ( 'NONE', *, *, #2911, .T. ) ;
#979 = CARTESIAN_POINT ( 'NONE',  ( -0.04723787831213710486, -0.2255785958843719297, 0.6574803149595727092 ) ) ;
#980 = ORIENTED_EDGE ( 'NONE', *, *, #6627, .T. ) ;
#981 = CARTESIAN_POINT ( 'NONE',  ( 0.05245227682921673601, -0.4391612730497262418, 0.5859079909986513179 ) ) ;
#982 = EDGE_CURVE ( 'NONE', #4590, #5780, #4419, .T. ) ;
#983 = DIRECTION ( 'NONE',  ( 3.330669073875468635E-16, -6.231570711506254047E-16, -1.000000000000000000 ) ) ;
#984 = DIRECTION ( 'NONE',  ( 1.737850800384704371E-16, 1.000000000000000000, -1.448216729911410023E-17 ) ) ;
#985 = CIRCLE ( 'NONE', #1549, 0.1240157480314960647 ) ;
#986 = FACE_OUTER_BOUND ( 'NONE', #1783, .T. ) ;
#987 = CARTESIAN_POINT ( 'NONE',  ( 0.04134479885321681175, -0.4184919817111433238, 0.3885826771642975630 ) ) ;
#988 = ORIENTED_EDGE ( 'NONE', *, *, #5287, .F. ) ;
#989 =( NAMED_UNIT ( * ) SI_UNIT ( $, .STERADIAN. ) SOLID_ANGLE_UNIT ( ) );
#990 = CIRCLE ( 'NONE', #429, 0.01574803149606289823 ) ;
#991 = ORIENTED_EDGE ( 'NONE', *, *, #5593, .F. ) ;
#992 = EDGE_CURVE ( 'NONE', #7014, #501, #8419, .T. ) ;
#993 = LINE ( 'NONE', #378, #4389 ) ;
#994 = EDGE_CURVE ( 'NONE', #1520, #8059, #8371, .T. ) ;
#995 = LINE ( 'NONE', #283, #4121 ) ;
#996 =( CONVERSION_BASED_UNIT ( 'INCH', #5698 ) LENGTH_UNIT ( ) NAMED_UNIT ( #3864 ) );
#997 = VECTOR ( 'NONE', #5640, 39.37007874015748143 ) ;
#998 = AXIS2_PLACEMENT_3D ( 'NONE', #6652, #7360, #4557 ) ;
#999 = CARTESIAN_POINT ( 'NONE',  ( -0.1555055948475705663, -0.04546048564815143717, 0.1181102362194161454 ) ) ;
#1000 = CARTESIAN_POINT ( 'NONE',  ( -0.04920638224914537784, -0.2226258399788601239, 0.2165354330698099350 ) ) ;
#1001 = VERTEX_POINT ( 'NONE', #3748 ) ;
#1002 = EDGE_CURVE ( 'NONE', #6018, #8473, #3581, .T. ) ;
#1003 = TOROIDAL_SURFACE ( 'NONE', #6616, 0.01195235584591410744, 0.01574803149606309946 ) ;
#1004 = CARTESIAN_POINT ( 'NONE',  ( 0.04528180672723269157, -0.2410974499539382809, 0.6029016561127540363 ) ) ;
#1005 = VERTEX_POINT ( 'NONE', #239 ) ;
#1006 = PLANE ( 'NONE',  #4943 ) ;
#1007 = CARTESIAN_POINT ( 'NONE',  ( 0.1555180271996734476, -0.3446730840733485124, 0.2027559055107547303 ) ) ;
#1008 = DIRECTION ( 'NONE',  ( 0.000000000000000000, 0.000000000000000000, 1.000000000000000000 ) ) ;
#1009 = DIRECTION ( 'NONE',  ( -1.000000000000000000, 1.927470528863116583E-15, 0.000000000000000000 ) ) ;
#1010 = VECTOR ( 'NONE', #4739, 39.37007874015748143 ) ;
#1011 = CARTESIAN_POINT ( 'NONE',  ( -0.09866196948141356393, -0.2334526116324034117, 0.4409448818887066190 ) ) ;
#1012 = ORIENTED_EDGE ( 'NONE', *, *, #1219, .F. ) ;
#1013 = ADVANCED_FACE ( 'NONE', ( #2341 ), #2929, .T. ) ;
#1014 = CARTESIAN_POINT ( 'NONE',  ( 0.03529795481832569831, -0.2464760401178898441, 0.6349184154092921695 ) ) ;
#1015 = CARTESIAN_POINT ( 'NONE',  ( 0.1275660046431863759, -0.2310653708407211793, 0.4272642286459836236 ) ) ;
#1016 = AXIS2_PLACEMENT_3D ( 'NONE', #3044, #7094, #8355 ) ;
#1017 = CARTESIAN_POINT ( 'NONE',  ( -0.1515685869735546865, -0.2177045801363404198, 0.7283464566918566030 ) ) ;
#1018 = DIRECTION ( 'NONE',  ( 1.000000000000000000, 0.000000000000000000, 0.000000000000000000 ) ) ;
#1019 = VECTOR ( 'NONE', #5028, 39.37007874015748143 ) ;
#1020 = CARTESIAN_POINT ( 'NONE',  ( -0.06383484161404044677, -0.2255785958843719574, 0.6397624594536902576 ) ) ;
#1021 = ORIENTED_EDGE ( 'NONE', *, *, #5663, .F. ) ;
#1022 = ORIENTED_EDGE ( 'NONE', *, *, #4808, .F. ) ;
#1023 = ORIENTED_EDGE ( 'NONE', *, *, #4055, .T. ) ;
#1024 = EDGE_CURVE ( 'NONE', #470, #1720, #5602, .T. ) ;
#1025 = EDGE_CURVE ( 'NONE', #7548, #3134, #1644, .T. ) ;
#1026 = CARTESIAN_POINT ( 'NONE',  ( -0.1436945712255233154, -0.2462478872229545701, 0.6141732283454004460 ) ) ;
#1027 = EDGE_LOOP ( 'NONE', ( #7460, #2331, #3277, #6182 ) ) ;
#1028 = CARTESIAN_POINT ( 'NONE',  ( 0.05442722076817591709, -0.4391612730497261863, 0.5878007555141834262 ) ) ;
#1029 = DIRECTION ( 'NONE',  ( -0.000000000000000000, -0.000000000000000000, -1.000000000000000000 ) ) ;
#1030 = FACE_OUTER_BOUND ( 'NONE', #8337, .T. ) ;
#1031 = CARTESIAN_POINT ( 'NONE',  ( 0.06496684609731165350, -0.5730195407662621587, 0.2027559055107547026 ) ) ;
#1032 = TOROIDAL_SURFACE ( 'NONE', #43, 0.09055118110236221041, 0.01968503937007875029 ) ;
#1033 = LINE ( 'NONE', #3661, #834 ) ;
#1034 = DIRECTION ( 'NONE',  ( 0.000000000000000000, 0.000000000000000000, 1.000000000000000000 ) ) ;
#1035 = EDGE_LOOP ( 'NONE', ( #3978, #4549, #4497, #4588 ) ) ;
#1036 = FACE_OUTER_BOUND ( 'NONE', #2470, .T. ) ;
#1037 =( GEOMETRIC_REPRESENTATION_CONTEXT ( 3 ) GLOBAL_UNCERTAINTY_ASSIGNED_CONTEXT ( ( #3890 ) ) GLOBAL_UNIT_ASSIGNED_CONTEXT ( ( #996, #1694, #6453 ) ) REPRESENTATION_CONTEXT ( 'NONE', 'WORKASPACE' ) );
#1038 = ORIENTED_EDGE ( 'NONE', *, *, #868, .T. ) ;
#1039 = LINE ( 'NONE', #8418, #6632 ) ;
#1040 = LINE ( 'NONE', #3021, #7498 ) ;
#1041 = CARTESIAN_POINT ( 'NONE',  ( -0.05050924320985742538, -0.3277889557025912559, 0.2718573705992835543 ) ) ;
#1042 = AXIS2_PLACEMENT_3D ( 'NONE', #1725, #3784, #5359 ) ;
#1043 = EDGE_CURVE ( 'NONE', #5780, #4407, #7709, .T. ) ;
#1044 = CARTESIAN_POINT ( 'NONE',  ( 0.07087235790833486260, -0.4391612730497262418, 0.7283464566918570471 ) ) ;
#1045 = ADVANCED_FACE ( 'NONE', ( #986 ), #1685, .F. ) ;
#1046 = DIRECTION ( 'NONE',  ( 3.330669073875469621E-16, -3.511521488730100433E-17, -1.000000000000000000 ) ) ;
#1047 = ORIENTED_EDGE ( 'NONE', *, *, #2821, .F. ) ;
#1048 = EDGE_LOOP ( 'NONE', ( #2443, #746, #4173, #6236 ) ) ;
#1049 = AXIS2_PLACEMENT_3D ( 'NONE', #3183, #4593, #4415 ) ;
#1050 = ORIENTED_EDGE ( 'NONE', *, *, #6698, .F. ) ;
#1051 = LINE ( 'NONE', #8342, #448 ) ;
#1052 = DIRECTION ( 'NONE',  ( 1.411854421747038033E-17, 7.425991029036739954E-17, -1.000000000000000000 ) ) ;
#1053 = CARTESIAN_POINT ( 'NONE',  ( -0.05623562669244019235, -0.2255785958843718464, 0.6729176461586108271 ) ) ;
#1054 = DIRECTION ( 'NONE',  ( -0.000000000000000000, -0.000000000000000000, -1.000000000000000000 ) ) ;
#1055 = EDGE_CURVE ( 'NONE', #2224, #7958, #1117, .T. ) ;
#1056 = CIRCLE ( 'NONE', #6669, 0.01574803149606310293 ) ;
#1057 = CARTESIAN_POINT ( 'NONE',  ( -0.02592684560836239910, -0.2443137815742076890, 0.6623925151578433645 ) ) ;
#1058 = EDGE_LOOP ( 'NONE', ( #3225, #1331 ) ) ;
#1059 = DIRECTION ( 'NONE',  ( 0.000000000000000000, 0.000000000000000000, -1.000000000000000000 ) ) ;
#1060 = DIRECTION ( 'NONE',  ( 0.000000000000000000, 0.000000000000000000, 1.000000000000000000 ) ) ;
#1061 = AXIS2_PLACEMENT_3D ( 'NONE', #3991, #1927, #694 ) ;
#1062 = PLANE ( 'NONE',  #2740 ) ;
#1063 = LINE ( 'NONE', #2418, #3390 ) ;
#1064 = ORIENTED_EDGE ( 'NONE', *, *, #5306, .T. ) ;
#1065 = ADVANCED_FACE ( 'NONE', ( #7391 ), #2773, .F. ) ;
#1066 = VERTEX_POINT ( 'NONE', #1970 ) ;
#1067 = VECTOR ( 'NONE', #7798, 39.37007874015748143 ) ;
#1068 = VERTEX_POINT ( 'NONE', #7195 ) ;
#1069 = ORIENTED_EDGE ( 'NONE', *, *, #3289, .F. ) ;
#1070 = CARTESIAN_POINT ( 'NONE',  ( 0.05486971956625271568, -0.4391612730497262418, 0.5878171478554616858 ) ) ;
#1071 = CARTESIAN_POINT ( 'NONE',  ( 0.04134479885321681175, -0.4184919817111433238, 0.3885826771642975630 ) ) ;
#1072 = LINE ( 'NONE', #6183, #4381 ) ;
#1073 = CARTESIAN_POINT ( 'NONE',  ( -0.02952134287906664142, -0.2226258399788601239, 0.4327231820675714324 ) ) ;
#1074 = EDGE_CURVE ( 'NONE', #1241, #4723, #2477, .T. ) ;
#1075 = DIRECTION ( 'NONE',  ( 3.330669073875468635E-16, -6.231570711506254047E-16, -1.000000000000000000 ) ) ;
#1076 = DIRECTION ( 'NONE',  ( -1.347081331646212191E-16, 0.07845909572784610930, 0.9969173337331278528 ) ) ;
#1077 = ORIENTED_EDGE ( 'NONE', *, *, #936, .T. ) ;
#1078 = DIRECTION ( 'NONE',  ( -1.737850800384704371E-16, -1.000000000000000000, 1.448216729911410023E-17 ) ) ;
#1079 = ORIENTED_EDGE ( 'NONE', *, *, #2590, .T. ) ;
#1080 = CARTESIAN_POINT ( 'NONE',  ( 0.1247261970436229633, -0.2064923724623926871, 0.5278666353227725594 ) ) ;
#1081 = CARTESIAN_POINT ( 'NONE',  ( -0.05095789189517375278, -0.3396453587518808992, 0.2601715252330966122 ) ) ;
#1082 = CARTESIAN_POINT ( 'NONE',  ( -0.06495441374520820321, -0.2177045801363403921, 0.6574803149595729312 ) ) ;
#1083 = CLOSED_SHELL ( 'NONE', ( #3770, #4789, #6313, #5042, #3627, #1683, #4236, #5086, #5808, #964, #2008, #2781, #4102, #3407, #2487, #2059, #3184, #5614 ) ) ;
#1084 = LINE ( 'NONE', #7119, #4832 ) ;
#1085 = EDGE_CURVE ( 'NONE', #362, #4404, #286, .T. ) ;
#1086 = CARTESIAN_POINT ( 'NONE',  ( 0.2381951925540042037, -0.4391612730497262418, 0.1181102362194161731 ) ) ;
#1087 = DIRECTION ( 'NONE',  ( 0.000000000000000000, 1.000000000000000000, 0.000000000000000000 ) ) ;
#1088 = ORIENTED_EDGE ( 'NONE', *, *, #5152, .F. ) ;
#1089 = ORIENTED_EDGE ( 'NONE', *, *, #5882, .T. ) ;
#1090 = VERTEX_POINT ( 'NONE', #6641 ) ;
#1091 = CARTESIAN_POINT ( 'NONE',  ( -0.04084237512568004991, -0.2513872556778974920, 0.5576101637574475411 ) ) ;
#1092 = EDGE_CURVE ( 'NONE', #6223, #1420, #1161, .T. ) ;
#1093 = CARTESIAN_POINT ( 'NONE',  ( -0.05328585362876912118, -0.2255785958843718741, 0.6708687775953707799 ) ) ;
#1094 = PLANE ( 'NONE',  #1938 ) ;
#1095 = CARTESIAN_POINT ( 'NONE',  ( -0.003599447571044253526, -0.3022248682205709303, 0.2165354330698099627 ) ) ;
#1096 = ORIENTED_EDGE ( 'NONE', *, *, #8413, .F. ) ;
#1097 = LINE ( 'NONE', #5847, #2982 ) ;
#1098 = CARTESIAN_POINT ( 'NONE',  ( 0.04263400713359719735, -0.3751848950969702834, 0.3838502321687576324 ) ) ;
#1099 = EDGE_CURVE ( 'NONE', #5467, #5919, #2679, .T. ) ;
#1100 = DIRECTION ( 'NONE',  ( -1.000000000000000000, 0.000000000000000000, 0.000000000000000000 ) ) ;
#1101 = DIRECTION ( 'NONE',  ( 0.000000000000000000, 0.000000000000000000, 1.000000000000000000 ) ) ;
#1102 = B_SPLINE_CURVE_WITH_KNOTS ( 'NONE', 3,
 ( #7573, #140, #3526, #1416 ),
 .UNSPECIFIED., .F., .F.,
 ( 4, 4 ),
 ( 0.000000000000000000, 1.000000000000000000 ),
 .UNSPECIFIED. ) ;
#1103 = DIRECTION ( 'NONE',  ( 1.000000000000000000, 0.000000000000000000, 0.000000000000000000 ) ) ;
#1104 = ORIENTED_EDGE ( 'NONE', *, *, #4634, .F. ) ;
#1105 = VERTEX_POINT ( 'NONE', #615 ) ;
#1106 = EDGE_LOOP ( 'NONE', ( #6608, #2279, #5588, #4084 ) ) ;
#1107 = ORIENTED_EDGE ( 'NONE', *, *, #2613, .T. ) ;
#1108 = CARTESIAN_POINT ( 'NONE',  ( -0.1003874846113502056, -0.3988069423410648406, 0.5775590551170539655 ) ) ;
#1109 = DIRECTION ( 'NONE',  ( 1.000000000000000000, 0.000000000000000000, 0.000000000000000000 ) ) ;
#1110 = ORIENTED_EDGE ( 'NONE', *, *, #4790, .T. ) ;
#1111 = CARTESIAN_POINT ( 'NONE',  ( 0.05472083211063606678, -0.4352242651757105563, 0.5878116323286508571 ) ) ;
#1112 = EDGE_CURVE ( 'NONE', #4694, #645, #5317, .T. ) ;
#1113 = LINE ( 'NONE', #8540, #8489 ) ;
#1114 = CARTESIAN_POINT ( 'NONE',  ( -0.07676543736725569000, -0.3879801706875215528, 0.3562992125973689084 ) ) ;
#1115 = CARTESIAN_POINT ( 'NONE',  ( 0.03777346792583276963, -0.4352242651757104452, 0.5894575678029682075 ) ) ;
#1116 = CIRCLE ( 'NONE', #7845, 0.007874015748031244419 ) ;
#1117 = LINE ( 'NONE', #6109, #4205 ) ;
#1118 = CARTESIAN_POINT ( 'NONE',  ( 0.04241822303360812119, -0.2414063440316069620, 0.5989767847201038498 ) ) ;
#1119 = ORIENTED_EDGE ( 'NONE', *, *, #6966, .T. ) ;
#1120 = ORIENTED_EDGE ( 'NONE', *, *, #5663, .T. ) ;
#1121 = CARTESIAN_POINT ( 'NONE',  ( 0.1247261970436226997, -0.2694869909626958493, 0.5226472879800443394 ) ) ;
#1122 = ADVANCED_FACE ( 'NONE', ( #3144 ), #7800, .T. ) ;
#1123 = VECTOR ( 'NONE', #4753, 39.37007874015748143 ) ;
#1124 = DIRECTION ( 'NONE',  ( 1.000000000000000000, 0.000000000000000000, 0.000000000000000000 ) ) ;
#1125 = FACE_OUTER_BOUND ( 'NONE', #3052, .T. ) ;
#1126 = LINE ( 'NONE', #3716, #6599 ) ;
#1127 = AXIS2_PLACEMENT_3D ( 'NONE', #8645, #6631, #8565 ) ;
#1128 = VERTEX_POINT ( 'NONE', #3791 ) ;
#1129 = ORIENTED_EDGE ( 'NONE', *, *, #7305, .F. ) ;
#1130 = ORIENTED_EDGE ( 'NONE', *, *, #74, .F. ) ;
#1131 = EDGE_CURVE ( 'NONE', #1895, #783, #1359, .T. ) ;
#1132 = VERTEX_POINT ( 'NONE', #4081 ) ;
#1133 = LINE ( 'NONE', #5226, #2692 ) ;
#1134 = CARTESIAN_POINT ( 'NONE',  ( 0.03709167815873425089, -0.3751848950969702279, 0.3861604005814265328 ) ) ;
#1135 = DIRECTION ( 'NONE',  ( -1.000000000000000000, 0.000000000000000000, 0.000000000000000000 ) ) ;
#1136 = ORIENTED_EDGE ( 'NONE', *, *, #4949, .T. ) ;
#1137 = VECTOR ( 'NONE', #1224, 39.37007874015748143 ) ;
#1138 = VECTOR ( 'NONE', #6060, 39.37007874015748143 ) ;
#1139 = CARTESIAN_POINT ( 'NONE',  ( 0.1336474896016088543, -0.3396453587518811768, 0.2601715252330966122 ) ) ;
#1140 = LINE ( 'NONE', #8610, #8577 ) ;
#1141 = CARTESIAN_POINT ( 'NONE',  ( 0.01181723979809863774, -0.4352242651757104452, 0.5393700787391012552 ) ) ;
#1142 = CARTESIAN_POINT ( 'NONE',  ( 0.04670927644917670374, -0.2451600573097137414, 0.6516395623992500274 ) ) ;
#1143 = VECTOR ( 'NONE', #3899, 39.37007874015748143 ) ;
#1144 = AXIS2_PLACEMENT_3D ( 'NONE', #2086, #7412, #4735 ) ;
#1145 = ORIENTED_EDGE ( 'NONE', *, *, #7496, .T. ) ;
#1146 = EDGE_CURVE ( 'NONE', #5112, #312, #2945, .T. ) ;
#1147 = EDGE_CURVE ( 'NONE', #6111, #3976, #6686, .T. ) ;
#1148 = EDGE_LOOP ( 'NONE', ( #7393, #6102, #8190, #2529 ) ) ;
#1149 = EDGE_LOOP ( 'NONE', ( #2743, #8181, #3298, #171, #3309, #1450, #3267, #6480, #3333 ) ) ;
#1150 = B_SPLINE_CURVE_WITH_KNOTS ( 'NONE', 3,
 ( #7521, #3424, #6295, #8223 ),
 .UNSPECIFIED., .F., .F.,
 ( 4, 4 ),
 ( 0.000000000000000000, 1.000000000000000000 ),
 .UNSPECIFIED. ) ;
#1151 = VERTEX_POINT ( 'NONE', #8503 ) ;
#1152 = VECTOR ( 'NONE', #2094, 39.37007874015748143 ) ;
#1153 = VECTOR ( 'NONE', #4673, 39.37007874015748143 ) ;
#1154 = DIRECTION ( 'NONE',  ( -1.000000000000000000, 0.000000000000000000, 0.000000000000000000 ) ) ;
#1155 = EDGE_LOOP ( 'NONE', ( #6717, #1751, #7168, #1329 ) ) ;
#1156 = FACE_BOUND ( 'NONE', #2932, .T. ) ;
#1157 = CARTESIAN_POINT ( 'NONE',  ( -0.04541624490730230418, -0.2347443164998378740, 0.4108375663081866858 ) ) ;
#1158 = CARTESIAN_POINT ( 'NONE',  ( 0.02962854358191055471, -0.4352242651757103342, 0.5875662237741490213 ) ) ;
#1159 = DIRECTION ( 'NONE',  ( 9.117121629785412755E-17, -1.000000000000000000, -1.882801286680184389E-17 ) ) ;
#1160 = AXIS2_PLACEMENT_3D ( 'NONE', #7568, #6160, #4805 ) ;
#1161 = LINE ( 'NONE', #3426, #1815 ) ;
#1162 = ADVANCED_FACE ( 'NONE', ( #8048 ), #7432, .T. ) ;
#1163 = CARTESIAN_POINT ( 'NONE',  ( -0.06495441374520820321, -0.2098305643883089100, 0.6574803149595729312 ) ) ;
#1164 = VERTEX_POINT ( 'NONE', #700 ) ;
#1165 = CARTESIAN_POINT ( 'NONE',  ( -0.07034450830454078152, -0.2255785958843719297, 0.6743993007675281870 ) ) ;
#1166 = VERTEX_POINT ( 'NONE', #836 ) ;
#1167 = CARTESIAN_POINT ( 'NONE',  ( 0.04528180672723274014, -0.2385420774420630163, 0.6353707424258343561 ) ) ;
#1168 = DIRECTION ( 'NONE',  ( 0.000000000000000000, 0.000000000000000000, 1.000000000000000000 ) ) ;
#1169 = DIRECTION ( 'NONE',  ( 0.000000000000000000, 1.000000000000000000, 0.000000000000000000 ) ) ;
#1170 = EDGE_CURVE ( 'NONE', #3017, #1005, #7645, .T. ) ;
#1171 = STYLED_ITEM ( 'NONE', ( #388 ), #5966 ) ;
#1172 = FACE_OUTER_BOUND ( 'NONE', #7627, .T. ) ;
#1173 = ORIENTED_EDGE ( 'NONE', *, *, #4790, .F. ) ;
#1174 = VERTEX_POINT ( 'NONE', #5453 ) ;
#1175 = ORIENTED_EDGE ( 'NONE', *, *, #3747, .T. ) ;
#1176 = CARTESIAN_POINT ( 'NONE',  ( 0.04134479885321676318, -0.2226258399788601239, 0.2027559055107547303 ) ) ;
#1177 = ORIENTED_EDGE ( 'NONE', *, *, #7951, .T. ) ;
#1178 = DIRECTION ( 'NONE',  ( -1.000000000000000000, 1.737850800384704371E-16, -3.330669073875469621E-16 ) ) ;
#1179 = VECTOR ( 'NONE', #3714, 39.37007874015748143 ) ;
#1180 = CYLINDRICAL_SURFACE ( 'NONE', #3555, 0.01574803149606289823 ) ;
#1181 = CARTESIAN_POINT ( 'NONE',  ( 0.1318959799555790569, -0.2111041174189345893, 0.2165354330698099350 ) ) ;
#1182 = ADVANCED_FACE ( 'NONE', ( #2201 ), #5497, .T. ) ;
#1183 = CARTESIAN_POINT ( 'NONE',  ( -0.02710100363243391625, -0.2822408133770406558, 0.2165354330698099627 ) ) ;
#1184 = VERTEX_POINT ( 'NONE', #8179 ) ;
#1185 = CARTESIAN_POINT ( 'NONE',  ( -0.1003874846113500946, -0.3909329265930334141, 0.2952755905501238676 ) ) ;
#1186 = DIRECTION ( 'NONE',  ( 9.117121629785412755E-17, -1.000000000000000000, -1.882801286680184389E-17 ) ) ;
#1187 = DIRECTION ( 'NONE',  ( 0.000000000000000000, 0.000000000000000000, 1.000000000000000000 ) ) ;
#1188 = VECTOR ( 'NONE', #8657, 39.37007874015748143 ) ;
#1189 = EDGE_LOOP ( 'NONE', ( #7455, #2985, #1952, #7373 ) ) ;
#1190 = EDGE_CURVE ( 'NONE', #2254, #7115, #5623, .T. ) ;
#1191 = EDGE_LOOP ( 'NONE', ( #7350, #2135, #550, #3217, #806 ) ) ;
#1192 = ORIENTED_EDGE ( 'NONE', *, *, #7582, .F. ) ;
#1193 = CIRCLE ( 'NONE', #1327, 0.1476377952755905387 ) ;
#1194 = FACE_OUTER_BOUND ( 'NONE', #1892, .T. ) ;
#1195 = ORIENTED_EDGE ( 'NONE', *, *, #210, .T. ) ;
#1196 = CARTESIAN_POINT ( 'NONE',  ( 0.03692624249523030616, -0.2451293780127118682, 0.6520293798281169284 ) ) ;
#1197 = CARTESIAN_POINT ( 'NONE',  ( -0.09645047673733432581, -0.3210510368292537886, 0.1889763779516996645 ) ) ;
#1198 = CARTESIAN_POINT ( 'NONE',  ( 0.08465188546738987296, -0.3909329265930331365, 0.7283464566918568250 ) ) ;
#1199 = DIRECTION ( 'NONE',  ( 0.000000000000000000, 0.000000000000000000, 1.000000000000000000 ) ) ;
#1200 = EDGE_CURVE ( 'NONE', #660, #8216, #6965, .T. ) ;
#1201 = AXIS2_PLACEMENT_3D ( 'NONE', #4075, #6772, #4619 ) ;
#1202 = VERTEX_POINT ( 'NONE', #1497 ) ;
#1203 = CARTESIAN_POINT ( 'NONE',  ( 0.1356735312139986382, -0.3988069423410648406, 0.2881150821256299732 ) ) ;
#1204 = ORIENTED_EDGE ( 'NONE', *, *, #5126, .F. ) ;
#1205 = DIRECTION ( 'NONE',  ( 6.269303204385536569E-33, -7.228014483236698281E-17, 1.000000000000000000 ) ) ;
#1206 = VERTEX_POINT ( 'NONE', #6154 ) ;
#1207 = CARTESIAN_POINT ( 'NONE',  ( 0.1482289253343203050, -0.1207793766126309815, 0.1181102362194162009 ) ) ;
#1208 = VECTOR ( 'NONE', #4139, 39.37007874015748143 ) ;
#1209 = CARTESIAN_POINT ( 'NONE',  ( -0.05140654058049012876, -0.3553474652480365648, 0.2552656002105948008 ) ) ;
#1210 = DIRECTION ( 'NONE',  ( 0.000000000000000000, 1.000000000000000000, 0.000000000000000000 ) ) ;
#1211 = EDGE_CURVE ( 'NONE', #6506, #5780, #3513, .T. ) ;
#1212 = CARTESIAN_POINT ( 'NONE',  ( 0.03664226782137481458, -0.4391612730497597705, 0.5878100790163692801 ) ) ;
#1213 = CARTESIAN_POINT ( 'NONE',  ( -0.1259780357924523975, -0.2334526116324034117, 0.4976528653221189979 ) ) ;
#1214 = ORIENTED_EDGE ( 'NONE', *, *, #4730, .F. ) ;
#1215 = ORIENTED_EDGE ( 'NONE', *, *, #7064, .F. ) ;
#1216 = VERTEX_POINT ( 'NONE', #223 ) ;
#1217 = ORIENTED_EDGE ( 'NONE', *, *, #5986, .F. ) ;
#1218 = DIRECTION ( 'NONE',  ( 1.411854421747038033E-17, 7.425991029036739954E-17, -1.000000000000000000 ) ) ;
#1219 = EDGE_CURVE ( 'NONE', #5743, #3986, #1544, .T. ) ;
#1220 = CARTESIAN_POINT ( 'NONE',  ( -0.04723787831213710486, -0.2255785958843719297, 0.6574803149595727092 ) ) ;
#1221 = DIRECTION ( 'NONE',  ( 1.000000000000000000, 0.000000000000000000, 0.000000000000000000 ) ) ;
#1222 = PLANE ( 'NONE',  #2665 ) ;
#1223 = EDGE_LOOP ( 'NONE', ( #427, #6802, #3909, #6415 ) ) ;
#1224 = DIRECTION ( 'NONE',  ( 1.737850800384706343E-16, 1.000000000000000000, -6.231570711506253061E-16 ) ) ;
#1225 = EDGE_CURVE ( 'NONE', #6752, #4590, #3469, .T. ) ;
#1226 = CARTESIAN_POINT ( 'NONE',  ( 0.04134479909259097113, -0.1320746588764426799, 0.2165354330698099350 ) ) ;
#1227 = CARTESIAN_POINT ( 'NONE',  ( 0.05892000206242043597, -0.2462985570193078344, 0.6371735519970710415 ) ) ;
#1228 = VERTEX_POINT ( 'NONE', #4798 ) ;
#1229 = VERTEX_POINT ( 'NONE', #2285 ) ;
#1230 = VERTEX_POINT ( 'NONE', #4973 ) ;
#1231 = CARTESIAN_POINT ( 'NONE',  ( 0.02387242771705446950, -0.2463038653063982786, 0.6371061038145005018 ) ) ;
#1232 = EDGE_CURVE ( 'NONE', #968, #1361, #2107, .T. ) ;
#1233 = DIRECTION ( 'NONE',  ( 0.000000000000000000, 0.000000000000000000, 1.000000000000000000 ) ) ;
#1234 = EDGE_CURVE ( 'NONE', #3586, #5475, #927, .T. ) ;
#1235 = CARTESIAN_POINT ( 'NONE',  ( -0.1555055948475702610, -0.2334526116324034117, 0.6141732283453998908 ) ) ;
#1236 = CARTESIAN_POINT ( 'NONE',  ( 0.1555180271996734476, -0.09270458013634053085, 0.2027559055107547303 ) ) ;
#1237 = ORIENTED_EDGE ( 'NONE', *, *, #2991, .F. ) ;
#1238 = CARTESIAN_POINT ( 'NONE',  ( -0.1555055948475706495, -0.2344368636009073192, 0.7283464566918570471 ) ) ;
#1239 = AXIS2_PLACEMENT_3D ( 'NONE', #8079, #2230, #4742 ) ;
#1240 = EDGE_CURVE ( 'NONE', #513, #2233, #2375, .T. ) ;
#1241 = VERTEX_POINT ( 'NONE', #1451 ) ;
#1242 = CARTESIAN_POINT ( 'NONE',  ( -0.06935100651058749566, -0.2255785958843719852, 0.6746805354801774790 ) ) ;
#1243 = ORIENTED_EDGE ( 'NONE', *, *, #6579, .F. ) ;
#1244 = DIRECTION ( 'NONE',  ( 1.737850800384704371E-16, 1.000000000000000000, -1.448216729911410023E-17 ) ) ;
#1245 = CARTESIAN_POINT ( 'NONE',  ( 0.02806317245649789932, -0.2498553977525383996, 0.5919796054266770469 ) ) ;
#1246 = AXIS2_PLACEMENT_3D ( 'NONE', #8243, #62, #1426 ) ;
#1247 = DIRECTION ( 'NONE',  ( 0.000000000000000000, 0.000000000000000000, 1.000000000000000000 ) ) ;
#1248 = EDGE_CURVE ( 'NONE', #7024, #2489, #966, .T. ) ;
#1249 = ADVANCED_FACE ( 'NONE', ( #8129 ), #3642, .T. ) ;
#1250 = ORIENTED_EDGE ( 'NONE', *, *, #4740, .F. ) ;
#1251 = VERTEX_POINT ( 'NONE', #5587 ) ;
#1252 = ORIENTED_EDGE ( 'NONE', *, *, #3188, .T. ) ;
#1253 = ORIENTED_EDGE ( 'NONE', *, *, #2558, .F. ) ;
#1254 = CARTESIAN_POINT ( 'NONE',  ( 0.1988251138138467655, -0.2344368636009073192, 0.6141732283454004460 ) ) ;
#1255 = DIRECTION ( 'NONE',  ( -1.000000000000000000, 2.266997840165394896E-15, 5.819973929678367867E-16 ) ) ;
#1256 = VECTOR ( 'NONE', #7511, 39.37007874015748143 ) ;
#1257 = LINE ( 'NONE', #1838, #7422 ) ;
#1258 = DIRECTION ( 'NONE',  ( -1.000000000000000000, 1.737850800384704371E-16, -3.330669073875469621E-16 ) ) ;
#1259 = EDGE_CURVE ( 'NONE', #6029, #1001, #4130, .T. ) ;
#1260 = VERTEX_POINT ( 'NONE', #6919 ) ;
#1261 = CIRCLE ( 'NONE', #5626, 0.1082677165354330312 ) ;
#1262 = CARTESIAN_POINT ( 'NONE',  ( 0.1271185718079656801, -0.2318720802020088345, 0.4409920735829810923 ) ) ;
#1263 = LINE ( 'NONE', #3291, #6539 ) ;
#1264 = CARTESIAN_POINT ( 'NONE',  ( 0.05461508765619170480, -0.2455664855183070372, 0.6464754023703062069 ) ) ;
#1265 = CARTESIAN_POINT ( 'NONE',  ( 0.03740779097920150092, -0.2464760401178890115, 0.6349184154092927246 ) ) ;
#1266 = ORIENTED_EDGE ( 'NONE', *, *, #2544, .T. ) ;
#1267 = VECTOR ( 'NONE', #7876, 39.37007874015748143 ) ;
#1268 = VECTOR ( 'NONE', #1535, 39.37007874015748143 ) ;
#1269 = EDGE_CURVE ( 'NONE', #838, #2334, #4488, .T. ) ;
#1270 = VERTEX_POINT ( 'NONE', #7861 ) ;
#1271 = ORIENTED_EDGE ( 'NONE', *, *, #803, .F. ) ;
#1272 = PLANE ( 'NONE',  #7733 ) ;
#1273 = AXIS2_PLACEMENT_3D ( 'NONE', #2777, #3431, #663 ) ;
#1274 = CARTESIAN_POINT ( 'NONE',  ( 0.1279589720815632325, -0.2226258399788601239, 0.1909448818887074795 ) ) ;
#1275 = CARTESIAN_POINT ( 'NONE',  ( 0.1234658179123210991, -0.2439091936912778091, 0.5606305703887776160 ) ) ;
#1276 = AXIS2_PLACEMENT_3D ( 'NONE', #7502, #4777, #5567 ) ;
#1277 = CARTESIAN_POINT ( 'NONE',  ( -0.1555055948475705663, -0.4391612730497262418, 0.1181102362194161731 ) ) ;
#1278 = EDGE_CURVE ( 'NONE', #3693, #1649, #497, .T. ) ;
#1279 = VERTEX_POINT ( 'NONE', #3037 ) ;
#1280 = VECTOR ( 'NONE', #3745, 39.37007874015748143 ) ;
#1281 = ADVANCED_FACE ( 'NONE', ( #7173 ), #7686, .T. ) ;
#1282 = DIRECTION ( 'NONE',  ( 0.03031934962942636064, -0.1649717273430684195, 0.9858321693957308174 ) ) ;
#1283 = VECTOR ( 'NONE', #3821, 39.37007874015748854 ) ;
#1284 = VERTEX_POINT ( 'NONE', #3862 ) ;
#1285 = CARTESIAN_POINT ( 'NONE',  ( -0.1555055948475706495, -0.2167203281678364568, 0.7283464566918570471 ) ) ;
#1286 = ORIENTED_EDGE ( 'NONE', *, *, #8399, .F. ) ;
#1287 = CARTESIAN_POINT ( 'NONE',  ( -0.1515685869735546865, -0.2334526116324034117, 0.7244094488178406399 ) ) ;
#1288 = DIRECTION ( 'NONE',  ( 1.737850800384707329E-16, 1.000000000000000000, -6.231570711506253061E-16 ) ) ;
#1289 = DIRECTION ( 'NONE',  ( 0.000000000000000000, 0.000000000000000000, -1.000000000000000000 ) ) ;
#1290 = CIRCLE ( 'NONE', #2416, 0.08661417322834648325 ) ;
#1291 = AXIS2_PLACEMENT_3D ( 'NONE', #6535, #3844, #1244 ) ;
#1292 = CARTESIAN_POINT ( 'NONE',  ( 0.03505264232792779100, -0.4391612730497599371, 0.5856526240141930462 ) ) ;
#1293 = B_SPLINE_SURFACE_WITH_KNOTS ( 'NONE', 3, 1, ( 
 ( #3920, #8013 ),
 ( #1984, #6607 ),
 ( #3187, #1817 ),
 ( #3266, #3839 ),
 ( #500, #5948 ),
 ( #8625, #2602 ),
 ( #8544, #5289 ),
 ( #7967, #1937 ),
 ( #5379, #7401 ),
 ( #4857, #7533 ),
 ( #8060, #1551 ) ),
 .UNSPECIFIED., .F., .F., .F.,
 ( 4, 1, 1, 1, 1, 1, 1, 1, 4 ),
 ( 2, 2 ),
 ( 0.000000000000000000, 0.1586443650185914434, 0.2983101621481018539, 0.4251349206894440291, 0.5419966654878288770, 0.6538013981346387782, 0.7659799044363226894, 0.8808546741254478230, 1.000000000000000000 ),
 ( 0.000000000000000000, 1.000000000000000000 ),
 .UNSPECIFIED. ) ;
#1294 = CARTESIAN_POINT ( 'NONE',  ( -0.005899295634972235962, -0.3909329265930334141, 0.4594488188965814013 ) ) ;
#1295 = ORIENTED_EDGE ( 'NONE', *, *, #2900, .F. ) ;
#1296 = ORIENTED_EDGE ( 'NONE', *, *, #5828, .F. ) ;
#1297 = EDGE_LOOP ( 'NONE', ( #975, #8256, #4680, #7851 ) ) ;
#1298 = CARTESIAN_POINT ( 'NONE',  ( -0.07282842949323992121, -0.3446730840733485124, 0.1909448818887074517 ) ) ;
#1299 = ORIENTED_EDGE ( 'NONE', *, *, #7774, .T. ) ;
#1300 = CARTESIAN_POINT ( 'NONE',  ( 0.08071487759337429846, -0.3997911943095688314, 0.1909448818887074795 ) ) ;
#1301 = ADVANCED_FACE ( 'NONE', ( #8435, #6552 ), #5667, .T. ) ;
#1302 = CARTESIAN_POINT ( 'NONE',  ( -0.06101740587119263565, -0.2226258399788601239, 0.2027559055107547858 ) ) ;
#1303 = EDGE_CURVE ( 'NONE', #6753, #2848, #4053, .T. ) ;
#1304 = VECTOR ( 'NONE', #3725, 39.37007874015748854 ) ;
#1305 = CARTESIAN_POINT ( 'NONE',  ( 0.04134479885321703380, -0.2414063440316069620, 0.5989767847201039608 ) ) ;
#1306 = LINE ( 'NONE', #689, #4508 ) ;
#1307 = ORIENTED_EDGE ( 'NONE', *, *, #7433, .F. ) ;
#1308 = VECTOR ( 'NONE', #5529, 39.37007874015748143 ) ;
#1309 = DIRECTION ( 'NONE',  ( -3.330669073875469621E-16, 3.511521488730096119E-17, 1.000000000000000000 ) ) ;
#1310 = DIRECTION ( 'NONE',  ( -8.673617379884036705E-17, 1.000000000000000000, 0.000000000000000000 ) ) ;
#1311 = CARTESIAN_POINT ( 'NONE',  ( -0.1555055948475706495, -0.1242006431284664314, 0.4921259842509122517 ) ) ;
#1312 =( CONVERSION_BASED_UNIT ( 'INCH', #7345 ) LENGTH_UNIT ( ) NAMED_UNIT ( #1664 ) );
#1313 = ADVANCED_FACE ( 'NONE', ( #478 ), #1392, .F. ) ;
#1314 = ORIENTED_EDGE ( 'NONE', *, *, #4491, .F. ) ;
#1315 = AXIS2_PLACEMENT_3D ( 'NONE', #4122, #170, #7555 ) ;
#1316 = DIRECTION ( 'NONE',  ( -1.000000000000000000, 0.000000000000000000, 0.000000000000000000 ) ) ;
#1317 = ORIENTED_EDGE ( 'NONE', *, *, #3888, .F. ) ;
#1318 = ORIENTED_EDGE ( 'NONE', *, *, #3658, .F. ) ;
#1319 = CARTESIAN_POINT ( 'NONE',  ( 0.07755792342248912785, -0.3056255728678281547, 0.2165354330698099350 ) ) ;
#1320 = CARTESIAN_POINT ( 'NONE',  ( 0.04134479885321684645, -0.2226258399788601239, 0.03937007873910121358 ) ) ;
#1321 = AXIS2_PLACEMENT_3D ( 'NONE', #5559, #4863, #8321 ) ;
#1322 = CARTESIAN_POINT ( 'NONE',  ( -0.09645047673733432581, -0.3997911943095688314, 0.1909448818887074795 ) ) ;
#1323 = DIRECTION ( 'NONE',  ( -3.330669073875469621E-16, 3.511521488730100433E-17, 1.000000000000000000 ) ) ;
#1324 = DIRECTION ( 'NONE',  ( 1.000000000000000000, 0.000000000000000000, 0.000000000000000000 ) ) ;
#1325 = EDGE_CURVE ( 'NONE', #7471, #7226, #977, .T. ) ;
#1326 = ORIENTED_EDGE ( 'NONE', *, *, #33, .F. ) ;
#1327 = AXIS2_PLACEMENT_3D ( 'NONE', #2460, #6429, #5236 ) ;
#1328 = DIRECTION ( 'NONE',  ( -1.000000000000000000, 0.000000000000000000, 0.000000000000000000 ) ) ;
#1329 = ORIENTED_EDGE ( 'NONE', *, *, #7629, .T. ) ;
#1330 = CARTESIAN_POINT ( 'NONE',  ( -0.1555055948475705385, -0.4391612730497262418, 0.1181102362194161454 ) ) ;
#1331 = ORIENTED_EDGE ( 'NONE', *, *, #4916, .T. ) ;
#1332 = CARTESIAN_POINT ( 'NONE',  ( -0.1397575633515073801, -0.2334526116324034117, 0.7204724409438251209 ) ) ;
#1333 = CARTESIAN_POINT ( 'NONE',  ( -0.04526937437512972007, -0.2226258399788601239, 0.1909448818887074795 ) ) ;
#1334 = FACE_OUTER_BOUND ( 'NONE', #1699, .T. ) ;
#1335 = EDGE_CURVE ( 'NONE', #2370, #445, #350, .T. ) ;
#1336 = CIRCLE ( 'NONE', #5969, 0.08661417322834646937 ) ;
#1337 = DIRECTION ( 'NONE',  ( -1.780630495920155818E-30, -1.000000000000000000, 6.672013369141570147E-16 ) ) ;
#1338 = FACE_OUTER_BOUND ( 'NONE', #1961, .T. ) ;
#1339 = ORIENTED_EDGE ( 'NONE', *, *, #6793, .F. ) ;
#1340 = VERTEX_POINT ( 'NONE', #8524 ) ;
#1341 = VECTOR ( 'NONE', #5945, 39.37007874015748143 ) ;
#1342 = VERTEX_POINT ( 'NONE', #4348 ) ;
#1343 = DIRECTION ( 'NONE',  ( -1.000000000000000000, 0.000000000000000000, 0.000000000000000000 ) ) ;
#1344 = ORIENTED_EDGE ( 'NONE', *, *, #2978, .T. ) ;
#1345 = DIRECTION ( 'NONE',  ( 0.7239618166986740988, 0.6898400452005923889, 8.979178797044924256E-17 ) ) ;
#1346 = ADVANCED_FACE ( 'NONE', ( #6382 ), #5708, .T. ) ;
#1347 = CARTESIAN_POINT ( 'NONE',  ( 0.05556177173160704863, -0.4391612730497262418, 0.5878171478554616858 ) ) ;
#1348 = CARTESIAN_POINT ( 'NONE',  ( 0.04134479909259097113, -0.1320746588764426799, 0.2165354330698099350 ) ) ;
#1349 = DIRECTION ( 'NONE',  ( 0.000000000000000000, 0.000000000000000000, 1.000000000000000000 ) ) ;
#1350 = ORIENTED_EDGE ( 'NONE', *, *, #6807, .F. ) ;
#1351 = ADVANCED_FACE ( 'NONE', ( #4396 ), #8135, .T. ) ;
#1352 = VERTEX_POINT ( 'NONE', #3729 ) ;
#1353 = CARTESIAN_POINT ( 'NONE',  ( 0.05011933680159829513, -0.4391612730497262418, 0.5835708524705097711 ) ) ;
#1354 = CARTESIAN_POINT ( 'NONE',  ( -0.1555055948475702610, -0.2177045801363404198, 0.7007874015737463047 ) ) ;
#1355 = FACE_OUTER_BOUND ( 'NONE', #7073, .T. ) ;
#1356 = DIRECTION ( 'NONE',  ( -1.000000000000000000, 0.000000000000000000, 0.000000000000000000 ) ) ;
#1357 = ORIENTED_EDGE ( 'NONE', *, *, #4265, .F. ) ;
#1358 = PRESENTATION_LAYER_ASSIGNMENT (  '', '', ( #6697 ) ) ;
#1359 = LINE ( 'NONE', #3378, #6891 ) ;
#1360 = ORIENTED_EDGE ( 'NONE', *, *, #4055, .F. ) ;
#1361 = VERTEX_POINT ( 'NONE', #7382 ) ;
#1362 = EDGE_CURVE ( 'NONE', #1001, #5027, #6463, .T. ) ;
#1363 = LINE ( 'NONE', #6875, #4239 ) ;
#1364 = DIRECTION ( 'NONE',  ( 3.367393139701209998E-31, -0.07845909572784580399, -0.9969173337331279638 ) ) ;
#1365 = LINE ( 'NONE', #2735, #213 ) ;
#1366 = DIRECTION ( 'NONE',  ( 0.000000000000000000, 1.000000000000000000, 0.000000000000000000 ) ) ;
#1367 = FACE_BOUND ( 'NONE', #5853, .T. ) ;
#1368 = VERTEX_POINT ( 'NONE', #520 ) ;
#1369 = LINE ( 'NONE', #4812, #8153 ) ;
#1370 = EDGE_CURVE ( 'NONE', #1638, #6815, #845, .T. ) ;
#1371 = DIRECTION ( 'NONE',  ( 0.000000000000000000, -0.2529366883064122495, 0.9674828327720265131 ) ) ;
#1372 = EDGE_LOOP ( 'NONE', ( #6349, #5522, #1195, #2413 ) ) ;
#1373 = CARTESIAN_POINT ( 'NONE',  ( -0.04532383977197207425, -0.2267725482714616214, 0.4110748655131699070 ) ) ;
#1374 = CARTESIAN_POINT ( 'NONE',  ( -0.1555055948475706218, -0.2167203281678364568, 0.6141732283454003349 ) ) ;
#1375 = DIRECTION ( 'NONE',  ( -1.000000000000000000, 2.266997840165394896E-15, 5.819973929678367867E-16 ) ) ;
#1376 = AXIS2_PLACEMENT_3D ( 'NONE', #5530, #6188, #7551 ) ;
#1377 = CARTESIAN_POINT ( 'NONE',  ( 0.04804318030553531016, -0.4391612730497262418, 0.5878171478554616858 ) ) ;
#1378 = CARTESIAN_POINT ( 'NONE',  ( 0.1233348689851301028, -0.2440531768772178922, 0.5641081009964298287 ) ) ;
#1379 = ORIENTED_EDGE ( 'NONE', *, *, #4679, .F. ) ;
#1380 = ADVANCED_FACE ( 'NONE', ( #3286 ), #560, .F. ) ;
#1381 = ORIENTED_EDGE ( 'NONE', *, *, #5789, .T. ) ;
#1382 = CARTESIAN_POINT ( 'NONE',  ( 0.05245227682921673601, -0.4391612730497047035, 0.5859079909986513179 ) ) ;
#1383 = ORIENTED_EDGE ( 'NONE', *, *, #8413, .T. ) ;
#1384 = CARTESIAN_POINT ( 'NONE',  ( 0.1334234229073482381, -0.3326287305056215837, 0.2651844145102682515 ) ) ;
#1385 = CARTESIAN_POINT ( 'NONE',  ( 0.1712660586957365227, -0.3988069423410648406, 0.3582677165343768344 ) ) ;
#1386 = ORIENTED_EDGE ( 'NONE', *, *, #272, .T. ) ;
#1387 = VECTOR ( 'NONE', #4149, 39.37007874015748143 ) ;
#1388 = DIRECTION ( 'NONE',  ( 0.000000000000000000, 0.2529366883064122495, -0.9674828327720265131 ) ) ;
#1389 = FACE_OUTER_BOUND ( 'NONE', #5045, .T. ) ;
#1390 = DIRECTION ( 'NONE',  ( -1.000000000000000000, 0.000000000000000000, 0.000000000000000000 ) ) ;
#1391 = CARTESIAN_POINT ( 'NONE',  ( 0.05013414984153252013, -0.4352242651757109448, 0.5866391230700157555 ) ) ;
#1392 = TOROIDAL_SURFACE ( 'NONE', #6324, 0.01771653543307082079, 0.007874015748031490750 ) ;
#1393 = ORIENTED_EDGE ( 'NONE', *, *, #8543, .T. ) ;
#1394 = EDGE_CURVE ( 'NONE', #6583, #7302, #5403, .T. ) ;
#1395 = CARTESIAN_POINT ( 'NONE',  ( 0.001974720113059246548, -0.3909329265930334141, 0.4594488188965814013 ) ) ;
#1396 = VERTEX_POINT ( 'NONE', #5928 ) ;
#1397 = CARTESIAN_POINT ( 'NONE',  ( 0.04804318030553531016, -0.4352242651757104452, 0.5878171478554616858 ) ) ;
#1398 = LINE ( 'NONE', #4663, #774 ) ;
#1399 = CARTESIAN_POINT ( 'NONE',  ( 0.02836668478934982821, -0.4391612730497519990, 0.5878171478554616858 ) ) ;
#1400 = AXIS2_PLACEMENT_3D ( 'NONE', #8081, #5231, #3902 ) ;
#1401 = FILL_AREA_STYLE ('',( #5363 ) ) ;
#1402 = CARTESIAN_POINT ( 'NONE',  ( 0.03508801982377844630, -0.4352242651757104452, 0.5871218820529516824 ) ) ;
#1403 = DIRECTION ( 'NONE',  ( 0.000000000000000000, 0.000000000000000000, 1.000000000000000000 ) ) ;
#1404 = VERTEX_POINT ( 'NONE', #1960 ) ;
#1405 = ORIENTED_EDGE ( 'NONE', *, *, #2206, .T. ) ;
#1406 = CIRCLE ( 'NONE', #8148, 0.01968503937007875723 ) ;
#1407 = DIRECTION ( 'NONE',  ( -1.000000000000000000, -0.000000000000000000, -0.000000000000000000 ) ) ;
#1408 = LINE ( 'NONE', #6070, #4372 ) ;
#1409 = CARTESIAN_POINT ( 'NONE',  ( 0.08662038940439793777, -0.3997911943095686649, 0.4606299212587862679 ) ) ;
#1410 = DIRECTION ( 'NONE',  ( 0.000000000000000000, 0.000000000000000000, 1.000000000000000000 ) ) ;
#1411 = CARTESIAN_POINT ( 'NONE',  ( -0.1555055948475705663, -0.04546048564815143717, 0.7283464566918570471 ) ) ;
#1412 = AXIS2_PLACEMENT_3D ( 'NONE', #125, #7518, #2675 ) ;
#1413 = ADVANCED_FACE ( 'NONE', ( #3205 ), #1222, .T. ) ;
#1414 = ADVANCED_FACE ( 'NONE', ( #31 ), #5883, .F. ) ;
#1415 = ORIENTED_EDGE ( 'NONE', *, *, #6605, .F. ) ;
#1416 = CARTESIAN_POINT ( 'NONE',  ( -0.04442897410153102966, -0.2241060518434477844, 0.4422916610307001672 ) ) ;
#1417 = DIRECTION ( 'NONE',  ( -1.737850800384706343E-16, -1.000000000000000000, 6.231570711506253061E-16 ) ) ;
#1418 = VECTOR ( 'NONE', #2545, 39.37007874015748143 ) ;
#1419 = AXIS2_PLACEMENT_3D ( 'NONE', #1430, #8247, #2134 ) ;
#1420 = VERTEX_POINT ( 'NONE', #4657 ) ;
#1421 = CYLINDRICAL_SURFACE ( 'NONE', #6610, 0.08661417322834648325 ) ;
#1422 = CARTESIAN_POINT ( 'NONE',  ( -0.05275248663643912483, -0.3888103046492144554, 0.2821448874185095712 ) ) ;
#1423 = LINE ( 'NONE', #8669, #2319 ) ;
#1424 = EDGE_CURVE ( 'NONE', #3085, #7636, #7339, .T. ) ;
#1425 = CIRCLE ( 'NONE', #1710, 0.08622047244094488416 ) ;
#1426 = DIRECTION ( 'NONE',  ( 0.000000000000000000, -0.9969173337331279638, 0.07845909572784554031 ) ) ;
#1427 = CARTESIAN_POINT ( 'NONE',  ( 0.001974720113059314636, -0.3997911943095688314, 0.5393700787391012552 ) ) ;
#1428 = EDGE_LOOP ( 'NONE', ( #6740, #1830 ) ) ;
#1429 = ORIENTED_EDGE ( 'NONE', *, *, #1424, .F. ) ;
#1430 = CARTESIAN_POINT ( 'NONE',  ( 0.1830770823177829409, 0.9903705748028962530, 2.066485319476238480 ) ) ;
#1431 = ORIENTED_EDGE ( 'NONE', *, *, #619, .F. ) ;
#1432 = DIRECTION ( 'NONE',  ( 1.228015396737279800E-16, 1.287490079826536515E-18, -1.000000000000000000 ) ) ;
#1433 = AXIS2_PLACEMENT_3D ( 'NONE', #4552, #5245, #6024 ) ;
#1434 = ORIENTED_EDGE ( 'NONE', *, *, #5295, .T. ) ;
#1435 = AXIS2_PLACEMENT_3D ( 'NONE', #6125, #4814, #7489 ) ;
#1436 = CARTESIAN_POINT ( 'NONE',  ( 0.1830770823177836626, -0.3909329265930331365, 0.7283464566918570471 ) ) ;
#1437 = PLANE ( 'NONE',  #7492 ) ;
#1438 = EDGE_CURVE ( 'NONE', #8666, #1989, #1306, .T. ) ;
#1439 = CARTESIAN_POINT ( 'NONE',  ( 0.1840613342862877366, -0.3879801706875215528, 0.3562992125973689084 ) ) ;
#1440 = LINE ( 'NONE', #4963, #6739 ) ;
#1441 = ORIENTED_EDGE ( 'NONE', *, *, #4464, .T. ) ;
#1442 = CARTESIAN_POINT ( 'NONE',  ( 0.04134479885321703380, -0.2383174032549201515, 0.6382254986466054936 ) ) ;
#1443 = ORIENTED_EDGE ( 'NONE', *, *, #4951, .F. ) ;
#1444 = DIRECTION ( 'NONE',  ( -1.000000000000000000, -1.110223024625156294E-16, -1.411854421747038957E-17 ) ) ;
#1445 = AXIS2_PLACEMENT_3D ( 'NONE', #1659, #5494, #4260 ) ;
#1446 = FACE_BOUND ( 'NONE', #1058, .T. ) ;
#1447 = CARTESIAN_POINT ( 'NONE',  ( -0.1555055948475705663, -0.2344368636009073747, 0.7283464566918570471 ) ) ;
#1448 = CYLINDRICAL_SURFACE ( 'NONE', #596, 0.08661417322834648325 ) ;
#1449 = ADVANCED_FACE ( 'NONE', ( #8682 ), #4069, .T. ) ;
#1450 = ORIENTED_EDGE ( 'NONE', *, *, #7127, .F. ) ;
#1451 = CARTESIAN_POINT ( 'NONE',  ( 0.08662038940439793777, -0.4391612730497262418, 0.4606299212587862679 ) ) ;
#1452 = ORIENTED_EDGE ( 'NONE', *, *, #3618, .F. ) ;
#1453 = AXIS2_PLACEMENT_3D ( 'NONE', #5556, #6310, #1511 ) ;
#1454 = VERTEX_POINT ( 'NONE', #7952 ) ;
#1455 = CARTESIAN_POINT ( 'NONE',  ( -0.1515685869735546865, -0.2177045801363403921, 0.5078740157469746608 ) ) ;
#1456 = CARTESIAN_POINT ( 'NONE',  ( 0.04134479885321710319, -0.2464760401178890115, 0.6349184154092927246 ) ) ;
#1457 = LINE ( 'NONE', #798, #2889 ) ;
#1458 = FACE_OUTER_BOUND ( 'NONE', #1148, .T. ) ;
#1459 = DIRECTION ( 'NONE',  ( 0.000000000000000000, 0.2529366883064121385, -0.9674828327720265131 ) ) ;
#1460 = AXIS2_PLACEMENT_3D ( 'NONE', #5838, #553, #5179 ) ;
#1461 = EDGE_CURVE ( 'NONE', #1184, #4694, #4640, .T. ) ;
#1462 = ORIENTED_EDGE ( 'NONE', *, *, #6474, .T. ) ;
#1463 = CARTESIAN_POINT ( 'NONE',  ( -0.06495441374520818933, -0.2334526116324034117, 0.6318897637784707255 ) ) ;
#1464 = LINE ( 'NONE', #805, #6498 ) ;
#1465 = AXIS2_PLACEMENT_3D ( 'NONE', #6314, #7705, #271 ) ;
#1466 = EDGE_LOOP ( 'NONE', ( #3321, #7056, #3615, #7898, #2576, #6215, #4608, #4262 ) ) ;
#1467 = CARTESIAN_POINT ( 'NONE',  ( -0.04554751221206660566, -0.2372048170275657397, 0.4076460902702918609 ) ) ;
#1468 = EDGE_CURVE ( 'NONE', #2421, #2233, #5309, .T. ) ;
#1469 = LINE ( 'NONE', #6846, #6675 ) ;
#1470 = VECTOR ( 'NONE', #4311, 39.37007874015748143 ) ;
#1471 = LINE ( 'NONE', #5431, #1387 ) ;
#1472 = CARTESIAN_POINT ( 'NONE',  ( 0.04134479885321683257, -0.2226258399788601239, 0.2027559055107547858 ) ) ;
#1473 = ORIENTED_EDGE ( 'NONE', *, *, #8211, .T. ) ;
#1474 = EDGE_LOOP ( 'NONE', ( #1104, #3079, #7123, #4453 ) ) ;
#1475 = CARTESIAN_POINT ( 'NONE',  ( 0.04281434172285814022, -0.4352242651757104452, 0.5539493110225657269 ) ) ;
#1476 = VERTEX_POINT ( 'NONE', #4743 ) ;
#1477 = CARTESIAN_POINT ( 'NONE',  ( 0.04134479885321683257, -0.2226258399788601239, 0.2322834645658728991 ) ) ;
#1478 = EDGE_CURVE ( 'NONE', #6432, #6582, #2716, .T. ) ;
#1479 = AXIS2_PLACEMENT_3D ( 'NONE', #5276, #7955, #5361 ) ;
#1480 = CARTESIAN_POINT ( 'NONE',  ( 0.04134479885321679787, -0.3988069423410648406, 0.3885826771642975630 ) ) ;
#1481 = VERTEX_POINT ( 'NONE', #7420 ) ;
#1482 = DIRECTION ( 'NONE',  ( -3.184051530367203175E-16, 0.07845909572784612318, 0.9969173337331279638 ) ) ;
#1483 = LINE ( 'NONE', #3590, #8609 ) ;
#1484 = CARTESIAN_POINT ( 'NONE',  ( -0.05275248663643915953, -0.3888103046492144554, 0.2821448874185099598 ) ) ;
#1485 = AXIS2_PLACEMENT_3D ( 'NONE', #6703, #6129, #7495 ) ;
#1486 = DIRECTION ( 'NONE',  ( -1.000000000000000000, -9.117121629785412755E-17, 9.282927046011350088E-49 ) ) ;
#1487 =( BOUNDED_SURFACE ( )  B_SPLINE_SURFACE ( 3, 3, ( 
 ( #7956, #3210, #5237, #1890 ),
 ( #8488, #4585, #1928, #4620 ),
 ( #3292, #2461, #7298, #3947 ),
 ( #6637, #2627, #7825, #7474 ),
 ( #174, #8086, #2061, #2864 ),
 ( #880, #83, #3508, #4841 ),
 ( #5493, #6198, #6773, #5409 ) ),
 .UNSPECIFIED., .T., .F., .T. ) 
 B_SPLINE_SURFACE_WITH_KNOTS ( ( 4, 3, 4 ),
 ( 4, 4 ),
 ( 0.000000000000000000, 0.5000000000000000000, 1.000000000000000000 ),
 ( 0.000000000000000000, 1.000000000000000000 ),
 .UNSPECIFIED. ) 
 GEOMETRIC_REPRESENTATION_ITEM ( )  RATIONAL_B_SPLINE_SURFACE ( (
 ( 1.000000000000000000, 1.000000000000000000, 1.000000000000000000, 1.000000000000000000),
 ( 0.3333333333333333703, 0.3333333333333333148, 0.3333333333333333148, 0.3333333333333333703),
 ( 0.3333333333333333703, 0.3333333333333333148, 0.3333333333333333148, 0.3333333333333333703),
 ( 1.000000000000000000, 1.000000000000000000, 1.000000000000000000, 1.000000000000000000),
 ( 0.3333333333333333703, 0.3333333333333333148, 0.3333333333333333148, 0.3333333333333333703),
 ( 0.3333333333333333703, 0.3333333333333333148, 0.3333333333333333148, 0.3333333333333333703),
 ( 1.000000000000000000, 1.000000000000000000, 1.000000000000000000, 1.000000000000000000) ) ) 
 REPRESENTATION_ITEM ( '' )  SURFACE ( )  );
#1488 = VERTEX_POINT ( 'NONE', #7292 ) ;
#1489 = EDGE_CURVE ( 'NONE', #4358, #6665, #6270, .T. ) ;
#1490 = EDGE_LOOP ( 'NONE', ( #5557, #1789, #5678, #8401 ) ) ;
#1491 = CARTESIAN_POINT ( 'NONE',  ( 0.04753054907193950823, -0.4391612730497269634, 0.5730533683279025459 ) ) ;
#1492 = VECTOR ( 'NONE', #50, 39.37007874015748143 ) ;
#1493 = CARTESIAN_POINT ( 'NONE',  ( 0.07087235790833484872, -0.4352242651757104452, 0.5984251968493373708 ) ) ;
#1494 = DIRECTION ( 'NONE',  ( -1.000000000000000000, -9.117121629785412755E-17, 9.282927046011350088E-49 ) ) ;
#1495 = CARTESIAN_POINT ( 'NONE',  ( -0.001962287760956614620, -0.3525470998213799945, 0.2027559055107547026 ) ) ;
#1496 = FILL_AREA_STYLE ('',( #128 ) ) ;
#1497 = CARTESIAN_POINT ( 'NONE',  ( -0.1141670121704051050, -0.2334526116324034117, 0.5078740157469746608 ) ) ;
#1498 = VERTEX_POINT ( 'NONE', #734 ) ;
#1499 = ORIENTED_EDGE ( 'NONE', *, *, #7553, .T. ) ;
#1500 = EDGE_CURVE ( 'NONE', #5151, #7657, #2275, .T. ) ;
#1501 = CYLINDRICAL_SURFACE ( 'NONE', #4536, 0.07086614173228347746 ) ;
#1502 = EDGE_CURVE ( 'NONE', #1068, #3376, #1440, .T. ) ;
#1503 = CARTESIAN_POINT ( 'NONE',  ( 0.08071487759337428458, -0.3840431628135057562, 0.4606299212587862679 ) ) ;
#1504 = DIRECTION ( 'NONE',  ( 0.000000000000000000, 1.000000000000000000, 0.000000000000000000 ) ) ;
#1505 = CARTESIAN_POINT ( 'NONE',  ( -0.04951708254615313359, -0.2255785958843718741, 0.6487615279068654761 ) ) ;
#1506 = VERTEX_POINT ( 'NONE', #4163 ) ;
#1507 = DIRECTION ( 'NONE',  ( -1.000000000000000000, 0.000000000000000000, 0.000000000000000000 ) ) ;
#1508 = EDGE_CURVE ( 'NONE', #8691, #6977, #7594, .T. ) ;
#1509 = DIRECTION ( 'NONE',  ( 0.000000000000000000, -1.000000000000000000, 0.000000000000000000 ) ) ;
#1510 = EDGE_CURVE ( 'NONE', #7375, #6752, #2191, .T. ) ;
#1511 = DIRECTION ( 'NONE',  ( 1.000000000000000000, 0.000000000000000000, 0.000000000000000000 ) ) ;
#1512 = ORIENTED_EDGE ( 'NONE', *, *, #5931, .F. ) ;
#1513 = DIRECTION ( 'NONE',  ( 1.000000000000000000, 0.000000000000000000, 0.000000000000000000 ) ) ;
#1514 = CARTESIAN_POINT ( 'NONE',  ( 0.1988251138138467378, -0.2167203281678364568, 0.6141732283454004460 ) ) ;
#1515 = DIRECTION ( 'NONE',  ( 0.000000000000000000, 0.000000000000000000, -1.000000000000000000 ) ) ;
#1516 = CARTESIAN_POINT ( 'NONE',  ( -0.1555055948475706495, -0.2344368636009073192, 0.1181102362194161454 ) ) ;
#1517 = DIRECTION ( 'NONE',  ( 0.000000000000000000, 0.000000000000000000, 1.000000000000000000 ) ) ;
#1518 = ORIENTED_EDGE ( 'NONE', *, *, #4951, .T. ) ;
#1519 = CYLINDRICAL_SURFACE ( 'NONE', #6348, 0.1023622047244094613 ) ;
#1520 = VERTEX_POINT ( 'NONE', #4879 ) ;
#1521 = FACE_BOUND ( 'NONE', #4057, .T. ) ;
#1522 = ORIENTED_EDGE ( 'NONE', *, *, #7072, .F. ) ;
#1523 = CARTESIAN_POINT ( 'NONE',  ( 0.1482289253343203606, -0.1207793766126309815, 0.007874015746975245381 ) ) ;
#1524 = CARTESIAN_POINT ( 'NONE',  ( -0.05320113532175550775, -0.3988069423410648406, 0.2952755905501241451 ) ) ;
#1525 = EDGE_CURVE ( 'NONE', #5344, #8207, #985, .T. ) ;
#1526 = CARTESIAN_POINT ( 'NONE',  ( -0.08857646098930302414, -1.445962891180036403, 0.3582677165343765568 ) ) ;
#1527 = EDGE_CURVE ( 'NONE', #6329, #3317, #2855, .T. ) ;
#1528 = FACE_OUTER_BOUND ( 'NONE', #6523, .T. ) ;
#1529 = VERTEX_POINT ( 'NONE', #6241 ) ;
#1530 = VECTOR ( 'NONE', #558, 39.37007874015748143 ) ;
#1531 = CARTESIAN_POINT ( 'NONE',  ( -0.04084237512568004991, -0.2436212273193348044, 0.5589097512051699468 ) ) ;
#1532 = VERTEX_POINT ( 'NONE', #246 ) ;
#1533 = DIRECTION ( 'NONE',  ( 1.000000000000000000, 0.000000000000000000, 0.000000000000000000 ) ) ;
#1534 = CARTESIAN_POINT ( 'NONE',  ( 0.08662038940439793777, -0.3604211155694113100, 0.1909448818887074795 ) ) ;
#1535 = DIRECTION ( 'NONE',  ( -8.673617379884036705E-17, 1.000000000000000000, 0.000000000000000000 ) ) ;
#1536 = DIRECTION ( 'NONE',  ( 0.03031934962942722453, 0.5945493246125962417, 0.8034872977469862398 ) ) ;
#1537 = VECTOR ( 'NONE', #5134, 39.37007874015748143 ) ;
#1538 = CARTESIAN_POINT ( 'NONE',  ( -0.1003874846113502334, -0.3988069423410648406, 0.7283464566918570471 ) ) ;
#1539 = EDGE_CURVE ( 'NONE', #4779, #6367, #5613, .T. ) ;
#1540 = DIRECTION ( 'NONE',  ( 0.000000000000000000, 1.000000000000000000, 0.000000000000000000 ) ) ;
#1541 = EDGE_LOOP ( 'NONE', ( #680, #6910 ) ) ;
#1542 = VERTEX_POINT ( 'NONE', #7552 ) ;
#1543 = DIRECTION ( 'NONE',  ( -0.000000000000000000, -0.000000000000000000, -1.000000000000000000 ) ) ;
#1544 = CIRCLE ( 'NONE', #6173, 0.01574803149606289823 ) ;
#1545 = FACE_OUTER_BOUND ( 'NONE', #616, .T. ) ;
#1546 = LINE ( 'NONE', #4979, #1470 ) ;
#1547 = FACE_OUTER_BOUND ( 'NONE', #80, .T. ) ;
#1548 = ADVANCED_FACE ( 'NONE', ( #1528 ), #872, .T. ) ;
#1549 = AXIS2_PLACEMENT_3D ( 'NONE', #917, #116, #2805 ) ;
#1550 = ORIENTED_EDGE ( 'NONE', *, *, #3342, .T. ) ;
#1551 = CARTESIAN_POINT ( 'NONE',  ( 0.02836668478934982821, -0.4352242651757105563, 0.5878171478554616858 ) ) ;
#1552 = DIRECTION ( 'NONE',  ( 0.2320285546343257566, 0.000000000000000000, -0.9727089748914140577 ) ) ;
#1553 = DIRECTION ( 'NONE',  ( 0.000000000000000000, 0.000000000000000000, 1.000000000000000000 ) ) ;
#1554 = ORIENTED_EDGE ( 'NONE', *, *, #7753, .F. ) ;
#1555 = CARTESIAN_POINT ( 'NONE',  ( -0.04554751220016124702, -0.2301085762956885938, 0.4037324512512316388 ) ) ;
#1556 = DIRECTION ( 'NONE',  ( 0.000000000000000000, 0.000000000000000000, -1.000000000000000000 ) ) ;
#1557 = VECTOR ( 'NONE', #7759, 39.37007874015748143 ) ;
#1558 = FACE_OUTER_BOUND ( 'NONE', #130, .T. ) ;
#1559 = EDGE_CURVE ( 'NONE', #6077, #1878, #825, .T. ) ;
#1560 = ADVANCED_FACE ( 'NONE', ( #781 ), #211, .F. ) ;
#1561 = CARTESIAN_POINT ( 'NONE',  ( -0.06553932762788661215, -0.3244723033450893079, -1.056282283411897441E-12 ) ) ;
#1562 = VECTOR ( 'NONE', #1943, 39.37007874015748143 ) ;
#1563 = DIRECTION ( 'NONE',  ( 3.330669073875468635E-16, -6.231570711506254047E-16, -1.000000000000000000 ) ) ;
#1564 = CIRCLE ( 'NONE', #8572, 0.007874015748031449116 ) ;
#1565 = EDGE_LOOP ( 'NONE', ( #4206, #8483, #6391, #3894, #4278, #1849 ) ) ;
#1566 = CARTESIAN_POINT ( 'NONE',  ( -0.07282842949323992121, -0.1005785958843719852, 0.2027559055107547303 ) ) ;
#1567 = ORIENTED_EDGE ( 'NONE', *, *, #2273, .F. ) ;
#1568 = CARTESIAN_POINT ( 'NONE',  ( 0.05018063384498162860, -0.4391612730497385653, 0.5838744766105881112 ) ) ;
#1569 = CIRCLE ( 'NONE', #2401, 0.006046844034891215788 ) ;
#1570 = PRESENTATION_LAYER_ASSIGNMENT (  '', '', ( #295 ) ) ;
#1571 = CARTESIAN_POINT ( 'NONE',  ( -0.08267094917827930156, -0.2334526116324034117, 0.4409448818887066190 ) ) ;
#1572 = DIRECTION ( 'NONE',  ( -1.716572833537972315E-33, 1.882801286680184389E-17, -1.000000000000000000 ) ) ;
#1573 = DIRECTION ( 'NONE',  ( -0.000000000000000000, -0.000000000000000000, -1.000000000000000000 ) ) ;
#1574 = VERTEX_POINT ( 'NONE', #5576 ) ;
#1575 = CONICAL_SURFACE ( 'NONE', #6767, 0.08464566929247008265, 0.5280744484440311748 ) ;
#1576 = VECTOR ( 'NONE', #1417, 39.37007874015748143 ) ;
#1577 = DIRECTION ( 'NONE',  ( -1.000000000000000000, 0.000000000000000000, 0.000000000000000000 ) ) ;
#1578 = ORIENTED_EDGE ( 'NONE', *, *, #6086, .T. ) ;
#1579 = DIRECTION ( 'NONE',  ( 9.117121629785412755E-17, -1.000000000000000000, -1.882801286680184389E-17 ) ) ;
#1580 = EDGE_CURVE ( 'NONE', #7903, #7958, #2903, .T. ) ;
#1581 = CARTESIAN_POINT ( 'NONE',  ( 0.03913980817383724831, -0.2503182145293271765, 0.5860989607054626349 ) ) ;
#1582 = DIRECTION ( 'NONE',  ( -1.301042606982605518E-15, 0.07845909572784527664, 0.9969173337331279638 ) ) ;
#1583 = DIRECTION ( 'NONE',  ( -1.737850800384704371E-16, -1.000000000000000000, 1.448216729911410023E-17 ) ) ;
#1584 = VECTOR ( 'NONE', #4936, 39.37007874015748143 ) ;
#1585 = ORIENTED_EDGE ( 'NONE', *, *, #2790, .T. ) ;
#1586 = CARTESIAN_POINT ( 'NONE',  ( -0.07662297386163728630, -0.2255785958843719574, 0.6440918523237650906 ) ) ;
#1587 = ORIENTED_EDGE ( 'NONE', *, *, #380, .T. ) ;
#1588 = CARTESIAN_POINT ( 'NONE',  ( 0.03013506967441414650, -0.4391612730497736483, 0.5872377431970658979 ) ) ;
#1589 = CARTESIAN_POINT ( 'NONE',  ( 0.1275660046431864036, -0.2230041156356882825, 0.4264342212329281234 ) ) ;
#1590 = EDGE_CURVE ( 'NONE', #6874, #107, #2382, .T. ) ;
#1591 = CARTESIAN_POINT ( 'NONE',  ( -0.09645047673733432581, -0.3997911943095688314, 0.1909448818887074795 ) ) ;
#1592 = CARTESIAN_POINT ( 'NONE',  ( 0.04134479885321683951, -0.2226258399788601239, 0.1181102362194161731 ) ) ;
#1593 = CARTESIAN_POINT ( 'NONE',  ( -0.05042707276078659678, -0.2255785958843719574, 0.6472067114361705897 ) ) ;
#1594 = CIRCLE ( 'NONE', #2714, 0.07086614173239805248 ) ;
#1595 = ORIENTED_EDGE ( 'NONE', *, *, #6439, .T. ) ;
#1596 = FACE_OUTER_BOUND ( 'NONE', #4623, .T. ) ;
#1597 = VERTEX_POINT ( 'NONE', #5443 ) ;
#1598 = CARTESIAN_POINT ( 'NONE',  ( 0.05442722076817591709, -0.4352242651757105563, 0.5878007555141834262 ) ) ;
#1599 = EDGE_CURVE ( 'NONE', #8158, #1284, #2097, .T. ) ;
#1600 = CIRCLE ( 'NONE', #2580, 0.1082677165354330312 ) ;
#1601 = DIRECTION ( 'NONE',  ( -1.411854421747038033E-17, -7.425991029036739954E-17, 1.000000000000000000 ) ) ;
#1602 = DIRECTION ( 'NONE',  ( -0.000000000000000000, -0.000000000000000000, -1.000000000000000000 ) ) ;
#1603 = CARTESIAN_POINT ( 'NONE',  ( -0.06101740587119263565, -0.2226258399788601239, 0.2027559055107547858 ) ) ;
#1604 = AXIS2_PLACEMENT_3D ( 'NONE', #2090, #6712, #2660 ) ;
#1605 = CARTESIAN_POINT ( 'NONE',  ( 0.04134479885321684645, -0.2226258399788601239, 0.03937007873910121358 ) ) ;
#1606 = ORIENTED_EDGE ( 'NONE', *, *, #5054, .F. ) ;
#1607 = DIRECTION ( 'NONE',  ( 0.000000000000000000, 0.000000000000000000, -1.000000000000000000 ) ) ;
#1608 = ORIENTED_EDGE ( 'NONE', *, *, #7020, .F. ) ;
#1609 = CARTESIAN_POINT ( 'NONE',  ( 0.04874508092792295688, -0.4391612730497385653, 0.5877777765839105051 ) ) ;
#1610 = EDGE_CURVE ( 'NONE', #2630, #6478, #4119, .T. ) ;
#1611 = CARTESIAN_POINT ( 'NONE',  ( 0.2381951925540043147, -0.2167203281678364291, 0.5090551181091799160 ) ) ;
#1612 = AXIS2_PLACEMENT_3D ( 'NONE', #6601, #5897, #532 ) ;
#1613 = CARTESIAN_POINT ( 'NONE',  ( 0.1233348689851301028, -0.2440531768772178922, 0.5641081009964298287 ) ) ;
#1614 = DIRECTION ( 'NONE',  ( 1.000000000000000000, 0.000000000000000000, 1.224646799147353207E-16 ) ) ;
#1615 = DIRECTION ( 'NONE',  ( 9.117121629785411522E-17, -1.000000000000000000, -1.882801286680184389E-17 ) ) ;
#1616 = VERTEX_POINT ( 'NONE', #8255 ) ;
#1617 = AXIS2_PLACEMENT_3D ( 'NONE', #6556, #4584, #7824 ) ;
#1618 = CARTESIAN_POINT ( 'NONE',  ( 0.03740779097920129276, -0.2410974499539382809, 0.6029016561127540363 ) ) ;
#1619 = EDGE_CURVE ( 'NONE', #112, #1506, #2231, .T. ) ;
#1620 = EDGE_LOOP ( 'NONE', ( #2774, #640, #2618, #3428, #2644 ) ) ;
#1621 = CYLINDRICAL_SURFACE ( 'NONE', #3384, 0.03937007874015840264 ) ;
#1622 = DIRECTION ( 'NONE',  ( 3.330669073875468635E-16, -6.231570711506254047E-16, -1.000000000000000000 ) ) ;
#1623 = DIRECTION ( 'NONE',  ( 9.117121629785411522E-17, -1.000000000000000000, -1.882801286680184389E-17 ) ) ;
#1624 = AXIS2_PLACEMENT_3D ( 'NONE', #2570, #1168, #5256 ) ;
#1625 = CARTESIAN_POINT ( 'NONE',  ( 0.04134479885321681175, -0.3751848950969702279, 0.3838502321687574104 ) ) ;
#1626 = CARTESIAN_POINT ( 'NONE',  ( 0.1968566098768388950, -0.2334526116324033562, 0.5078740157469746608 ) ) ;
#1627 = EDGE_CURVE ( 'NONE', #1230, #6755, #3100, .T. ) ;
#1628 = ORIENTED_EDGE ( 'NONE', *, *, #371, .F. ) ;
#1629 = DIRECTION ( 'NONE',  ( 1.000000000000000000, 9.117121629785412755E-17, -6.842277657836020854E-49 ) ) ;
#1630 = DIRECTION ( 'NONE',  ( 0.000000000000000000, 0.000000000000000000, 1.000000000000000000 ) ) ;
#1631 = CARTESIAN_POINT ( 'NONE',  ( 0.04238714902819497310, -0.4391612730497329031, 0.5540518372692848637 ) ) ;
#1632 = DIRECTION ( 'NONE',  ( 1.587382151871932196E-15, 0.07845909572784497132, 0.9969173337331279638 ) ) ;
#1633 =( NAMED_UNIT ( * ) SI_UNIT ( $, .STERADIAN. ) SOLID_ANGLE_UNIT ( ) );
#1634 = EDGE_CURVE ( 'NONE', #7375, #3246, #5656, .T. ) ;
#1635 = EDGE_CURVE ( 'NONE', #1597, #2668, #1126, .T. ) ;
#1636 = EDGE_LOOP ( 'NONE', ( #4799, #7532, #8596, #3997 ) ) ;
#1637 = ORIENTED_EDGE ( 'NONE', *, *, #6172, .T. ) ;
#1638 = VERTEX_POINT ( 'NONE', #5004 ) ;
#1639 = CARTESIAN_POINT ( 'NONE',  ( 0.04134479885321683257, -0.2226258399788601239, 0.1417322834635106887 ) ) ;
#1640 = ORIENTED_EDGE ( 'NONE', *, *, #2263, .T. ) ;
#1641 = CARTESIAN_POINT ( 'NONE',  ( 0.05291018644192458514, -0.4391612730497262418, 0.5869099608424707126 ) ) ;
#1642 = DIRECTION ( 'NONE',  ( -1.000000000000000000, 2.266997840165394896E-15, 5.819973929678367867E-16 ) ) ;
#1643 = CARTESIAN_POINT ( 'NONE',  ( 0.02376959564401312508, -0.1327790269366666831, 2.079575942781430431 ) ) ;
#1644 = LINE ( 'NONE', #3621, #5052 ) ;
#1645 = EDGE_CURVE ( 'NONE', #6494, #443, #3156, .T. ) ;
#1646 = CYLINDRICAL_SURFACE ( 'NONE', #6187, 0.007874015748031449116 ) ;
#1647 = VERTEX_POINT ( 'NONE', #5832 ) ;
#1648 =( LENGTH_UNIT ( ) NAMED_UNIT ( * ) SI_UNIT ( $, .METRE. ) );
#1649 = VERTEX_POINT ( 'NONE', #1000 ) ;
#1650 = LINE ( 'NONE', #6448, #8016 ) ;
#1651 = LINE ( 'NONE', #4334, #6796 ) ;
#1652 = CARTESIAN_POINT ( 'NONE',  ( 0.04804318030553531016, -0.4391612730497249095, 0.5878171478554616858 ) ) ;
#1653 = EDGE_CURVE ( 'NONE', #6640, #3545, #8140, .T. ) ;
#1654 = CARTESIAN_POINT ( 'NONE',  ( 0.1988251138138467655, -0.2344368636009073192, 0.5090551181091800270 ) ) ;
#1655 = ORIENTED_EDGE ( 'NONE', *, *, #6698, .T. ) ;
#1656 = ORIENTED_EDGE ( 'NONE', *, *, #1225, .T. ) ;
#1657 = LINE ( 'NONE', #3031, #1709 ) ;
#1658 = CARTESIAN_POINT ( 'NONE',  ( 0.1281058426138886597, -0.2274201706486357055, 0.4074979987905564260 ) ) ;
#1659 = CARTESIAN_POINT ( 'NONE',  ( -0.1555055948475705385, -0.4391612730497262418, 0.7283464566918570471 ) ) ;
#1660 = PLANE ( 'NONE',  #3908 ) ;
#1661 = CARTESIAN_POINT ( 'NONE',  ( -0.04920638224914537784, -0.2341475625388136084, 0.2165354330698099072 ) ) ;
#1662 = AXIS2_PLACEMENT_3D ( 'NONE', #115, #3413, #6097 ) ;
#1663 = VERTEX_POINT ( 'NONE', #4337 ) ;
#1664 = DIMENSIONAL_EXPONENTS ( 1.000000000000000000, 0.000000000000000000, 0.000000000000000000, 0.000000000000000000, 0.000000000000000000, 0.000000000000000000, 0.000000000000000000 ) ;
#1665 = CARTESIAN_POINT ( 'NONE',  ( 0.03497831315628321946, -0.4352242651757105563, 0.5867052641206457197 ) ) ;
#1666 = CARTESIAN_POINT ( 'NONE',  ( 0.1273423322149972170, -0.2227221762163852092, 0.4344990218033525364 ) ) ;
#1667 = FACE_OUTER_BOUND ( 'NONE', #5023, .T. ) ;
#1668 = CARTESIAN_POINT ( 'NONE',  ( -0.04084237512568004991, -0.2436212273193348044, 0.5589097512051699468 ) ) ;
#1669 = AXIS2_PLACEMENT_3D ( 'NONE', #198, #7497, #2129 ) ;
#1670 = ORIENTED_EDGE ( 'NONE', *, *, #346, .T. ) ;
#1671 = ORIENTED_EDGE ( 'NONE', *, *, #6871, .T. ) ;
#1672 = ORIENTED_EDGE ( 'NONE', *, *, #2335, .F. ) ;
#1673 = AXIS2_PLACEMENT_3D ( 'NONE', #7069, #2632, #6728 ) ;
#1674 = ORIENTED_EDGE ( 'NONE', *, *, #2109, .F. ) ;
#1675 = PLANE ( 'NONE',  #4667 ) ;
#1676 = DIRECTION ( 'NONE',  ( -0.7239618166986742098, -0.6898400452005922778, -1.156482317317871478E-16 ) ) ;
#1677 = EDGE_LOOP ( 'NONE', ( #698, #759, #2939, #8234, #8238 ) ) ;
#1678 = CARTESIAN_POINT ( 'NONE',  ( 0.2381951925540042314, -0.04546048564815143717, 0.7283464566918570471 ) ) ;
#1679 = CARTESIAN_POINT ( 'NONE',  ( 0.2381951925540042314, -0.04546048564815140247, 0.7283464566918570471 ) ) ;
#1680 = PLANE ( 'NONE',  #4803 ) ;
#1681 = ADVANCED_FACE ( 'NONE', ( #7850 ), #335, .F. ) ;
#1682 = DIRECTION ( 'NONE',  ( 0.000000000000000000, 0.000000000000000000, -1.000000000000000000 ) ) ;
#1683 = ADVANCED_FACE ( 'NONE', ( #3675 ), #1684, .T. ) ;
#1684 = TOROIDAL_SURFACE ( 'NONE', #703, 0.09055118110236221041, 0.01968503937007875029 ) ;
#1685 = PLANE ( 'NONE',  #1673 ) ;
#1686 = CYLINDRICAL_SURFACE ( 'NONE', #5062, 0.1082677165354331006 ) ;
#1687 = ORIENTED_EDGE ( 'NONE', *, *, #2481, .F. ) ;
#1688 = CARTESIAN_POINT ( 'NONE',  ( 0.1988251138138467378, -0.2344368636009073192, 0.6141732283454004460 ) ) ;
#1689 = AXIS2_PLACEMENT_3D ( 'NONE', #1996, #5259, #3232 ) ;
#1690 = VERTEX_POINT ( 'NONE', #288 ) ;
#1691 = CARTESIAN_POINT ( 'NONE',  ( -0.07676543736725569000, -0.3997911943095688314, 0.1909448818887074795 ) ) ;
#1692 = DIRECTION ( 'NONE',  ( -1.000000000000000000, -1.110223024625156294E-16, -1.411854421747038957E-17 ) ) ;
#1693 = EDGE_CURVE ( 'NONE', #2868, #850, #2351, .T. ) ;
#1694 =( NAMED_UNIT ( * ) PLANE_ANGLE_UNIT ( ) SI_UNIT ( $, .RADIAN. ) );
#1695 = AXIS2_PLACEMENT_3D ( 'NONE', #505, #3192, #8589 ) ;
#1696 = AXIS2_PLACEMENT_3D ( 'NONE', #4633, #7930, #4598 ) ;
#1697 = DIRECTION ( 'NONE',  ( -1.000000000000000000, -9.117121629785412755E-17, 6.842277657836020854E-49 ) ) ;
#1698 = FACE_BOUND ( 'NONE', #131, .T. ) ;
#1699 = EDGE_LOOP ( 'NONE', ( #4327, #7008, #7868, #65, #2449 ) ) ;
#1700 = EDGE_LOOP ( 'NONE', ( #2921, #1069, #3071, #7943, #7564, #7554 ) ) ;
#1701 = AXIS2_PLACEMENT_3D ( 'NONE', #2671, #6196, #6103 ) ;
#1702 = ORIENTED_EDGE ( 'NONE', *, *, #4961, .T. ) ;
#1703 = AXIS2_PLACEMENT_3D ( 'NONE', #2387, #5081, #8587 ) ;
#1704 = DIRECTION ( 'NONE',  ( -1.110223024625156294E-16, 1.000000000000000000, 7.425991029036739954E-17 ) ) ;
#1705 = EDGE_CURVE ( 'NONE', #2066, #5852, #8379, .T. ) ;
#1706 = CARTESIAN_POINT ( 'NONE',  ( 0.03989234369136207548, -0.4391612730497262418, 0.5489938757644728939 ) ) ;
#1707 = SURFACE_SIDE_STYLE ('',( #1753 ) ) ;
#1708 = DIRECTION ( 'NONE',  ( -0.2314036809250866467, 0.000000000000000000, 0.9728578192389268908 ) ) ;
#1709 = VECTOR ( 'NONE', #1704, 39.37007874015748143 ) ;
#1710 = AXIS2_PLACEMENT_3D ( 'NONE', #6220, #848, #713 ) ;
#1711 = EDGE_LOOP ( 'NONE', ( #2087, #489, #1326, #4397 ) ) ;
#1712 = CARTESIAN_POINT ( 'NONE',  ( -0.1003874846113504415, -1.445962891180035736, 0.7283464566918568250 ) ) ;
#1713 =( BOUNDED_CURVE ( )  B_SPLINE_CURVE ( 3, ( #3704, #4876, #7835, #6441 ),
 .UNSPECIFIED., .F., .T. ) 
 B_SPLINE_CURVE_WITH_KNOTS ( ( 4, 4 ),
 ( 6.938893903907227607E-18, 7.828468924254077888E-05 ),
 .UNSPECIFIED. ) 
 CURVE ( )  GEOMETRIC_REPRESENTATION_ITEM ( )  RATIONAL_B_SPLINE_CURVE ( ( 0.5075380241980521623, 0.5059135448119870260, 0.5045516275913928261, 0.5034522725362695628 ) ) 
 REPRESENTATION_ITEM ( '' )  );
#1714 = CARTESIAN_POINT ( 'NONE',  ( 0.04528180672723276096, -0.2386262973325888326, 0.6343006272539554180 ) ) ;
#1715 = EDGE_CURVE ( 'NONE', #1773, #4144, #1745, .T. ) ;
#1716 = VECTOR ( 'NONE', #7693, 39.37007874015748143 ) ;
#1717 = FACE_OUTER_BOUND ( 'NONE', #1711, .T. ) ;
#1718 = CARTESIAN_POINT ( 'NONE',  ( 0.04134479885321683951, -0.2226258399788601239, 0.1181102362194161731 ) ) ;
#1719 = CIRCLE ( 'NONE', #176, 0.007874015748031449116 ) ;
#1720 = VERTEX_POINT ( 'NONE', #1654 ) ;
#1721 = ORIENTED_EDGE ( 'NONE', *, *, #2674, .F. ) ;
#1722 = VECTOR ( 'NONE', #3948, 39.37007874015748143 ) ;
#1723 = ORIENTED_EDGE ( 'NONE', *, *, #3416, .T. ) ;
#1724 = CARTESIAN_POINT ( 'NONE',  ( -0.09841898067434193265, -0.2334526116324034117, 0.4251968503926439880 ) ) ;
#1725 = CARTESIAN_POINT ( 'NONE',  ( 0.04134479885321679787, -0.3909329265930334141, 0.3885826771642975630 ) ) ;
#1726 = ORIENTED_EDGE ( 'NONE', *, *, #6548, .T. ) ;
#1727 = LINE ( 'NONE', #7105, #2827 ) ;
#1728 = DIRECTION ( 'NONE',  ( 0.000000000000000000, 0.000000000000000000, 1.000000000000000000 ) ) ;
#1729 = CARTESIAN_POINT ( 'NONE',  ( 0.04134479885321683257, -0.2226258399788601239, 0.1968503936997311743 ) ) ;
#1730 = LINE ( 'NONE', #6981, #5142 ) ;
#1731 = CIRCLE ( 'NONE', #7218, 0.02559055118110200450 ) ;
#1732 = CARTESIAN_POINT ( 'NONE',  ( 0.1968566098768388950, -0.2334526116324033562, 0.5078740157469746608 ) ) ;
#1733 = CARTESIAN_POINT ( 'NONE',  ( 0.04134479885321683257, -0.2226258399788601239, -1.056269026750287463E-12 ) ) ;
#1734 = EDGE_CURVE ( 'NONE', #1895, #6931, #3025, .T. ) ;
#1735 = ADVANCED_FACE ( 'NONE', ( #956 ), #5043, .F. ) ;
#1736 = ORIENTED_EDGE ( 'NONE', *, *, #2976, .T. ) ;
#1737 = LINE ( 'NONE', #415, #8307 ) ;
#1738 = CIRCLE ( 'NONE', #6239, 0.01181102362204720403 ) ;
#1739 = ORIENTED_EDGE ( 'NONE', *, *, #7347, .T. ) ;
#1740 = CARTESIAN_POINT ( 'NONE',  ( -0.003930791697964271768, -0.3604211155694113100, 0.1909448818887074795 ) ) ;
#1741 = FACE_OUTER_BOUND ( 'NONE', #3933, .T. ) ;
#1742 = DIRECTION ( 'NONE',  ( -1.000000000000000000, -9.117121629785412755E-17, 6.842277657836020854E-49 ) ) ;
#1743 = AXIS2_PLACEMENT_3D ( 'NONE', #6561, #651, #365 ) ;
#1744 = LINE ( 'NONE', #3803, #2651 ) ;
#1745 = LINE ( 'NONE', #6373, #5198 ) ;
#1746 = ADVANCED_FACE ( 'NONE', ( #5175, #1698, #3760 ), #4385, .F. ) ;
#1747 = VERTEX_POINT ( 'NONE', #5740 ) ;
#1748 = ORIENTED_EDGE ( 'NONE', *, *, #5846, .F. ) ;
#1749 = ORIENTED_EDGE ( 'NONE', *, *, #6403, .F. ) ;
#1750 = TOROIDAL_SURFACE ( 'NONE', #2447, 0.1397637795275590289, 0.007874015748031482076 ) ;
#1751 = ORIENTED_EDGE ( 'NONE', *, *, #782, .T. ) ;
#1752 = LINE ( 'NONE', #1792, #6497 ) ;
#1753 = SURFACE_STYLE_FILL_AREA ( #7728 ) ;
#1754 = PLANE ( 'NONE',  #4188 ) ;
#1755 = AXIS2_PLACEMENT_3D ( 'NONE', #6301, #4268, #135 ) ;
#1756 = CARTESIAN_POINT ( 'NONE',  ( -0.04708713149381189150, -0.2452580327749332711, 0.2165354330698099350 ) ) ;
#1757 = ADVANCED_FACE ( 'NONE', ( #8424 ), #2398, .T. ) ;
#1758 = ORIENTED_EDGE ( 'NONE', *, *, #4464, .F. ) ;
#1759 = FACE_OUTER_BOUND ( 'NONE', #6590, .T. ) ;
#1760 = CARTESIAN_POINT ( 'NONE',  ( 0.04134479885321676318, -0.2226258399788601239, 0.1909448818887074795 ) ) ;
#1761 = CIRCLE ( 'NONE', #1624, 0.08622047244094488416 ) ;
#1762 = DIRECTION ( 'NONE',  ( 1.000000000000000000, -1.551310282504226230E-15, 1.025482459315277241E-16 ) ) ;
#1763 = LINE ( 'NONE', #356, #307 ) ;
#1764 = ORIENTED_EDGE ( 'NONE', *, *, #782, .F. ) ;
#1765 = EDGE_CURVE ( 'NONE', #3070, #3935, #3510, .T. ) ;
#1766 = ORIENTED_EDGE ( 'NONE', *, *, #3757, .F. ) ;
#1767 =( GEOMETRIC_REPRESENTATION_CONTEXT ( 3 ) GLOBAL_UNCERTAINTY_ASSIGNED_CONTEXT ( ( #4427 ) ) GLOBAL_UNIT_ASSIGNED_CONTEXT ( ( #7570, #4223, #1633 ) ) REPRESENTATION_CONTEXT ( 'NONE', 'WORKASPACE' ) );
#1768 = EDGE_CURVE ( 'NONE', #2372, #5833, #8472, .T. ) ;
#1769 = ORIENTED_EDGE ( 'NONE', *, *, #4645, .T. ) ;
#1770 = ORIENTED_EDGE ( 'NONE', *, *, #766, .T. ) ;
#1771 = DIRECTION ( 'NONE',  ( 0.000000000000000000, 0.000000000000000000, -1.000000000000000000 ) ) ;
#1772 = DIRECTION ( 'NONE',  ( 0.000000000000000000, 0.000000000000000000, -1.000000000000000000 ) ) ;
#1773 = VERTEX_POINT ( 'NONE', #1213 ) ;
#1774 = CARTESIAN_POINT ( 'NONE',  ( 0.1968566098768388950, -0.2334526116324033562, 0.6141732283453998908 ) ) ;
#1775 = FACE_OUTER_BOUND ( 'NONE', #3750, .T. ) ;
#1776 = CARTESIAN_POINT ( 'NONE',  ( 0.04792356635102962281, -0.4352242651757104452, 0.5746937882754090676 ) ) ;
#1777 = CARTESIAN_POINT ( 'NONE',  ( 0.04134479885321679787, -0.3673108793489378021, 0.3885826771642976740 ) ) ;
#1778 = CARTESIAN_POINT ( 'NONE',  ( 0.05881716998937940727, -0.2491205880511681847, 0.6013162479344162925 ) ) ;
#1779 = EDGE_CURVE ( 'NONE', #8436, #1166, #7033, .T. ) ;
#1780 = DIRECTION ( 'NONE',  ( -1.000000000000000000, -9.117121629785411522E-17, 9.282927046011350088E-49 ) ) ;
#1781 = EDGE_LOOP ( 'NONE', ( #8349, #6145, #3149, #5834 ) ) ;
#1782 = CARTESIAN_POINT ( 'NONE',  ( 0.07087235790833484872, -0.4352242651757104452, 0.5984251968493373708 ) ) ;
#1783 = EDGE_LOOP ( 'NONE', ( #957, #538, #8465, #6000 ) ) ;
#1784 = CARTESIAN_POINT ( 'NONE',  ( 0.1247261970436229633, -0.2069255682782996653, 0.5304553114422921878 ) ) ;
#1785 = CARTESIAN_POINT ( 'NONE',  ( -0.04055346614066161065, -0.2518058278115942739, 0.5671970417727193459 ) ) ;
#1786 = DIRECTION ( 'NONE',  ( 0.000000000000000000, -0.07845909572784424968, -0.9969173337331279638 ) ) ;
#1787 = DIRECTION ( 'NONE',  ( -0.02941952677910501801, 0.07842513486858100624, 0.9964858201022923634 ) ) ;
#1788 = DIRECTION ( 'NONE',  ( -0.9545195601488660753, 0.000000000000000000, -0.2981483008390543032 ) ) ;
#1789 = ORIENTED_EDGE ( 'NONE', *, *, #8591, .T. ) ;
#1790 = ORIENTED_EDGE ( 'NONE', *, *, #6172, .F. ) ;
#1791 = ORIENTED_EDGE ( 'NONE', *, *, #2934, .F. ) ;
#1792 = CARTESIAN_POINT ( 'NONE',  ( 0.001974720113059212287, -0.3909329265930334141, 0.5775590551170539655 ) ) ;
#1793 = EDGE_CURVE ( 'NONE', #1488, #650, #5477, .T. ) ;
#1794 = ADVANCED_FACE ( 'NONE', ( #8671 ), #2653, .T. ) ;
#1795 = CARTESIAN_POINT ( 'NONE',  ( -0.1555055948475705663, -0.1242006431284664314, 0.4921259842509123628 ) ) ;
#1796 = CARTESIAN_POINT ( 'NONE',  ( -0.07260113206688093013, -0.2255785958843718741, 0.6414871876472036938 ) ) ;
#1797 = ORIENTED_EDGE ( 'NONE', *, *, #4314, .T. ) ;
#1798 = CARTESIAN_POINT ( 'NONE',  ( 0.1354420843428742194, -0.3888103046492142334, 0.2821448874185098488 ) ) ;
#1799 = CARTESIAN_POINT ( 'NONE',  ( 0.1594550350736892996, -0.3879801706875215528, 0.7283464566918570471 ) ) ;
#1800 = DIRECTION ( 'NONE',  ( -1.000000000000000000, 0.000000000000000000, 0.000000000000000000 ) ) ;
#1801 = CARTESIAN_POINT ( 'NONE',  ( 0.05748035303984733169, -0.2459282359606245194, 0.6418789271868189372 ) ) ;
#1802 = EDGE_CURVE ( 'NONE', #3996, #5112, #1915, .T. ) ;
#1803 = AXIS2_PLACEMENT_3D ( 'NONE', #6240, #7510, #1390 ) ;
#1804 = ORIENTED_EDGE ( 'NONE', *, *, #4390, .F. ) ;
#1805 = ORIENTED_EDGE ( 'NONE', *, *, #6304, .T. ) ;
#1806 = ORIENTED_EDGE ( 'NONE', *, *, #8608, .F. ) ;
#1807 = EDGE_LOOP ( 'NONE', ( #4846, #4094 ) ) ;
#1808 = CIRCLE ( 'NONE', #6458, 0.04330708661417317223 ) ;
#1809 = CARTESIAN_POINT ( 'NONE',  ( -0.1259780357924523975, -0.2334526116324034117, 0.5078740157469746608 ) ) ;
#1810 = ORIENTED_EDGE ( 'NONE', *, *, #5346, .T. ) ;
#1811 = DIRECTION ( 'NONE',  ( 9.117121629785412755E-17, -1.000000000000000000, -1.882801286680184389E-17 ) ) ;
#1812 = DIRECTION ( 'NONE',  ( 1.347081331646212191E-16, -0.07845909572784610930, -0.9969173337331278528 ) ) ;
#1813 = LINE ( 'NONE', #3788, #8450 ) ;
#1814 = LINE ( 'NONE', #1236, #6274 ) ;
#1815 = VECTOR ( 'NONE', #5820, 39.37007874015748854 ) ;
#1816 = CARTESIAN_POINT ( 'NONE',  ( 0.04833020222475545996, -0.2502132261535952584, 0.5874329645024319868 ) ) ;
#1817 = CARTESIAN_POINT ( 'NONE',  ( 0.03091069254960627719, -0.4352242651757105563, 0.5862306471738075730 ) ) ;
#1818 = VERTEX_POINT ( 'NONE', #4015 ) ;
#1819 = CARTESIAN_POINT ( 'NONE',  ( -0.03773275685296913207, -0.2364367762361380132, 0.6621211305796277369 ) ) ;
#1820 = ORIENTED_EDGE ( 'NONE', *, *, #5413, .F. ) ;
#1821 = CARTESIAN_POINT ( 'NONE',  ( 0.04528180672723276096, -0.2386262973325888326, 0.6343006272539554180 ) ) ;
#1822 = AXIS2_PLACEMENT_3D ( 'NONE', #4834, #3500, #6189 ) ;
#1823 = CARTESIAN_POINT ( 'NONE',  ( 0.02547928242295029178, -0.2495423644944460839, 0.5959570700932308451 ) ) ;
#1824 = EDGE_CURVE ( 'NONE', #3215, #7410, #5058, .T. ) ;
#1825 = DIRECTION ( 'NONE',  ( -1.000000000000000000, 0.000000000000000000, 0.000000000000000000 ) ) ;
#1826 = DIRECTION ( 'NONE',  ( 0.000000000000000000, 0.9969173337331279638, -0.07845909572784554031 ) ) ;
#1827 = LINE ( 'NONE', #5998, #5207 ) ;
#1828 = VECTOR ( 'NONE', #3069, 39.37007874015748143 ) ;
#1829 = ORIENTED_EDGE ( 'NONE', *, *, #4544, .T. ) ;
#1830 = ORIENTED_EDGE ( 'NONE', *, *, #3241, .F. ) ;
#1831 = VERTEX_POINT ( 'NONE', #2573 ) ;
#1832 = CARTESIAN_POINT ( 'NONE',  ( -0.06495441374520848077, -0.3525470998213799945, 0.1909448818887074517 ) ) ;
#1833 = ORIENTED_EDGE ( 'NONE', *, *, #1653, .F. ) ;
#1834 = CARTESIAN_POINT ( 'NONE',  ( 0.1234658179123257898, -0.2517472136427984508, 0.5597611877368038336 ) ) ;
#1835 = EDGE_CURVE ( 'NONE', #4272, #1831, #4778, .T. ) ;
#1836 = AXIS2_PLACEMENT_3D ( 'NONE', #6568, #7196, #1328 ) ;
#1837 = CARTESIAN_POINT ( 'NONE',  ( -0.04330087043925325008, -0.2226258399788601239, -1.056269026750287463E-12 ) ) ;
#1838 = CARTESIAN_POINT ( 'NONE',  ( -0.1161355161074131004, -0.2167203281678364568, 0.6141732283454004460 ) ) ;
#1839 = CARTESIAN_POINT ( 'NONE',  ( -0.07367320079796164933, -0.2255785958843719297, 0.6420429837605206025 ) ) ;
#1840 = ORIENTED_EDGE ( 'NONE', *, *, #2220, .F. ) ;
#1841 = VECTOR ( 'NONE', #2205, 39.37007874015748143 ) ;
#1842 = PRODUCT_RELATED_PRODUCT_CATEGORY ( 'part', '', ( #169 ) ) ;
#1843 = ADVANCED_FACE ( 'NONE', ( #2614, #1949 ), #3930, .F. ) ;
#1844 = LINE ( 'NONE', #523, #2966 ) ;
#1845 = DIRECTION ( 'NONE',  ( 1.000000000000000000, 0.000000000000000000, 0.000000000000000000 ) ) ;
#1846 = LINE ( 'NONE', #5935, #715 ) ;
#1847 = CIRCLE ( 'NONE', #1983, 0.1476377952755905387 ) ;
#1848 = CIRCLE ( 'NONE', #1980, 0.1181102362204724671 ) ;
#1849 = ORIENTED_EDGE ( 'NONE', *, *, #5358, .T. ) ;
#1850 = ORIENTED_EDGE ( 'NONE', *, *, #5194, .F. ) ;
#1851 = EDGE_LOOP ( 'NONE', ( #6398, #4889 ) ) ;
#1852 = EDGE_LOOP ( 'NONE', ( #3403, #400, #5264, #4547 ) ) ;
#1853 = ADVANCED_FACE ( 'NONE', ( #1338 ), #8634, .F. ) ;
#1854 = AXIS2_PLACEMENT_3D ( 'NONE', #7006, #1101, #3131 ) ;
#1855 = AXIS2_PLACEMENT_3D ( 'NONE', #6353, #317, #6934 ) ;
#1856 = PLANE ( 'NONE',  #6525 ) ;
#1857 = ORIENTED_EDGE ( 'NONE', *, *, #392, .F. ) ;
#1858 = PLANE ( 'NONE',  #2395 ) ;
#1859 = CARTESIAN_POINT ( 'NONE',  ( 0.01772275160912241757, -0.5730195407662621587, 0.1909448818887074517 ) ) ;
#1860 = LINE ( 'NONE', #136, #7893 ) ;
#1861 = PLANE ( 'NONE',  #5424 ) ;
#1862 = CIRCLE ( 'NONE', #2708, 0.01574803149606289823 ) ;
#1863 = ORIENTED_EDGE ( 'NONE', *, *, #3087, .T. ) ;
#1864 = PLANE ( 'NONE',  #7193 ) ;
#1865 = ADVANCED_FACE ( 'NONE', ( #6664 ), #636, .F. ) ;
#1866 = VERTEX_POINT ( 'NONE', #7326 ) ;
#1867 = CARTESIAN_POINT ( 'NONE',  ( 0.01772275160912214348, -0.5730195407662619367, 0.7519685039359512713 ) ) ;
#1868 = ORIENTED_EDGE ( 'NONE', *, *, #7384, .F. ) ;
#1869 = DIRECTION ( 'NONE',  ( -1.000000000000000000, -9.117121629785412755E-17, 9.282927046011350088E-49 ) ) ;
#1870 = VECTOR ( 'NONE', #1536, 39.37007874015748854 ) ;
#1871 = UNCERTAINTY_MEASURE_WITH_UNIT (LENGTH_MEASURE( 1.000000000000000082E-05 ), #7170, 'distance_accuracy_value', 'NONE');
#1872 = CARTESIAN_POINT ( 'NONE',  ( 0.1482289253343203606, -0.1207793766126309815, -1.056255770088677686E-12 ) ) ;
#1873 = DIRECTION ( 'NONE',  ( 9.117121629785412755E-17, -1.000000000000000000, -1.882801286680184389E-17 ) ) ;
#1874 = VECTOR ( 'NONE', #8164, 39.37007874015748143 ) ;
#1875 = CARTESIAN_POINT ( 'NONE',  ( 0.04134479885321683257, -0.3131770210812223065, 0.1968503936997311465 ) ) ;
#1876 = VERTEX_POINT ( 'NONE', #3975 ) ;
#1877 = EDGE_CURVE ( 'NONE', #3545, #1488, #4218, .T. ) ;
#1878 = VERTEX_POINT ( 'NONE', #3354 ) ;
#1879 = EDGE_LOOP ( 'NONE', ( #1088, #8002, #5525, #6407, #4006, #7875, #2063, #3146, #384, #530, #3741, #6383, #8655, #1982 ) ) ;
#1880 = EDGE_LOOP ( 'NONE', ( #1578, #910, #233, #814 ) ) ;
#1881 = DIRECTION ( 'NONE',  ( -1.000000000000000000, 0.000000000000000000, 0.000000000000000000 ) ) ;
#1882 = DIRECTION ( 'NONE',  ( -9.117121629785411522E-17, 1.000000000000000000, 1.882801286680184389E-17 ) ) ;
#1883 = DIRECTION ( 'NONE',  ( -3.330669073875469621E-16, 1.448216729911419884E-17, 1.000000000000000000 ) ) ;
#1884 = CARTESIAN_POINT ( 'NONE',  ( 0.05029781349680918084, -0.4352242651757109448, 0.5859988618027943685 ) ) ;
#1885 = ORIENTED_EDGE ( 'NONE', *, *, #1765, .F. ) ;
#1886 = CIRCLE ( 'NONE', #8614, 0.1397637795275590566 ) ;
#1887 = B_SPLINE_CURVE_WITH_KNOTS ( 'NONE', 3,
 ( #2251, #1020, #6389, #6346, #2954, #7007, #3692, #935, #1593, #1505, #2209, #2291, #895, #3611, #6214 ),
 .UNSPECIFIED., .F., .F.,
 ( 4, 2, 2, 2, 1, 2, 2, 4 ),
 ( 0.5000000016022738691, 0.5625000000000032196, 0.6250000000000028866, 0.7499999999999995559, 0.8124999999999977796, 0.8437499999999970024, 0.8749999999999962252, 1.000000000000000000 ),
 .UNSPECIFIED. ) ;
#1888 = CARTESIAN_POINT ( 'NONE',  ( -0.09841898067434193265, -0.2177045801363403921, 0.4251968503926439880 ) ) ;
#1889 = CARTESIAN_POINT ( 'NONE',  ( 0.04134479885321679787, -0.3751848950969702279, 0.3885826771642975630 ) ) ;
#1890 = CARTESIAN_POINT ( 'NONE',  ( -0.03964815091417157183, -0.2177554636759813367, 0.5951722144303011053 ) ) ;
#1891 = VECTOR ( 'NONE', #2226, 39.37007874015748143 ) ;
#1892 = EDGE_LOOP ( 'NONE', ( #6001, #6447, #2455, #3502 ) ) ;
#1893 = EDGE_CURVE ( 'NONE', #4888, #1647, #6039, .T. ) ;
#1894 = EDGE_LOOP ( 'NONE', ( #3106, #5577, #3409, #2377 ) ) ;
#1895 = VERTEX_POINT ( 'NONE', #5390 ) ;
#1896 = VECTOR ( 'NONE', #3520, 39.37007874015748143 ) ;
#1897 = ORIENTED_EDGE ( 'NONE', *, *, #392, .T. ) ;
#1898 = PLANE ( 'NONE',  #4797 ) ;
#1899 = CARTESIAN_POINT ( 'NONE',  ( 0.1653605468847131055, -0.2334526116324033562, 0.4881889763768958446 ) ) ;
#1900 = CARTESIAN_POINT ( 'NONE',  ( 0.02851545937267592479, -0.4352242651757102787, 0.5878141391938361826 ) ) ;
#1901 = CARTESIAN_POINT ( 'NONE',  ( -0.06101740587119258707, -0.2226258399788601239, 0.2086614173217784252 ) ) ;
#1902 = EDGE_CURVE ( 'NONE', #5952, #2848, #4606, .T. ) ;
#1903 = EDGE_CURVE ( 'NONE', #154, #1542, #1827, .T. ) ;
#1904 = AXIS2_PLACEMENT_3D ( 'NONE', #2699, #4103, #3350 ) ;
#1905 = ORIENTED_EDGE ( 'NONE', *, *, #6141, .T. ) ;
#1906 = LINE ( 'NONE', #5328, #5633 ) ;
#1907 = ORIENTED_EDGE ( 'NONE', *, *, #3188, .F. ) ;
#1908 = DIRECTION ( 'NONE',  ( 0.000000000000000000, -0.9969173337331279638, 0.07845909572784554031 ) ) ;
#1909 = ORIENTED_EDGE ( 'NONE', *, *, #3582, .T. ) ;
#1910 = DIRECTION ( 'NONE',  ( 1.000000000000000000, -1.737850800384704371E-16, 3.330669073875469621E-16 ) ) ;
#1911 = AXIS2_PLACEMENT_3D ( 'NONE', #5642, #2964, #5600 ) ;
#1912 = CARTESIAN_POINT ( 'NONE',  ( -0.04841166321589533000, -0.2083901958191848591, 0.2165354330698099350 ) ) ;
#1913 = ADVANCED_FACE ( 'NONE', ( #5339, #1172 ), #3196, .F. ) ;
#1914 = CARTESIAN_POINT ( 'NONE',  ( 0.04528180672723267769, -0.2464760401178890115, 0.6349184154092927246 ) ) ;
#1915 = LINE ( 'NONE', #2702, #557 ) ;
#1916 = ORIENTED_EDGE ( 'NONE', *, *, #2976, .F. ) ;
#1917 = ORIENTED_EDGE ( 'NONE', *, *, #4001, .T. ) ;
#1918 = ORIENTED_EDGE ( 'NONE', *, *, #244, .T. ) ;
#1919 = ORIENTED_EDGE ( 'NONE', *, *, #6120, .F. ) ;
#1920 = DIRECTION ( 'NONE',  ( 0.000000000000000000, -1.000000000000000000, 0.000000000000000000 ) ) ;
#1921 = CARTESIAN_POINT ( 'NONE',  ( 0.1929196020028235703, -0.2334526116324033562, 0.4976528653221187204 ) ) ;
#1922 = EDGE_CURVE ( 'NONE', #3693, #3070, #1406, .T. ) ;
#1923 = CARTESIAN_POINT ( 'NONE',  ( 0.07333468834404320569, -0.1379105556207659844, 0.2165354330698099627 ) ) ;
#1924 = CARTESIAN_POINT ( 'NONE',  ( 0.07087235790833486260, -0.4352242651757104452, 0.5393700787391012552 ) ) ;
#1925 = ORIENTED_EDGE ( 'NONE', *, *, #7262, .F. ) ;
#1926 = CARTESIAN_POINT ( 'NONE',  ( -0.08267094917827930156, -0.2177045801363403921, 0.4409448818887066190 ) ) ;
#1927 = DIRECTION ( 'NONE',  ( -9.117121629785411522E-17, 1.000000000000000000, 1.882801286680184389E-17 ) ) ;
#1928 = CARTESIAN_POINT ( 'NONE',  ( -0.03964815091417140530, -0.1508830803843599910, 0.6090239817634196529 ) ) ;
#1929 = EDGE_CURVE ( 'NONE', #7273, #5937, #5900, .T. ) ;
#1930 = VERTEX_POINT ( 'NONE', #3489 ) ;
#1931 = EDGE_LOOP ( 'NONE', ( #6967, #3278, #3347, #7888 ) ) ;
#1932 = ORIENTED_EDGE ( 'NONE', *, *, #4819, .F. ) ;
#1933 = FACE_OUTER_BOUND ( 'NONE', #1851, .T. ) ;
#1934 = CARTESIAN_POINT ( 'NONE',  ( 0.1233348689851301028, -0.2440531768772178922, 0.5641081009964298287 ) ) ;
#1935 = DIRECTION ( 'NONE',  ( 0.000000000000000000, 0.000000000000000000, -1.000000000000000000 ) ) ;
#1936 = ORIENTED_EDGE ( 'NONE', *, *, #8006, .T. ) ;
#1937 = CARTESIAN_POINT ( 'NONE',  ( 0.02922830598980420344, -0.4352242651757104452, 0.5877047158497396007 ) ) ;
#1938 = AXIS2_PLACEMENT_3D ( 'NONE', #965, #3641, #6337 ) ;
#1939 = ORIENTED_EDGE ( 'NONE', *, *, #3847, .T. ) ;
#1940 = CARTESIAN_POINT ( 'NONE',  ( -0.07948175472964708055, -0.2255785958843719297, 0.6677539184830418861 ) ) ;
#1941 = EDGE_LOOP ( 'NONE', ( #5092, #3038, #3199, #5327, #7804, #8154 ) ) ;
#1942 = ADVANCED_FACE ( 'NONE', ( #8108 ), #6750, .F. ) ;
#1943 = DIRECTION ( 'NONE',  ( 0.000000000000000000, 1.000000000000000000, 0.000000000000000000 ) ) ;
#1944 = EDGE_CURVE ( 'NONE', #3376, #7421, #6277, .T. ) ;
#1945 = CARTESIAN_POINT ( 'NONE',  ( -0.05073382520091304637, -0.3326287305056196408, 0.2651844145102704164 ) ) ;
#1946 = DIRECTION ( 'NONE',  ( 0.000000000000000000, 0.000000000000000000, 1.000000000000000000 ) ) ;
#1947 = VECTOR ( 'NONE', #2441, 39.37007874015748143 ) ;
#1948 = CARTESIAN_POINT ( 'NONE',  ( 0.03626036590053320630, -0.4391612730497599371, 0.5877971290358935397 ) ) ;
#1949 = FACE_BOUND ( 'NONE', #7639, .T. ) ;
#1950 = ORIENTED_EDGE ( 'NONE', *, *, #6185, .F. ) ;
#1951 = ORIENTED_EDGE ( 'NONE', *, *, #210, .F. ) ;
#1952 = ORIENTED_EDGE ( 'NONE', *, *, #434, .F. ) ;
#1953 = CARTESIAN_POINT ( 'NONE',  ( 0.05233219495995350412, -0.4391612730497276296, 0.5852881671030556454 ) ) ;
#1954 = EDGE_CURVE ( 'NONE', #3736, #1895, #4732, .T. ) ;
#1955 = VERTEX_POINT ( 'NONE', #4867 ) ;
#1956 = DIRECTION ( 'NONE',  ( 0.000000000000000000, 0.000000000000000000, -1.000000000000000000 ) ) ;
#1957 = PLANE ( 'NONE',  #467 ) ;
#1958 = VECTOR ( 'NONE', #3550, 39.37007874015748143 ) ;
#1959 = CARTESIAN_POINT ( 'NONE',  ( 0.1234059567489554643, -0.1842802206493539263, 0.2165354330698099350 ) ) ;
#1960 = CARTESIAN_POINT ( 'NONE',  ( 0.1476440114516419932, -0.3525470998213799945, 0.2027559055107547303 ) ) ;
#1961 = EDGE_LOOP ( 'NONE', ( #1243, #5248, #5999, #2344 ) ) ;
#1962 = EDGE_CURVE ( 'NONE', #3030, #4788, #2955, .T. ) ;
#1963 = AXIS2_PLACEMENT_3D ( 'NONE', #4373, #8372, #325 ) ;
#1964 = CARTESIAN_POINT ( 'NONE',  ( -0.1013717365798540299, -0.3879801706875215528, 0.7283464566918570471 ) ) ;
#1965 = LINE ( 'NONE', #1354, #8353 ) ;
#1966 = CARTESIAN_POINT ( 'NONE',  ( 0.05850867377025667504, -0.2461293641816194588, 0.6393233508326341408 ) ) ;
#1967 = CARTESIAN_POINT ( 'NONE',  ( -0.04055346614066086125, -0.2439560850262924574, 0.5665792536174073524 ) ) ;
#1968 = ORIENTED_EDGE ( 'NONE', *, *, #4745, .F. ) ;
#1969 = CIRCLE ( 'NONE', #2419, 0.01968503937007867396 ) ;
#1970 = CARTESIAN_POINT ( 'NONE',  ( 0.1811085783807760141, -0.2334526116324033562, 0.4251968503926439880 ) ) ;
#1971 = AXIS2_PLACEMENT_3D ( 'NONE', #6217, #5554, #6790 ) ;
#1972 = ORIENTED_EDGE ( 'NONE', *, *, #1500, .T. ) ;
#1973 = VERTEX_POINT ( 'NONE', #1378 ) ;
#1974 = ADVANCED_FACE ( 'NONE', ( #240 ), #6133, .T. ) ;
#1975 = CARTESIAN_POINT ( 'NONE',  ( -0.02592684560836239910, -0.2364640387889077877, 0.6617747270025060580 ) ) ;
#1976 = CARTESIAN_POINT ( 'NONE',  ( 0.03908268893549118189, -0.2450971055668613452, 0.6524394401324294934 ) ) ;
#1977 = VECTOR ( 'NONE', #7439, 39.37007874015748143 ) ;
#1978 = FACE_OUTER_BOUND ( 'NONE', #2276, .T. ) ;
#1979 = FACE_OUTER_BOUND ( 'NONE', #5416, .T. ) ;
#1980 = AXIS2_PLACEMENT_3D ( 'NONE', #4824, #8157, #8072 ) ;
#1981 = DIRECTION ( 'NONE',  ( -1.000000000000000000, -9.117121629785412755E-17, 9.282927046011350088E-49 ) ) ;
#1982 = ORIENTED_EDGE ( 'NONE', *, *, #3604, .F. ) ;
#1983 = AXIS2_PLACEMENT_3D ( 'NONE', #2907, #6996, #961 ) ;
#1984 = CARTESIAN_POINT ( 'NONE',  ( 0.03105705592539717563, -0.4391612730497263528, 0.5858886784004088133 ) ) ;
#1985 = AXIS2_PLACEMENT_3D ( 'NONE', #6513, #641, #1343 ) ;
#1986 = EDGE_LOOP ( 'NONE', ( #4625, #7546, #7287, #554 ) ) ;
#1987 = PLANE ( 'NONE',  #6920 ) ;
#1988 = EDGE_CURVE ( 'NONE', #5368, #1616, #3931, .T. ) ;
#1989 = VERTEX_POINT ( 'NONE', #1427 ) ;
#1990 = LINE ( 'NONE', #8019, #8592 ) ;
#1991 = CARTESIAN_POINT ( 'NONE',  ( 0.1204223545594031025, -0.2364367762361380132, 0.6621211305796277369 ) ) ;
#1992 = VECTOR ( 'NONE', #6565, 39.37007874015748143 ) ;
#1993 = CARTESIAN_POINT ( 'NONE',  ( 0.08858889334140562788, -0.3988069423410648406, 0.5696850393690224834 ) ) ;
#1994 = EDGE_CURVE ( 'NONE', #5151, #1132, #990, .T. ) ;
#1995 = B_SPLINE_SURFACE_WITH_KNOTS ( 'NONE', 1, 3, ( 
 ( #3322, #2047, #3127, #3979, #8484, #7414, #6668, #1139, #1384, #2001 ),
 ( #4062, #7376, #7176, #6002, #436, #3080, #6467, #5147, #8439, #7822 ),
 ( #2457, #2414, #1798, #8675, #2659, #4019, #7782, #7133, #5345, #8030 ),
 ( #5526, #6181, #7588, #8206, #3452, #913, #110, #2797, #3587, #8113 ) ),
 .UNSPECIFIED., .F., .F., .F.,
 ( 2, 1, 1, 2 ),
 ( 4, 2, 2, 2, 4 ),
 ( -0.01000000000000000021, 0.000000000000000000, 1.000000000000000000, 1.010099999999999998 ),
 ( 0.000000000000000000, 0.2500000000000000000, 0.5000000000000000000, 0.7500000000000000000, 1.000000000000000000 ),
 .UNSPECIFIED. ) ;
#1996 = CARTESIAN_POINT ( 'NONE',  ( 0.04134479885321703380, -0.2450223213465883842, 0.6032105501904226896 ) ) ;
#1997 = ORIENTED_EDGE ( 'NONE', *, *, #1768, .F. ) ;
#1998 = ORIENTED_EDGE ( 'NONE', *, *, #3032, .T. ) ;
#1999 = AXIS2_PLACEMENT_3D ( 'NONE', #3332, #8087, #743 ) ;
#2000 = ORIENTED_EDGE ( 'NONE', *, *, #7466, .F. ) ;
#2001 = CARTESIAN_POINT ( 'NONE',  ( 0.1331988409162925269, -0.3277256598867956394, 0.2718105341593820556 ) ) ;
#2002 = DIRECTION ( 'NONE',  ( -1.000000000000000000, -9.117121629785412755E-17, 6.842277657836020854E-49 ) ) ;
#2003 = ORIENTED_EDGE ( 'NONE', *, *, #4929, .F. ) ;
#2004 = DIRECTION ( 'NONE',  ( 0.000000000000000000, -0.9969173337331279638, 0.07845909572784554031 ) ) ;
#2005 = CARTESIAN_POINT ( 'NONE',  ( -0.005899295634972270656, -0.3909329265930334141, 0.5696850393690224834 ) ) ;
#2006 = AXIS2_PLACEMENT_3D ( 'NONE', #7290, #1255, #3983 ) ;
#2007 = DIRECTION ( 'NONE',  ( 0.000000000000000000, 0.000000000000000000, 1.000000000000000000 ) ) ;
#2008 = ADVANCED_FACE ( 'NONE', ( #2891 ), #4773, .T. ) ;
#2009 = DIRECTION ( 'NONE',  ( 1.200973030310050651E-16, -1.289290469611919642E-18, -1.000000000000000000 ) ) ;
#2010 = ORIENTED_EDGE ( 'NONE', *, *, #767, .T. ) ;
#2011 = AXIS2_PLACEMENT_3D ( 'NONE', #2425, #6397, #6522 ) ;
#2012 = DIRECTION ( 'NONE',  ( 1.000000000000000000, 0.000000000000000000, 0.000000000000000000 ) ) ;
#2013 = CARTESIAN_POINT ( 'NONE',  ( 0.05018063384498162166, -0.4352242651757104452, 0.5838744766105881112 ) ) ;
#2014 = CARTESIAN_POINT ( 'NONE',  ( 0.04134479885321683257, -0.2226258399788601239, 0.1417322834635106887 ) ) ;
#2015 = CARTESIAN_POINT ( 'NONE',  ( -0.1555055948475705663, -0.2167203281678364568, 0.5090551181091799160 ) ) ;
#2016 = DIRECTION ( 'NONE',  ( 0.000000000000000000, -1.000000000000000000, 0.000000000000000000 ) ) ;
#2017 = ORIENTED_EDGE ( 'NONE', *, *, #6275, .F. ) ;
#2018 = EDGE_CURVE ( 'NONE', #8358, #7139, #4357, .T. ) ;
#2019 = VECTOR ( 'NONE', #3418, 39.37007874015748143 ) ;
#2020 = CARTESIAN_POINT ( 'NONE',  ( 0.1594550350736892996, -0.3879801706875215528, 0.1889763779516996645 ) ) ;
#2021 = ORIENTED_EDGE ( 'NONE', *, *, #1634, .T. ) ;
#2022 = EDGE_LOOP ( 'NONE', ( #7724, #5741, #5022, #5568 ) ) ;
#2023 = FACE_OUTER_BOUND ( 'NONE', #6622, .T. ) ;
#2024 = CARTESIAN_POINT ( 'NONE',  ( 0.2342581846799887679, -0.2334526116324033562, 0.6141732283453998908 ) ) ;
#2025 = VECTOR ( 'NONE', #4002, 39.37007874015748143 ) ;
#2026 = CARTESIAN_POINT ( 'NONE',  ( 0.04281434172285814022, -0.4352242651757104452, 0.5539493110225657269 ) ) ;
#2027 = DIRECTION ( 'NONE',  ( 1.000000000000000000, 0.000000000000000000, 0.000000000000000000 ) ) ;
#2028 = PLANE ( 'NONE',  #2044 ) ;
#2029 = EDGE_CURVE ( 'NONE', #8266, #6975, #3650, .T. ) ;
#2030 = ORIENTED_EDGE ( 'NONE', *, *, #3013, .T. ) ;
#2031 = AXIS2_PLACEMENT_3D ( 'NONE', #1889, #5758, #5059 ) ;
#2032 = CARTESIAN_POINT ( 'NONE',  ( 0.03770511709468666456, -0.4352242651757104452, 0.5746937882754090676 ) ) ;
#2033 = DIRECTION ( 'NONE',  ( 0.000000000000000000, 0.000000000000000000, -1.000000000000000000 ) ) ;
#2034 = EDGE_LOOP ( 'NONE', ( #3019, #7616, #5444, #8028 ) ) ;
#2035 = CARTESIAN_POINT ( 'NONE',  ( 0.08071487759337428458, -0.3840431628135057562, 0.4606299212587862679 ) ) ;
#2036 = CARTESIAN_POINT ( 'NONE',  ( 0.04134479909259097113, -0.1320746588764426799, 0.2165354330698099350 ) ) ;
#2037 = AXIS2_PLACEMENT_3D ( 'NONE', #6866, #879, #3464 ) ;
#2038 = EDGE_CURVE ( 'NONE', #7283, #1368, #8201, .T. ) ;
#2039 = ADVANCED_FACE ( 'NONE', ( #6175 ), #105, .T. ) ;
#2040 = CARTESIAN_POINT ( 'NONE',  ( 0.08465188546738969255, -1.445962891180035736, 0.7283464566918568250 ) ) ;
#2041 = CARTESIAN_POINT ( 'NONE',  ( -0.1555055948475702610, -0.6161297769867342122, 0.6574803149595732643 ) ) ;
#2042 = VERTEX_POINT ( 'NONE', #2041 ) ;
#2043 = ORIENTED_EDGE ( 'NONE', *, *, #1988, .F. ) ;
#2044 = AXIS2_PLACEMENT_3D ( 'NONE', #3304, #2780, #5376 ) ;
#2045 = PLANE ( 'NONE',  #6768 ) ;
#2046 = ORIENTED_EDGE ( 'NONE', *, *, #8026, .T. ) ;
#2047 = CARTESIAN_POINT ( 'NONE',  ( 0.1356661510371348633, -0.3988856824985449467, 0.2870326806817855014 ) ) ;
#2048 = CARTESIAN_POINT ( 'NONE',  ( 0.08858889334140562788, -0.3909329265930334141, 0.5696850393690224834 ) ) ;
#2049 = ORIENTED_EDGE ( 'NONE', *, *, #5837, .T. ) ;
#2050 = DIRECTION ( 'NONE',  ( 3.940000062642333668E-31, -0.07845909572784755259, -0.9969173337331277418 ) ) ;
#2051 = DIRECTION ( 'NONE',  ( -1.000000000000000000, 0.000000000000000000, 0.000000000000000000 ) ) ;
#2052 = DIRECTION ( 'NONE',  ( 0.000000000000000000, 0.000000000000000000, -1.000000000000000000 ) ) ;
#2053 = CARTESIAN_POINT ( 'NONE',  ( -0.1555055948475706495, -0.2167203281678364568, 0.6141732283454004460 ) ) ;
#2054 = ORIENTED_EDGE ( 'NONE', *, *, #6548, .F. ) ;
#2055 = LINE ( 'NONE', #3461, #2019 ) ;
#2056 = EDGE_LOOP ( 'NONE', ( #597, #1628, #5692, #7933 ) ) ;
#2057 = ADVANCED_FACE ( 'NONE', ( #5521 ), #7499, .T. ) ;
#2058 = CARTESIAN_POINT ( 'NONE',  ( -0.06495441374520818933, -0.2255785958843719852, 0.6574803149595732643 ) ) ;
#2059 = ADVANCED_FACE ( 'NONE', ( #4821, #8245 ), #6228, .F. ) ;
#2060 = CARTESIAN_POINT ( 'NONE',  ( 0.1555180271996734476, -0.3525470998213799945, 0.1909448818887074517 ) ) ;
#2061 = CARTESIAN_POINT ( 'NONE',  ( -0.04203659933718882635, -0.2742311473858197179, 0.5191922202286969323 ) ) ;
#2062 = FACE_OUTER_BOUND ( 'NONE', #716, .T. ) ;
#2063 = ORIENTED_EDGE ( 'NONE', *, *, #6488, .F. ) ;
#2064 = CARTESIAN_POINT ( 'NONE',  ( 0.04574988197097618753, -0.2502936451491894476, 0.5864111442797352858 ) ) ;
#2065 = ORIENTED_EDGE ( 'NONE', *, *, #4929, .T. ) ;
#2066 = VERTEX_POINT ( 'NONE', #7583 ) ;
#2067 = CARTESIAN_POINT ( 'NONE',  ( 0.2381951925540042314, -0.04546048564815143717, 0.6141732283454004460 ) ) ;
#2068 = DIRECTION ( 'NONE',  ( -9.117121629785412755E-17, 1.000000000000000000, 1.882801286680184389E-17 ) ) ;
#2069 = ADVANCED_FACE ( 'NONE', ( #5691 ), #1686, .F. ) ;
#2070 = DIRECTION ( 'NONE',  ( 0.000000000000000000, -0.9969173337331280749, 0.07845909572784424968 ) ) ;
#2071 = DIRECTION ( 'NONE',  ( 1.411854421747038033E-17, 7.425991029036739954E-17, -1.000000000000000000 ) ) ;
#2072 = CARTESIAN_POINT ( 'NONE',  ( -0.1476315790995390842, -0.2334526116324034117, 0.7204724409438251209 ) ) ;
#2073 = VERTEX_POINT ( 'NONE', #7023 ) ;
#2074 = CARTESIAN_POINT ( 'NONE',  ( 0.04134479885321703380, -0.5730195407662621587, 0.1909448818887074517 ) ) ;
#2075 = LINE ( 'NONE', #2123, #1576 ) ;
#2076 = ORIENTED_EDGE ( 'NONE', *, *, #6152, .T. ) ;
#2077 = CARTESIAN_POINT ( 'NONE',  ( -0.04532383977197207425, -0.2266984433164466739, 0.4110462389936238026 ) ) ;
#2078 = EDGE_CURVE ( 'NONE', #5636, #7870, #6318, .T. ) ;
#2079 = LINE ( 'NONE', #5385, #6390 ) ;
#2080 = CARTESIAN_POINT ( 'NONE',  ( -0.09645047673733456173, -0.2167203281678364568, 0.6141732283454004460 ) ) ;
#2081 = VECTOR ( 'NONE', #1883, 39.37007874015748143 ) ;
#2082 = CARTESIAN_POINT ( 'NONE',  ( -0.1555055948475706495, -0.1242006431284664314, 0.4921259842509122517 ) ) ;
#2083 = DIRECTION ( 'NONE',  ( -1.411854421747038033E-17, -7.425991029036739954E-17, 1.000000000000000000 ) ) ;
#2084 = ORIENTED_EDGE ( 'NONE', *, *, #7234, .F. ) ;
#2085 = ORIENTED_EDGE ( 'NONE', *, *, #3806, .T. ) ;
#2086 = CARTESIAN_POINT ( 'NONE',  ( 0.05556177173160704863, -0.4391612730497262418, 0.5878171478554616858 ) ) ;
#2087 = ORIENTED_EDGE ( 'NONE', *, *, #5942, .T. ) ;
#2088 = CARTESIAN_POINT ( 'NONE',  ( -0.03703689389959236716, -0.2973132464474282366, 0.03937007873910120664 ) ) ;
#2089 = EDGE_CURVE ( 'NONE', #5987, #5329, #3749, .T. ) ;
#2090 = CARTESIAN_POINT ( 'NONE',  ( 0.1830770823177811923, -0.1327790269366669607, 2.079575942781430431 ) ) ;
#2091 = ADVANCED_FACE ( 'NONE', ( #4284 ), #3103, .T. ) ;
#2092 = EDGE_LOOP ( 'NONE', ( #5197, #8557, #8225, #976 ) ) ;
#2093 = VECTOR ( 'NONE', #3155, 39.37007874015748143 ) ;
#2094 = DIRECTION ( 'NONE',  ( 0.000000000000000000, 0.000000000000000000, 1.000000000000000000 ) ) ;
#2095 = DIRECTION ( 'NONE',  ( 0.000000000000000000, 0.000000000000000000, 1.000000000000000000 ) ) ;
#2096 = DIRECTION ( 'NONE',  ( 0.000000000000000000, -1.000000000000000000, 0.000000000000000000 ) ) ;
#2097 = LINE ( 'NONE', #6144, #1256 ) ;
#2098 = AXIS2_PLACEMENT_3D ( 'NONE', #3167, #5844, #8348 ) ;
#2099 = ORIENTED_EDGE ( 'NONE', *, *, #2504, .F. ) ;
#2100 = DIRECTION ( 'NONE',  ( -0.000000000000000000, -1.000000000000000000, -0.000000000000000000 ) ) ;
#2101 = VERTEX_POINT ( 'NONE', #8463 ) ;
#2102 = LINE ( 'NONE', #172, #2833 ) ;
#2103 = CARTESIAN_POINT ( 'NONE',  ( 0.04804318030553531016, -0.4391612730497262418, 0.5878171478554616858 ) ) ;
#2104 = CARTESIAN_POINT ( 'NONE',  ( -0.06692291768221619863, -0.2226258399788601239, -1.056269026750287463E-12 ) ) ;
#2105 = VECTOR ( 'NONE', #1788, 39.37007874015748143 ) ;
#2106 = DIRECTION ( 'NONE',  ( -1.000000000000000000, 0.000000000000000000, 0.000000000000000000 ) ) ;
#2107 = LINE ( 'NONE', #1626, #8556 ) ;
#2108 = EDGE_CURVE ( 'NONE', #5815, #2403, #8430, .T. ) ;
#2109 = EDGE_CURVE ( 'NONE', #3317, #2562, #1261, .T. ) ;
#2110 = ORIENTED_EDGE ( 'NONE', *, *, #5073, .T. ) ;
#2111 = ORIENTED_EDGE ( 'NONE', *, *, #5799, .T. ) ;
#2112 = AXIS2_PLACEMENT_3D ( 'NONE', #2131, #3401, #2792 ) ;
#2113 = LINE ( 'NONE', #7351, #3536 ) ;
#2114 = CARTESIAN_POINT ( 'NONE',  ( 0.04804318030553531016, -0.4352242651757104452, 0.5878171478554616858 ) ) ;
#2115 = DIRECTION ( 'NONE',  ( 0.000000000000000000, -1.000000000000000000, 0.000000000000000000 ) ) ;
#2116 = DIRECTION ( 'NONE',  ( 0.000000000000000000, 0.9969173337331279638, -0.07845909572784554031 ) ) ;
#2117 = DIRECTION ( 'NONE',  ( -1.000000000000000000, -0.000000000000000000, -0.000000000000000000 ) ) ;
#2118 = AXIS2_PLACEMENT_3D ( 'NONE', #1678, #2296, #8454 ) ;
#2119 = CIRCLE ( 'NONE', #8438, 0.02362204724409461970 ) ;
#2120 = EDGE_CURVE ( 'NONE', #337, #6640, #8357, .T. ) ;
#2121 = EDGE_LOOP ( 'NONE', ( #2186, #44 ) ) ;
#2122 = CARTESIAN_POINT ( 'NONE',  ( 0.1336474896016088543, -0.3436352629230420841, 0.2672483926922176733 ) ) ;
#2123 = CARTESIAN_POINT ( 'NONE',  ( 0.08465188546738983133, -0.6163266273804347550, 0.7598425196839831974 ) ) ;
#2124 = VECTOR ( 'NONE', #1060, 39.37007874015748143 ) ;
#2125 = VECTOR ( 'NONE', #6493, 39.37007874015748143 ) ;
#2126 = ORIENTED_EDGE ( 'NONE', *, *, #1502, .T. ) ;
#2127 = CARTESIAN_POINT ( 'NONE',  ( -0.04465273450844569475, -0.2228015758019486203, 0.4344964195876543367 ) ) ;
#2128 = PLANE ( 'NONE',  #5418 ) ;
#2129 = DIRECTION ( 'NONE',  ( -1.000000000000000000, -1.110223024625156294E-16, -1.411854421747038957E-17 ) ) ;
#2130 = EDGE_CURVE ( 'NONE', #2884, #5064, #3105, .T. ) ;
#2131 = CARTESIAN_POINT ( 'NONE',  ( 0.04134479885321703380, -0.2386262973325888326, 0.6343006272539554180 ) ) ;
#2132 = ORIENTED_EDGE ( 'NONE', *, *, #1002, .F. ) ;
#2133 = EDGE_LOOP ( 'NONE', ( #4714, #860, #2691, #2373 ) ) ;
#2134 = DIRECTION ( 'NONE',  ( 1.643667929437505859E-16, -0.5948227867513423694, -0.8038568606172163955 ) ) ;
#2135 = ORIENTED_EDGE ( 'NONE', *, *, #6912, .T. ) ;
#2136 = CARTESIAN_POINT ( 'NONE',  ( -0.09841898067434219632, -0.2226258399788601239, 0.007874015746975208951 ) ) ;
#2137 = VECTOR ( 'NONE', #5860, 39.37007874015748143 ) ;
#2138 = ORIENTED_EDGE ( 'NONE', *, *, #5710, .F. ) ;
#2139 = VECTOR ( 'NONE', #4459, 39.37007874015748143 ) ;
#2140 = FACE_OUTER_BOUND ( 'NONE', #4306, .T. ) ;
#2141 = FACE_OUTER_BOUND ( 'NONE', #2133, .T. ) ;
#2142 = CARTESIAN_POINT ( 'NONE',  ( -0.05163086492314829246, -0.3630573337524444222, 0.2633051886191070667 ) ) ;
#2143 = ADVANCED_FACE ( 'NONE', ( #8283 ), #1646, .T. ) ;
#2144 = EDGE_CURVE ( 'NONE', #1251, #1352, #8326, .T. ) ;
#2145 = DIRECTION ( 'NONE',  ( 8.673617379884036705E-17, -1.000000000000000000, 0.000000000000000000 ) ) ;
#2146 = ORIENTED_EDGE ( 'NONE', *, *, #8636, .F. ) ;
#2147 = DIRECTION ( 'NONE',  ( -1.000000000000000000, -1.110223024625156294E-16, -1.411854421747038957E-17 ) ) ;
#2148 = ORIENTED_EDGE ( 'NONE', *, *, #1962, .F. ) ;
#2149 = DIRECTION ( 'NONE',  ( 0.000000000000000000, 1.000000000000000000, 0.000000000000000000 ) ) ;
#2150 = DIRECTION ( 'NONE',  ( 9.117121629785412755E-17, -1.000000000000000000, -1.882801286680184389E-17 ) ) ;
#2151 = DIRECTION ( 'NONE',  ( 0.000000000000000000, 0.000000000000000000, -1.000000000000000000 ) ) ;
#2152 = DIRECTION ( 'NONE',  ( 0.000000000000000000, -1.000000000000000000, -2.409338161078899674E-16 ) ) ;
#2153 = CARTESIAN_POINT ( 'NONE',  ( 0.2381951925540042314, -0.2344368636009073192, 0.6141732283454004460 ) ) ;
#2154 = ADVANCED_FACE ( 'NONE', ( #2302 ), #2259, .F. ) ;
#2155 = EDGE_CURVE ( 'NONE', #4033, #8691, #8011, .T. ) ;
#2156 = DIRECTION ( 'NONE',  ( 1.971276677246377435E-16, 1.000000000000000000, 0.000000000000000000 ) ) ;
#2157 = EDGE_LOOP ( 'NONE', ( #2132, #5061, #2295, #8646 ) ) ;
#2158 = ORIENTED_EDGE ( 'NONE', *, *, #6243, .F. ) ;
#2159 = CARTESIAN_POINT ( 'NONE',  ( -0.04442897410153096027, -0.2318720802020088345, 0.4409920735829792049 ) ) ;
#2160 = CARTESIAN_POINT ( 'NONE',  ( -0.1555055948475705385, -0.4391612730497262418, 0.7283464566918570471 ) ) ;
#2161 = CARTESIAN_POINT ( 'NONE',  ( -0.003930791697964271768, -0.3997911943095686649, 0.1909448818887074795 ) ) ;
#2162 = DIRECTION ( 'NONE',  ( 4.776271970522806566E-16, -6.231570711506254047E-16, -1.000000000000000000 ) ) ;
#2163 = CARTESIAN_POINT ( 'NONE',  ( 0.1791400744437680326, -0.1242006431284664036, 0.4921259842509122517 ) ) ;
#2164 = EDGE_CURVE ( 'NONE', #3178, #6977, #6040, .T. ) ;
#2165 = AXIS2_PLACEMENT_3D ( 'NONE', #4792, #8121, #34 ) ;
#2166 = ORIENTED_EDGE ( 'NONE', *, *, #5997, .T. ) ;
#2167 = CARTESIAN_POINT ( 'NONE',  ( 0.1235319728321143534, -0.2513872556778958822, 0.5576101637574480963 ) ) ;
#2168 = CARTESIAN_POINT ( 'NONE',  ( 0.01772275160912241757, -0.5730195407662621587, 0.2027559055107547026 ) ) ;
#2169 = AXIS2_PLACEMENT_3D ( 'NONE', #5725, #2962, #321 ) ;
#2170 = CARTESIAN_POINT ( 'NONE',  ( -0.1555055948475705663, -0.04546048564815143717, 0.7283464566918570471 ) ) ;
#2171 = ORIENTED_EDGE ( 'NONE', *, *, #3299, .F. ) ;
#2172 = FACE_OUTER_BOUND ( 'NONE', #8385, .T. ) ;
#2173 = DIRECTION ( 'NONE',  ( -1.000000000000000000, -9.117121629785412755E-17, 9.282927046011350088E-49 ) ) ;
#2174 = ADVANCED_FACE ( 'NONE', ( #7801 ), #2264, .F. ) ;
#2175 = CARTESIAN_POINT ( 'NONE',  ( 0.05245227682921673601, -0.4352242651757101677, 0.5859079909986513179 ) ) ;
#2176 = EDGE_CURVE ( 'NONE', #6612, #7681, #8414, .T. ) ;
#2177 = VECTOR ( 'NONE', #7912, 39.37007874015748143 ) ;
#2178 = LINE ( 'NONE', #2791, #7293 ) ;
#2179 = CARTESIAN_POINT ( 'NONE',  ( 0.04134479885321703380, -0.5730195407662621587, 0.2027559055107547026 ) ) ;
#2180 = EDGE_LOOP ( 'NONE', ( #2971, #6139 ) ) ;
#2181 = VERTEX_POINT ( 'NONE', #4421 ) ;
#2182 = CARTESIAN_POINT ( 'NONE',  ( -0.09645047673733433968, -0.4391612730497262418, 0.7283464566918570471 ) ) ;
#2183 = ORIENTED_EDGE ( 'NONE', *, *, #103, .T. ) ;
#2184 = DIRECTION ( 'NONE',  ( -1.000000000000000000, 1.737850800384704371E-16, -3.330669073875469621E-16 ) ) ;
#2185 = AXIS2_PLACEMENT_3D ( 'NONE', #762, #7367, #674 ) ;
#2186 = ORIENTED_EDGE ( 'NONE', *, *, #5402, .F. ) ;
#2187 = CARTESIAN_POINT ( 'NONE',  ( 0.1712660586957365227, -0.3909329265930334141, 0.3582677165343768344 ) ) ;
#2188 = EDGE_CURVE ( 'NONE', #5793, #6434, #7183, .T. ) ;
#2189 = LINE ( 'NONE', #821, #1308 ) ;
#2190 = AXIS2_PLACEMENT_3D ( 'NONE', #3141, #8501, #4595 ) ;
#2191 = LINE ( 'NONE', #165, #3926 ) ;
#2192 = ORIENTED_EDGE ( 'NONE', *, *, #3243, .F. ) ;
#2193 = VERTEX_POINT ( 'NONE', #2517 ) ;
#2194 = DIRECTION ( 'NONE',  ( -1.000000000000000000, 0.000000000000000000, 0.000000000000000000 ) ) ;
#2195 = EDGE_CURVE ( 'NONE', #1066, #5467, #6473, .T. ) ;
#2196 = UNCERTAINTY_MEASURE_WITH_UNIT (LENGTH_MEASURE( 1.000000000000000082E-05 ), #7025, 'distance_accuracy_value', 'NONE');
#2197 = DIRECTION ( 'NONE',  ( -1.000000000000000000, 1.581168601408173582E-15, -4.438303926761861018E-16 ) ) ;
#2198 = CARTESIAN_POINT ( 'NONE',  ( -0.1555055948475705663, -0.04546048564815143717, 0.5090551181091799160 ) ) ;
#2199 = DIRECTION ( 'NONE',  ( 0.000000000000000000, -1.000000000000000000, 0.000000000000000000 ) ) ;
#2200 = DIRECTION ( 'NONE',  ( -0.02941952677910466413, 0.07842513486858315730, 0.9964858201022922524 ) ) ;
#2201 = FACE_OUTER_BOUND ( 'NONE', #6863, .T. ) ;
#2202 = ORIENTED_EDGE ( 'NONE', *, *, #3952, .F. ) ;
#2203 = ORIENTED_EDGE ( 'NONE', *, *, #677, .T. ) ;
#2204 = CARTESIAN_POINT ( 'NONE',  ( 0.03495340991591260049, -0.4391612730497261863, 0.5862193597601034201 ) ) ;
#2205 = DIRECTION ( 'NONE',  ( -1.737850800384704371E-16, -1.000000000000000000, 3.511521488730090573E-17 ) ) ;
#2206 = EDGE_CURVE ( 'NONE', #247, #5648, #3307, .T. ) ;
#2207 = CARTESIAN_POINT ( 'NONE',  ( 0.1830770823177835793, -0.3909329265930331365, 0.7283464566918568250 ) ) ;
#2208 = DIRECTION ( 'NONE',  ( 1.228015396737279800E-16, 1.287490079826536515E-18, -1.000000000000000000 ) ) ;
#2209 = CARTESIAN_POINT ( 'NONE',  ( -0.04896128643283715470, -0.2255785958843719297, 0.6498335966379296114 ) ) ;
#2210 = ORIENTED_EDGE ( 'NONE', *, *, #5730, .T. ) ;
#2211 = DIRECTION ( 'NONE',  ( 0.000000000000000000, -0.9969173337331279638, 0.07845909572784554031 ) ) ;
#2212 = PLANE ( 'NONE',  #5357 ) ;
#2213 = CARTESIAN_POINT ( 'NONE',  ( 0.02767463262399549873, -0.4391612730497263528, 0.5894575678029682075 ) ) ;
#2214 = ORIENTED_EDGE ( 'NONE', *, *, #2591, .F. ) ;
#2215 = CARTESIAN_POINT ( 'NONE',  ( -0.04465273449665708300, -0.2308217279397617172, 0.4342335697801869565 ) ) ;
#2216 = DIRECTION ( 'NONE',  ( 0.2422026670562469619, 0.000000000000000000, 0.9702256789380709900 ) ) ;
#2217 = DIRECTION ( 'NONE',  ( 1.605724553287267561E-15, 0.9969173337331278528, -0.07845909572784617869 ) ) ;
#2218 = DIRECTION ( 'NONE',  ( -1.411854421747038033E-17, -7.425991029036739954E-17, 1.000000000000000000 ) ) ;
#2219 = DIRECTION ( 'NONE',  ( -1.000000000000000000, 0.000000000000000000, 0.000000000000000000 ) ) ;
#2220 = EDGE_CURVE ( 'NONE', #8027, #5845, #6746, .T. ) ;
#2221 = EDGE_CURVE ( 'NONE', #3223, #1164, #280, .T. ) ;
#2222 = ORIENTED_EDGE ( 'NONE', *, *, #4504, .T. ) ;
#2223 = DIRECTION ( 'NONE',  ( 6.230259328662748235E-31, -0.07845909572784834363, -0.9969173337331277418 ) ) ;
#2224 = VERTEX_POINT ( 'NONE', #7839 ) ;
#2225 = CARTESIAN_POINT ( 'NONE',  ( -0.05073356755251559602, -0.3326766260096433725, 0.2652520632770529740 ) ) ;
#2226 = DIRECTION ( 'NONE',  ( -0.000000000000000000, -0.000000000000000000, -1.000000000000000000 ) ) ;
#2227 = DIRECTION ( 'NONE',  ( -1.716572833537972657E-33, 1.882801286680184389E-17, -1.000000000000000000 ) ) ;
#2228 = AXIS2_PLACEMENT_3D ( 'NONE', #6674, #8564, #1221 ) ;
#2229 = CARTESIAN_POINT ( 'NONE',  ( -0.09645047673733457561, -0.2344368636009073747, 0.1181102362194161731 ) ) ;
#2230 = DIRECTION ( 'NONE',  ( -6.281756463275499726E-44, 3.138361249059178206E-29, -1.000000000000000000 ) ) ;
#2231 = LINE ( 'NONE', #4919, #7721 ) ;
#2232 = EDGE_CURVE ( 'NONE', #645, #6753, #536, .T. ) ;
#2233 = VERTEX_POINT ( 'NONE', #2642 ) ;
#2234 = VECTOR ( 'NONE', #2763, 39.37007874015748143 ) ;
#2235 = CYLINDRICAL_SURFACE ( 'NONE', #5399, 0.01181102362204720403 ) ;
#2236 = ORIENTED_EDGE ( 'NONE', *, *, #5591, .T. ) ;
#2237 = CARTESIAN_POINT ( 'NONE',  ( -0.003930791697964271768, -0.4391612730497262418, 0.4606299212587862679 ) ) ;
#2238 = CARTESIAN_POINT ( 'NONE',  ( 0.04023421280700731351, -0.2503262308572816175, 0.5859971036012411316 ) ) ;
#2239 = CARTESIAN_POINT ( 'NONE',  ( 0.1929196020028235703, -0.2177045801363403921, 0.4976528653221187204 ) ) ;
#2240 = CARTESIAN_POINT ( 'NONE',  ( -0.001962287760956068182, -0.5730195407662621587, 0.1909448818887074517 ) ) ;
#2241 = VECTOR ( 'NONE', #6618, 39.37007874015748143 ) ;
#2242 = CARTESIAN_POINT ( 'NONE',  ( 0.04739164288810832765, -0.2504916631275826977, 0.5838950873048411871 ) ) ;
#2243 = CARTESIAN_POINT ( 'NONE',  ( -0.08215265415659436798, -0.2255785958843719297, 0.6530787037271994500 ) ) ;
#2244 = ADVANCED_FACE ( 'NONE', ( #581 ), #1864, .F. ) ;
#2245 = ORIENTED_EDGE ( 'NONE', *, *, #8505, .T. ) ;
#2246 = CARTESIAN_POINT ( 'NONE',  ( -0.08267094917827930156, -0.2334526116324034117, 0.4881889763768958446 ) ) ;
#2247 = VECTOR ( 'NONE', #4215, 39.37007874015748143 ) ;
#2248 = CYLINDRICAL_SURFACE ( 'NONE', #6489, 0.1181102362204724671 ) ;
#2249 = CARTESIAN_POINT ( 'NONE',  ( 0.2231234417024574868, -0.2318720802020093896, 0.4409920735829786498 ) ) ;
#2250 = DIRECTION ( 'NONE',  ( -3.330669073875468635E-16, 6.231570711506254047E-16, 1.000000000000000000 ) ) ;
#2251 = CARTESIAN_POINT ( 'NONE',  ( -0.06495441365908720399, -0.2255785958843719574, 0.6397637795264008442 ) ) ;
#2252 = AXIS2_PLACEMENT_3D ( 'NONE', #8117, #77, #3594 ) ;
#2253 = ADVANCED_FACE ( 'NONE', ( #8504 ), #3965, .F. ) ;
#2254 = VERTEX_POINT ( 'NONE', #4007 ) ;
#2255 = CARTESIAN_POINT ( 'NONE',  ( 0.06496684609731118165, -0.5730195407662619367, 0.7519685039359512713 ) ) ;
#2256 = ORIENTED_EDGE ( 'NONE', *, *, #3395, .F. ) ;
#2257 = CARTESIAN_POINT ( 'NONE',  ( 0.05323943942766173887, -0.4352242651757106118, 0.5872516013851175609 ) ) ;
#2258 = CARTESIAN_POINT ( 'NONE',  ( 0.03740779097920131357, -0.2385399386929415722, 0.6353979178100510605 ) ) ;
#2259 = TOROIDAL_SURFACE ( 'NONE', #2388, 0.004732444995540176051, 0.04330708661417318611 ) ;
#2260 = DIRECTION ( 'NONE',  ( 1.737850800384704371E-16, 1.000000000000000000, -1.448216729911410023E-17 ) ) ;
#2261 = DIRECTION ( 'NONE',  ( -4.453238516490246633E-15, -0.9862856015372504226, -0.1650476058605633567 ) ) ;
#2262 = AXIS2_PLACEMENT_3D ( 'NONE', #6876, #8183, #8229 ) ;
#2263 = EDGE_CURVE ( 'NONE', #4723, #2445, #8584, .T. ) ;
#2264 = CYLINDRICAL_SURFACE ( 'NONE', #5340, 0.02362204724409461970 ) ;
#2265 = VERTEX_POINT ( 'NONE', #5862 ) ;
#2266 = CARTESIAN_POINT ( 'NONE',  ( 0.08071487759337428458, -0.3840431628135057562, 0.4606299212587862679 ) ) ;
#2267 = ORIENTED_EDGE ( 'NONE', *, *, #6578, .T. ) ;
#2268 = DIRECTION ( 'NONE',  ( -2.072991650669219928E-16, 0.07845909572784609542, 0.9969173337331278528 ) ) ;
#2269 = DIRECTION ( 'NONE',  ( 1.411854421747038033E-17, 7.425991029036739954E-17, -1.000000000000000000 ) ) ;
#2270 = AXIS2_PLACEMENT_3D ( 'NONE', #4783, #7065, #7549 ) ;
#2271 = AXIS2_PLACEMENT_3D ( 'NONE', #2345, #5035, #7712 ) ;
#2272 = DIRECTION ( 'NONE',  ( -0.9995671520433700996, -0.002308229467828107166, -0.02932883619631563785 ) ) ;
#2273 = EDGE_CURVE ( 'NONE', #8327, #2444, #1906, .T. ) ;
#2274 = CARTESIAN_POINT ( 'NONE',  ( 0.04134479885321684645, -0.2226258399788601239, 0.03937007873910121358 ) ) ;
#2275 = LINE ( 'NONE', #5532, #5336 ) ;
#2276 = EDGE_LOOP ( 'NONE', ( #57, #5892, #8673, #7413 ) ) ;
#2277 = AXIS2_PLACEMENT_3D ( 'NONE', #7441, #49, #2162 ) ;
#2278 = CIRCLE ( 'NONE', #4097, 0.08661417322834646937 ) ;
#2279 = ORIENTED_EDGE ( 'NONE', *, *, #1225, .F. ) ;
#2280 = DIRECTION ( 'NONE',  ( 0.000000000000000000, 0.000000000000000000, 1.000000000000000000 ) ) ;
#2281 = DIRECTION ( 'NONE',  ( 7.116885096745303141E-15, 0.9969173337331279638, -0.07845909572784587338 ) ) ;
#2282 = DIRECTION ( 'NONE',  ( 1.445602896647339410E-16, -1.000000000000000000, 0.000000000000000000 ) ) ;
#2283 = EDGE_CURVE ( 'NONE', #5044, #3805, #5988, .T. ) ;
#2284 = AXIS2_PLACEMENT_3D ( 'NONE', #2953, #5715, #1632 ) ;
#2285 = CARTESIAN_POINT ( 'NONE',  ( 0.2381951925540042314, -0.1242006431284664036, 0.4921259842509121407 ) ) ;
#2286 = EDGE_LOOP ( 'NONE', ( #2593, #5961, #5063, #2755, #5947, #3826, #566, #724, #2592, #3919, #7832, #6233, #2311, #2556, #1317, #3095 ) ) ;
#2287 = CARTESIAN_POINT ( 'NONE',  ( 0.1594550350736892996, -0.2226258399788601239, 0.1417322834635106887 ) ) ;
#2288 = CARTESIAN_POINT ( 'NONE',  ( 0.1280134374784070439, -0.2342578897775190738, 0.4139664302525268846 ) ) ;
#2289 = CARTESIAN_POINT ( 'NONE',  ( -0.001962287760956580359, -0.3909329265930336916, 0.7283464566918570471 ) ) ;
#2290 = CARTESIAN_POINT ( 'NONE',  ( -0.04452137923686107918, -0.2314052073911383456, 0.4382021516770573388 ) ) ;
#2291 = CARTESIAN_POINT ( 'NONE',  ( -0.04868910437285457055, -0.2255785958843719574, 0.6504370283417936216 ) ) ;
#2292 = ADVANCED_FACE ( 'NONE', ( #5249 ), #8663, .T. ) ;
#2293 = AXIS2_PLACEMENT_3D ( 'NONE', #7642, #1583, #6293 ) ;
#2294 = ORIENTED_EDGE ( 'NONE', *, *, #5653, .T. ) ;
#2295 = ORIENTED_EDGE ( 'NONE', *, *, #4443, .T. ) ;
#2296 = DIRECTION ( 'NONE',  ( -1.000000000000000000, -8.673617379884036705E-17, 0.000000000000000000 ) ) ;
#2297 = VECTOR ( 'NONE', #8470, 39.37007874015748143 ) ;
#2298 = DIRECTION ( 'NONE',  ( 0.000000000000000000, 0.000000000000000000, 1.000000000000000000 ) ) ;
#2299 = CARTESIAN_POINT ( 'NONE',  ( -0.001962287760956068182, -0.5730195407662621587, 0.1909448818887074517 ) ) ;
#2300 = EDGE_CURVE ( 'NONE', #8316, #2615, #7272, .T. ) ;
#2301 = CYLINDRICAL_SURFACE ( 'NONE', #551, 0.02362204724409451562 ) ;
#2302 = FACE_OUTER_BOUND ( 'NONE', #4018, .T. ) ;
#2303 = ORIENTED_EDGE ( 'NONE', *, *, #7571, .T. ) ;
#2304 = CARTESIAN_POINT ( 'NONE',  ( -0.1436945712255233154, -0.2344368636009073192, 0.6141732283454004460 ) ) ;
#2305 = EDGE_LOOP ( 'NONE', ( #8676, #5657, #8597, #8296 ) ) ;
#2306 = CARTESIAN_POINT ( 'NONE',  ( 0.1223377486206058545, -0.2177554636759756190, 0.5951722144303026596 ) ) ;
#2307 = VECTOR ( 'NONE', #7891, 39.37007874015748143 ) ;
#2308 = DIRECTION ( 'NONE',  ( 1.110223024625156294E-16, -1.000000000000000000, -7.425991029036739954E-17 ) ) ;
#2309 = CARTESIAN_POINT ( 'NONE',  ( 0.1476440114516419932, -0.1005785958843719852, 0.2027559055107547303 ) ) ;
#2310 = DIRECTION ( 'NONE',  ( 1.347081331646192962E-16, -0.07845909572784612318, -0.9969173337331278528 ) ) ;
#2311 = ORIENTED_EDGE ( 'NONE', *, *, #4843, .F. ) ;
#2312 = AXIS2_PLACEMENT_3D ( 'NONE', #7397, #2686, #3385 ) ;
#2313 = CARTESIAN_POINT ( 'NONE',  ( 0.03780567417400497454, -0.2412555557304722764, 0.6008927317461411066 ) ) ;
#2314 = ORIENTED_EDGE ( 'NONE', *, *, #4775, .T. ) ;
#2315 = CARTESIAN_POINT ( 'NONE',  ( 0.04134479885321676318, -0.3673108793489378021, 0.3966360190930240393 ) ) ;
#2316 = B_SPLINE_CURVE_WITH_KNOTS ( 'NONE', 3,
 ( #5807, #8313, #2290, #5673 ),
 .UNSPECIFIED., .F., .F.,
 ( 4, 4 ),
 ( 0.000000000000000000, 1.000000000000000000 ),
 .UNSPECIFIED. ) ;
#2317 = CARTESIAN_POINT ( 'NONE',  ( 0.1277508149141496352, -0.2232961464224184345, 0.4200044957834556114 ) ) ;
#2318 = LINE ( 'NONE', #881, #3271 ) ;
#2319 = VECTOR ( 'NONE', #4187, 39.37007874015748143 ) ;
#2320 = DIRECTION ( 'NONE',  ( 3.330669073875469621E-16, -3.511521488730100433E-17, -1.000000000000000000 ) ) ;
#2321 = CARTESIAN_POINT ( 'NONE',  ( 0.03770511709468666456, -0.4352242651757104452, 0.5746937882754090676 ) ) ;
#2322 = ORIENTED_EDGE ( 'NONE', *, *, #609, .F. ) ;
#2323 = ADVANCED_FACE ( 'NONE', ( #4510 ), #1293, .T. ) ;
#2324 = EDGE_CURVE ( 'NONE', #8258, #7830, #1369, .T. ) ;
#2325 = CARTESIAN_POINT ( 'NONE',  ( 0.03508801982377844630, -0.4391612730497263528, 0.5871218820529516824 ) ) ;
#2326 = VECTOR ( 'NONE', #7694, 39.37007874015748143 ) ;
#2327 = DIRECTION ( 'NONE',  ( -0.02990391240740720644, 6.280752354148779363E-16, 0.9995527780076097768 ) ) ;
#2328 = FACE_OUTER_BOUND ( 'NONE', #5233, .T. ) ;
#2329 = CARTESIAN_POINT ( 'NONE',  ( 0.2083498549039016767, -0.2177045801363403643, 0.4945052008848328517 ) ) ;
#2330 = DIRECTION ( 'NONE',  ( 1.228015396737279800E-16, 1.287490079826536515E-18, -1.000000000000000000 ) ) ;
#2331 = ORIENTED_EDGE ( 'NONE', *, *, #2877, .T. ) ;
#2332 = ORIENTED_EDGE ( 'NONE', *, *, #6428, .F. ) ;
#2333 = EDGE_LOOP ( 'NONE', ( #6933, #1918, #3828, #319 ) ) ;
#2334 = VERTEX_POINT ( 'NONE', #2741 ) ;
#2335 = EDGE_CURVE ( 'NONE', #4499, #950, #4096, .T. ) ;
#2336 = DIRECTION ( 'NONE',  ( 0.000000000000000000, 0.000000000000000000, -1.000000000000000000 ) ) ;
#2337 = VERTEX_POINT ( 'NONE', #1463 ) ;
#2338 = DIRECTION ( 'NONE',  ( 0.000000000000000000, 1.000000000000000000, 0.000000000000000000 ) ) ;
#2339 = DIRECTION ( 'NONE',  ( 1.000000000000000000, 0.000000000000000000, 0.000000000000000000 ) ) ;
#2340 = CARTESIAN_POINT ( 'NONE',  ( 0.05291018644192458514, -0.4352242651757101677, 0.5869099608424707126 ) ) ;
#2341 = FACE_OUTER_BOUND ( 'NONE', #6780, .T. ) ;
#2342 = CARTESIAN_POINT ( 'NONE',  ( -0.1555055948475702610, -0.5728226903725609498, 0.6574803149595729312 ) ) ;
#2343 = EDGE_CURVE ( 'NONE', #5937, #7273, #2119, .T. ) ;
#2344 = ORIENTED_EDGE ( 'NONE', *, *, #3416, .F. ) ;
#2345 = CARTESIAN_POINT ( 'NONE',  ( -0.1102300042963895166, -0.2334526116324034117, 0.4976528653221189979 ) ) ;
#2346 = ORIENTED_EDGE ( 'NONE', *, *, #6110, .F. ) ;
#2347 = CARTESIAN_POINT ( 'NONE',  ( 0.1247261970436226303, -0.2789753038089631820, 0.5157371524773762816 ) ) ;
#2348 = FACE_BOUND ( 'NONE', #5650, .T. ) ;
#2349 = CARTESIAN_POINT ( 'NONE',  ( 0.1122109405855003100, -0.2226258399788601239, 0.1968503936997311743 ) ) ;
#2350 = LINE ( 'NONE', #6991, #8127 ) ;
#2351 = LINE ( 'NONE', #5091, #4211 ) ;
#2352 = ORIENTED_EDGE ( 'NONE', *, *, #2600, .F. ) ;
#2353 = EDGE_CURVE ( 'NONE', #4253, #2752, #6075, .T. ) ;
#2354 = EDGE_LOOP ( 'NONE', ( #5890, #3405, #5093, #3643 ) ) ;
#2355 = EDGE_CURVE ( 'NONE', #4738, #2655, #4142, .T. ) ;
#2356 = DIRECTION ( 'NONE',  ( 7.116885096745303141E-15, 0.9969173337331279638, -0.07845909572784587338 ) ) ;
#2357 = ORIENTED_EDGE ( 'NONE', *, *, #3506, .T. ) ;
#2358 = LINE ( 'NONE', #1706, #6049 ) ;
#2359 = LINE ( 'NONE', #3858, #3143 ) ;
#2360 = CARTESIAN_POINT ( 'NONE',  ( 0.04002067963446806487, -0.3751848950969702279, 0.3838502321687576879 ) ) ;
#2361 = CARTESIAN_POINT ( 'NONE',  ( 0.04134479861384275645, -0.3131770210812773736, 0.2165354330698099350 ) ) ;
#2362 = VECTOR ( 'NONE', #1787, 39.37007874015748143 ) ;
#2363 = ORIENTED_EDGE ( 'NONE', *, *, #1715, .T. ) ;
#2364 = ADVANCED_FACE ( 'NONE', ( #190 ), #8100, .T. ) ;
#2365 = CARTESIAN_POINT ( 'NONE',  ( 0.02836668478934982821, -0.4391612730497519990, 0.5878171478554616858 ) ) ;
#2366 = CARTESIAN_POINT ( 'NONE',  ( 0.04238714902819497310, -0.4391612730497279071, 0.5540518372692848637 ) ) ;
#2367 = CARTESIAN_POINT ( 'NONE',  ( 0.04134479885321683257, -0.2226258399788601239, 0.2027559055107547858 ) ) ;
#2368 = CARTESIAN_POINT ( 'NONE',  ( -0.001962287760956614620, -0.3525470998213799945, 0.2027559055107547026 ) ) ;
#2369 = AXIS2_PLACEMENT_3D ( 'NONE', #4520, #7206, #3928 ) ;
#2370 = VERTEX_POINT ( 'NONE', #2032 ) ;
#2371 = EDGE_CURVE ( 'NONE', #5316, #4194, #2880, .T. ) ;
#2372 = VERTEX_POINT ( 'NONE', #712 ) ;
#2373 = ORIENTED_EDGE ( 'NONE', *, *, #844, .T. ) ;
#2374 =( BOUNDED_CURVE ( )  B_SPLINE_CURVE ( 3, ( #1091, #3764, #6461, #5349 ),
 .UNSPECIFIED., .F., .T. ) 
 B_SPLINE_CURVE_WITH_KNOTS ( ( 4, 4 ),
 ( 2.604974815315284791E-17, 0.0001655644401838929597 ),
 .UNSPECIFIED. ) 
 CURVE ( )  GEOMETRIC_REPRESENTATION_ITEM ( )  RATIONAL_B_SPLINE_CURVE ( ( 0.4999999999999997780, 0.5000000000000013323, 0.5011507575120951463, 0.5034522725362811091 ) ) 
 REPRESENTATION_ITEM ( '' )  );
#2375 = CIRCLE ( 'NONE', #6732, 0.01181102362204730985 ) ;
#2376 = ORIENTED_EDGE ( 'NONE', *, *, #7234, .T. ) ;
#2377 = ORIENTED_EDGE ( 'NONE', *, *, #1200, .F. ) ;
#2378 = FACE_OUTER_BOUND ( 'NONE', #8263, .T. ) ;
#2379 = CARTESIAN_POINT ( 'NONE',  ( -0.1476315790995388344, -0.2177045801363404198, 0.7244094488178406399 ) ) ;
#2380 = DIRECTION ( 'NONE',  ( 1.000000000000000000, 0.000000000000000000, 0.000000000000000000 ) ) ;
#2381 = DIRECTION ( 'NONE',  ( -1.000000000000000000, 0.000000000000000000, 0.000000000000000000 ) ) ;
#2382 = CIRCLE ( 'NONE', #2252, 0.03149606299212599769 ) ;
#2383 = EDGE_CURVE ( 'NONE', #7897, #247, #1102, .T. ) ;
#2384 = CARTESIAN_POINT ( 'NONE',  ( 0.1259904681456869013, -0.2226258399788601239, -1.056269026750287463E-12 ) ) ;
#2385 = DIRECTION ( 'NONE',  ( 0.000000000000000000, 1.000000000000000000, 0.000000000000000000 ) ) ;
#2386 = ORIENTED_EDGE ( 'NONE', *, *, #3806, .F. ) ;
#2387 = CARTESIAN_POINT ( 'NONE',  ( 0.1791400744437680048, -0.3210510368292537886, 0.1889763779516996645 ) ) ;
#2388 = AXIS2_PLACEMENT_3D ( 'NONE', #987, #7070, #3016 ) ;
#2389 = ORIENTED_EDGE ( 'NONE', *, *, #3164, .F. ) ;
#2390 = DIRECTION ( 'NONE',  ( -1.000000000000000000, 0.000000000000000000, 0.000000000000000000 ) ) ;
#2391 = CARTESIAN_POINT ( 'NONE',  ( -0.09645047673733432581, -0.3997911943095688314, 0.5393700787391012552 ) ) ;
#2392 = PRODUCT_DEFINITION_CONTEXT ( 'detailed design', #5754, 'design' ) ;
#2393 = LINE ( 'NONE', #4428, #3719 ) ;
#2394 = EDGE_CURVE ( 'NONE', #1342, #816, #4369, .T. ) ;
#2395 = AXIS2_PLACEMENT_3D ( 'NONE', #3958, #5322, #531 ) ;
#2396 = CIRCLE ( 'NONE', #3802, 0.02362204724409451562 ) ;
#2397 = CARTESIAN_POINT ( 'NONE',  ( 0.04134479885321686726, -0.2226258399788601239, -1.056269026750287463E-12 ) ) ;
#2398 = CYLINDRICAL_SURFACE ( 'NONE', #7177, 0.02362204724409448092 ) ;
#2399 = ORIENTED_EDGE ( 'NONE', *, *, #4378, .F. ) ;
#2400 = ORIENTED_EDGE ( 'NONE', *, *, #4819, .T. ) ;
#2401 = AXIS2_PLACEMENT_3D ( 'NONE', #4401, #4977, #3689 ) ;
#2402 = FACE_OUTER_BOUND ( 'NONE', #3191, .T. ) ;
#2403 = VERTEX_POINT ( 'NONE', #7488 ) ;
#2404 = VECTOR ( 'NONE', #3540, 39.37007874015748143 ) ;
#2405 = CARTESIAN_POINT ( 'NONE',  ( 0.1791400744437681158, -0.3997911943095688869, 0.1909448818887074795 ) ) ;
#2406 = CARTESIAN_POINT ( 'NONE',  ( -0.09841898067434193265, -0.2177045801363403921, 0.4409448818887066190 ) ) ;
#2407 = ADVANCED_FACE ( 'NONE', ( #2830 ), #4227, .T. ) ;
#2408 = ADVANCED_FACE ( 'NONE', ( #3344, #6030 ), #6123, .F. ) ;
#2409 = CARTESIAN_POINT ( 'NONE',  ( -0.09645047673733456173, -0.2226258399788598463, -1.056269026750287463E-12 ) ) ;
#2410 = AXIS2_PLACEMENT_3D ( 'NONE', #7857, #8521, #5746 ) ;
#2411 = DIRECTION ( 'NONE',  ( -1.737850800384704371E-16, -1.000000000000000000, 1.448216729911410023E-17 ) ) ;
#2412 = CIRCLE ( 'NONE', #8451, 0.01181102362204730985 ) ;
#2413 = ORIENTED_EDGE ( 'NONE', *, *, #1211, .T. ) ;
#2414 = CARTESIAN_POINT ( 'NONE',  ( 0.1356661511461001723, -0.3909329265930334141, 0.2886944281733334616 ) ) ;
#2415 = DIRECTION ( 'NONE',  ( -1.000000000000000000, 0.000000000000000000, 0.000000000000000000 ) ) ;
#2416 = AXIS2_PLACEMENT_3D ( 'NONE', #1718, #4354, #7050 ) ;
#2417 = CARTESIAN_POINT ( 'NONE',  ( 0.2083498549039019543, -0.2334526116324033562, 0.4945052008848328517 ) ) ;
#2418 = CARTESIAN_POINT ( 'NONE',  ( -0.1555055948475705385, -0.04546048564815143717, 0.1181102362194161731 ) ) ;
#2419 = AXIS2_PLACEMENT_3D ( 'NONE', #5651, #8331, #7365 ) ;
#2420 = EDGE_CURVE ( 'NONE', #2224, #1481, #7095, .T. ) ;
#2421 = VERTEX_POINT ( 'NONE', #6165 ) ;
#2422 = ORIENTED_EDGE ( 'NONE', *, *, #7020, .T. ) ;
#2423 = ORIENTED_EDGE ( 'NONE', *, *, #7877, .F. ) ;
#2424 = VERTEX_POINT ( 'NONE', #2167 ) ;
#2425 = CARTESIAN_POINT ( 'NONE',  ( 0.04134479885321723502, -0.2464760401178897609, 0.6349184154092928356 ) ) ;
#2426 = EDGE_LOOP ( 'NONE', ( #3762, #78, #7125, #1022 ) ) ;
#2427 = DIRECTION ( 'NONE',  ( -1.000000000000000000, -9.117121629785411522E-17, 9.282927046011350088E-49 ) ) ;
#2428 = CARTESIAN_POINT ( 'NONE',  ( 0.01772275160912241757, -0.5730195407662621587, 0.2027559055107547026 ) ) ;
#2429 = CARTESIAN_POINT ( 'NONE',  ( -0.1555055948475705385, -0.4391612730497262418, 0.1181102362194161454 ) ) ;
#2430 = CARTESIAN_POINT ( 'NONE',  ( -0.09645047673733433968, -0.2167203281678364568, 0.7283464566918570471 ) ) ;
#2431 = FACE_OUTER_BOUND ( 'NONE', #7341, .T. ) ;
#2432 = DIRECTION ( 'NONE',  ( -1.411854421747038033E-17, -7.425991029036739954E-17, 1.000000000000000000 ) ) ;
#2433 = VERTEX_POINT ( 'NONE', #3251 ) ;
#2434 = PRESENTATION_LAYER_ASSIGNMENT (  '', '', ( #8333 ) ) ;
#2435 = VERTEX_POINT ( 'NONE', #3825 ) ;
#2436 = EDGE_CURVE ( 'NONE', #2520, #6434, #6031, .T. ) ;
#2437 = DIRECTION ( 'NONE',  ( -0.000000000000000000, -0.000000000000000000, -1.000000000000000000 ) ) ;
#2438 = CARTESIAN_POINT ( 'NONE',  ( 0.005131674283950396313, -0.1396261070898868473, 0.2165354330698099350 ) ) ;
#2439 = LINE ( 'NONE', #3153, #1179 ) ;
#2440 = CIRCLE ( 'NONE', #7363, 0.01574803149606289823 ) ;
#2441 = DIRECTION ( 'NONE',  ( 0.000000000000000000, 0.000000000000000000, 1.000000000000000000 ) ) ;
#2442 = CARTESIAN_POINT ( 'NONE',  ( 0.04355765701157205544, -0.4391612730497262418, 0.5501387521861702545 ) ) ;
#2443 = ORIENTED_EDGE ( 'NONE', *, *, #1394, .F. ) ;
#2444 = VERTEX_POINT ( 'NONE', #4493 ) ;
#2445 = VERTEX_POINT ( 'NONE', #5850 ) ;
#2446 = EDGE_CURVE ( 'NONE', #7679, #1184, #3992, .T. ) ;
#2447 = AXIS2_PLACEMENT_3D ( 'NONE', #4770, #5335, #7366 ) ;
#2448 = DIRECTION ( 'NONE',  ( -1.214935211638694153E-16, -5.314345735919411307E-18, 1.000000000000000000 ) ) ;
#2449 = ORIENTED_EDGE ( 'NONE', *, *, #1438, .F. ) ;
#2450 = DIRECTION ( 'NONE',  ( 1.445602896647339903E-16, 0.000000000000000000, -1.000000000000000000 ) ) ;
#2451 =( LENGTH_UNIT ( ) NAMED_UNIT ( * ) SI_UNIT ( $, .METRE. ) );
#2452 = CARTESIAN_POINT ( 'NONE',  ( 0.08071487759337428458, -0.3840431628135057562, 0.4725006102157096599 ) ) ;
#2453 = CIRCLE ( 'NONE', #6107, 0.04330708661417324162 ) ;
#2454 = CARTESIAN_POINT ( 'NONE',  ( -0.06939481019572095455, -0.2255785958843719574, 0.6401810880725454789 ) ) ;
#2455 = ORIENTED_EDGE ( 'NONE', *, *, #4179, .T. ) ;
#2456 = ADVANCED_FACE ( 'NONE', ( #611 ), #7344, .F. ) ;
#2457 = CARTESIAN_POINT ( 'NONE',  ( 0.1358907330281905745, -0.3909329265930334141, 0.2952755905501241451 ) ) ;
#2458 = CARTESIAN_POINT ( 'NONE',  ( 0.04559791954770023997, -0.3751848950969702279, 0.3910049537471685932 ) ) ;
#2459 = VECTOR ( 'NONE', #419, 39.37007874015748143 ) ;
#2460 = CARTESIAN_POINT ( 'NONE',  ( 0.04134479885321685338, -0.2226258399788601239, 0.007874015746975231503 ) ) ;
#2461 = CARTESIAN_POINT ( 'NONE',  ( -0.04203659933718821573, -0.1340094411158150312, 0.5399961181681868227 ) ) ;
#2462 = ORIENTED_EDGE ( 'NONE', *, *, #1994, .T. ) ;
#2463 = ORIENTED_EDGE ( 'NONE', *, *, #2858, .T. ) ;
#2464 = AXIS2_PLACEMENT_3D ( 'NONE', #5285, #5246, #3836 ) ;
#2465 = VERTEX_POINT ( 'NONE', #8650 ) ;
#2466 = ORIENTED_EDGE ( 'NONE', *, *, #6141, .F. ) ;
#2467 = EDGE_CURVE ( 'NONE', #5329, #8635, #2548, .T. ) ;
#2468 = EDGE_CURVE ( 'NONE', #837, #7646, #5192, .T. ) ;
#2469 = DIRECTION ( 'NONE',  ( 0.000000000000000000, 0.000000000000000000, 1.000000000000000000 ) ) ;
#2470 = EDGE_LOOP ( 'NONE', ( #1177, #4734, #6843, #2681 ) ) ;
#2471 = CARTESIAN_POINT ( 'NONE',  ( -0.1003874846113503028, -1.445962891180036403, 0.3582677165343765568 ) ) ;
#2472 = CARTESIAN_POINT ( 'NONE',  ( -0.1013717365798540299, -0.3879801706875215528, 0.3562992125973689084 ) ) ;
#2473 = DIRECTION ( 'NONE',  ( 0.000000000000000000, 0.000000000000000000, 1.000000000000000000 ) ) ;
#2474 = DIRECTION ( 'NONE',  ( -1.737850800384704371E-16, -1.000000000000000000, 3.511521488730090573E-17 ) ) ;
#2475 = AXIS2_PLACEMENT_3D ( 'NONE', #7137, #7181, #1103 ) ;
#2476 = B_SPLINE_CURVE_WITH_KNOTS ( 'NONE', 3,
 ( #6575, #7935, #1912, #7973, #3972, #7844, #4641, #6660, #6537, #633, #4603, #3927, #6615, #3273, #2438, #5337, #8105, #6081, #2649, #2036 ),
 .UNSPECIFIED., .F., .F.,
 ( 4, 1, 1, 1, 2, 2, 2, 1, 1, 1, 2, 2, 4 ),
 ( 0.000000000000000000, 0.06249999999999943101, 0.09374999999999913958, 0.1093749999999989869, 0.1171874999999989037, 0.1249999999999988343, 0.2499999999999986122, 0.3124999999999985012, 0.3437499999999983902, 0.3593749999999982792, 0.3671874999999982236, 0.3749999999999981126, 0.5000000008672218499 ),
 .UNSPECIFIED. ) ;
#2477 = LINE ( 'NONE', #2728, #3357 ) ;
#2478 = DIRECTION ( 'NONE',  ( -1.632510765025690365E-29, -1.000000000000000000, -1.428509172627923228E-15 ) ) ;
#2479 = EDGE_LOOP ( 'NONE', ( #8654, #802, #6112, #846 ) ) ;
#2480 = CARTESIAN_POINT ( 'NONE',  ( 0.1791400744437680603, -0.3210510368292537886, 0.1909448818887074795 ) ) ;
#2481 = EDGE_CURVE ( 'NONE', #4880, #1361, #1846, .T. ) ;
#2482 = VERTEX_POINT ( 'NONE', #4540 ) ;
#2483 = CARTESIAN_POINT ( 'NONE',  ( 0.1247261970436232548, -0.1340094411158201659, 0.5399961181681710576 ) ) ;
#2484 = CARTESIAN_POINT ( 'NONE',  ( 0.02376959564401367325, -0.2489471927392379325, 0.6035194442680914539 ) ) ;
#2485 = CARTESIAN_POINT ( 'NONE',  ( 0.04134479885321703380, -0.5730195407662621587, 0.2027559055107547026 ) ) ;
#2486 = CARTESIAN_POINT ( 'NONE',  ( 0.03508801982377844630, -0.4391612730497599371, 0.5871218820529517934 ) ) ;
#2487 = ADVANCED_FACE ( 'NONE', ( #5313, #7221 ), #3331, .T. ) ;
#2488 = DIRECTION ( 'NONE',  ( -9.117121629785412755E-17, 1.000000000000000000, 1.882801286680184389E-17 ) ) ;
#2489 = VERTEX_POINT ( 'NONE', #4664 ) ;
#2490 = EDGE_LOOP ( 'NONE', ( #6134, #4315, #7745, #7211, #1145 ) ) ;
#2491 = ORIENTED_EDGE ( 'NONE', *, *, #7018, .F. ) ;
#2492 = EDGE_LOOP ( 'NONE', ( #6827, #7378, #4860, #6043 ) ) ;
#2493 = DIRECTION ( 'NONE',  ( 1.761828530288943226E-16, 1.000000000000000000, 0.000000000000000000 ) ) ;
#2494 = PLANE ( 'NONE',  #5315 ) ;
#2495 = ADVANCED_FACE ( 'NONE', ( #8612 ), #1487, .T. ) ;
#2496 = CARTESIAN_POINT ( 'NONE',  ( 0.01747878152364211457, -0.3100661119935266830, 0.2165354330698098240 ) ) ;
#2497 = VERTEX_POINT ( 'NONE', #3422 ) ;
#2498 = CARTESIAN_POINT ( 'NONE',  ( -0.05511189406016906572, -0.3909329265930334141, 0.3582677165343768344 ) ) ;
#2499 = CARTESIAN_POINT ( 'NONE',  ( 0.1284608703136276564, -0.2412089842648441618, 0.4021010692366931982 ) ) ;
#2500 = CARTESIAN_POINT ( 'NONE',  ( 0.2381951925540042037, -0.04546048564815143717, 0.1181102362194161454 ) ) ;
#2501 = DIRECTION ( 'NONE',  ( 0.000000000000000000, 0.000000000000000000, -1.000000000000000000 ) ) ;
#2502 = AXIS2_PLACEMENT_3D ( 'NONE', #4917, #6860, #871 ) ;
#2503 = EDGE_LOOP ( 'NONE', ( #1968, #7862, #6918, #8475 ) ) ;
#2504 = EDGE_CURVE ( 'NONE', #5316, #4928, #6867, .T. ) ;
#2505 = ORIENTED_EDGE ( 'NONE', *, *, #7098, .F. ) ;
#2506 = ORIENTED_EDGE ( 'NONE', *, *, #6085, .F. ) ;
#2507 = ORIENTED_EDGE ( 'NONE', *, *, #6859, .T. ) ;
#2508 = AXIS2_PLACEMENT_3D ( 'NONE', #2842, #2218, #764 ) ;
#2509 = DIRECTION ( 'NONE',  ( -2.336475967786409359E-12, 1.000000000000000000, 3.592302272557028035E-13 ) ) ;
#2510 = ORIENTED_EDGE ( 'NONE', *, *, #1002, .T. ) ;
#2511 = LINE ( 'NONE', #7229, #150 ) ;
#2512 = DIRECTION ( 'NONE',  ( 1.716572833537972315E-33, -1.882801286680184389E-17, 1.000000000000000000 ) ) ;
#2513 = CARTESIAN_POINT ( 'NONE',  ( 0.04735112814018097721, -0.4352242651757104452, 0.5894575678029682075 ) ) ;
#2514 = CARTESIAN_POINT ( 'NONE',  ( 0.03113489345076715306, -0.4391612730497262418, 0.5857068159438255650 ) ) ;
#2515 = EDGE_CURVE ( 'NONE', #1690, #2562, #4750, .T. ) ;
#2516 = VECTOR ( 'NONE', #6983, 39.37007874015748143 ) ;
#2517 = CARTESIAN_POINT ( 'NONE',  ( 0.06102983822329574592, -0.2386262973325885550, 0.6343006272539550849 ) ) ;
#2518 = ORIENTED_EDGE ( 'NONE', *, *, #2590, .F. ) ;
#2519 = LINE ( 'NONE', #7274, #3119 ) ;
#2520 = VERTEX_POINT ( 'NONE', #7388 ) ;
#2521 = LINE ( 'NONE', #4602, #6908 ) ;
#2522 = CARTESIAN_POINT ( 'NONE',  ( -0.05230383795112281825, -0.3865771807640592805, 0.2654862929710489206 ) ) ;
#2523 = VECTOR ( 'NONE', #1573, 39.37007874015748143 ) ;
#2524 = CARTESIAN_POINT ( 'NONE',  ( 0.02693340256608393879, -0.2497468266012835836, 0.5933591327029643647 ) ) ;
#2525 = EDGE_CURVE ( 'NONE', #6621, #1151, #4031, .T. ) ;
#2526 = DIRECTION ( 'NONE',  ( -0.02941952677910162836, -0.07842513486858340710, -0.9964858201022923634 ) ) ;
#2527 = CARTESIAN_POINT ( 'NONE',  ( -0.1555055948475705385, -0.4391612730497262418, 0.7283464566918570471 ) ) ;
#2528 = AXIS2_PLACEMENT_3D ( 'NONE', #2179, #151, #4191 ) ;
#2529 = ORIENTED_EDGE ( 'NONE', *, *, #2130, .F. ) ;
#2530 = ORIENTED_EDGE ( 'NONE', *, *, #7950, .F. ) ;
#2531 = ORIENTED_EDGE ( 'NONE', *, *, #5573, .F. ) ;
#2532 = DIRECTION ( 'NONE',  ( 1.000000000000000000, 0.000000000000000000, 0.000000000000000000 ) ) ;
#2533 = ORIENTED_EDGE ( 'NONE', *, *, #7357, .F. ) ;
#2534 = CARTESIAN_POINT ( 'NONE',  ( -0.1555055948475702610, -0.5728226903725609498, 0.6574803149595729312 ) ) ;
#2535 = EDGE_CURVE ( 'NONE', #1284, #4647, #3373, .T. ) ;
#2536 = VECTOR ( 'NONE', #7428, 39.37007874015748143 ) ;
#2537 = CARTESIAN_POINT ( 'NONE',  ( -0.04734153731647434971, -0.2255785958843719574, 0.6597081385370029416 ) ) ;
#2538 = B_SPLINE_CURVE_WITH_KNOTS ( 'NONE', 3,
 ( #8541, #1900, #3960, #7192, #1158, #3835, #6527, #496, #3185, #5204, #7880 ),
 .UNSPECIFIED., .F., .F.,
 ( 4, 1, 1, 1, 1, 1, 1, 1, 4 ),
 ( 2.168404344971008868E-19, 1.126528122211708729E-05, 2.212677810732811679E-05, 3.273334123760188896E-05, 4.330456378439353690E-05, 5.435393067812446420E-05, 6.634530810235996596E-05, 7.955081549617633383E-05, 9.455076092517538907E-05 ),
 .UNSPECIFIED. ) ;
#2539 = FACE_OUTER_BOUND ( 'NONE', #4747, .T. ) ;
#2540 = DIRECTION ( 'NONE',  ( -1.737850800384706343E-16, -1.000000000000000000, 6.231570711506253061E-16 ) ) ;
#2541 = ORIENTED_EDGE ( 'NONE', *, *, #5582, .T. ) ;
#2542 = VECTOR ( 'NONE', #7258, 39.37007874015748143 ) ;
#2543 = CIRCLE ( 'NONE', #6055, 0.006046844034891215788 ) ;
#2544 = EDGE_CURVE ( 'NONE', #1279, #294, #7881, .T. ) ;
#2545 = DIRECTION ( 'NONE',  ( -9.117121629785412755E-17, 1.000000000000000000, 1.882801286680184389E-17 ) ) ;
#2546 = EDGE_CURVE ( 'NONE', #7779, #8266, #2770, .T. ) ;
#2547 = LINE ( 'NONE', #396, #920 ) ;
#2548 = LINE ( 'NONE', #3174, #2968 ) ;
#2549 = VECTOR ( 'NONE', #5440, 39.37007874015748143 ) ;
#2550 = VECTOR ( 'NONE', #4933, 39.37007874015748143 ) ;
#2551 = VERTEX_POINT ( 'NONE', #1399 ) ;
#2552 = EDGE_LOOP ( 'NONE', ( #4217, #3089, #5481, #4232 ) ) ;
#2553 = ORIENTED_EDGE ( 'NONE', *, *, #4555, .F. ) ;
#2554 = AXIS2_PLACEMENT_3D ( 'NONE', #6484, #369, #2380 ) ;
#2555 = AXIS2_PLACEMENT_3D ( 'NONE', #7537, #1513, #4185 ) ;
#2556 = ORIENTED_EDGE ( 'NONE', *, *, #2324, .T. ) ;
#2557 = DIRECTION ( 'NONE',  ( -1.737850800384704371E-16, -1.000000000000000000, 3.511521488730100433E-17 ) ) ;
#2558 = EDGE_CURVE ( 'NONE', #1818, #242, #7734, .T. ) ;
#2559 = CARTESIAN_POINT ( 'NONE',  ( 0.04134479885321701992, -0.2426419203422814086, 0.5832772991495041026 ) ) ;
#2560 = DIRECTION ( 'NONE',  ( 0.000000000000000000, 0.000000000000000000, 1.000000000000000000 ) ) ;
#2561 = FACE_OUTER_BOUND ( 'NONE', #189, .T. ) ;
#2562 = VERTEX_POINT ( 'NONE', #2104 ) ;
#2563 = DIRECTION ( 'NONE',  ( 3.330669073875468635E-16, -6.231570711506254047E-16, -1.000000000000000000 ) ) ;
#2564 = ORIENTED_EDGE ( 'NONE', *, *, #5986, .T. ) ;
#2565 = DIRECTION ( 'NONE',  ( 1.000000000000000000, 0.000000000000000000, 0.000000000000000000 ) ) ;
#2566 = ORIENTED_EDGE ( 'NONE', *, *, #7890, .F. ) ;
#2567 = LINE ( 'NONE', #5333, #8151 ) ;
#2568 = EDGE_CURVE ( 'NONE', #4542, #7425, #8125, .T. ) ;
#2569 = VECTOR ( 'NONE', #219, 39.37007874015748143 ) ;
#2570 = CARTESIAN_POINT ( 'NONE',  ( 0.04134479885321683257, -0.2226258399788601239, 0.03937007873910121358 ) ) ;
#2571 = CARTESIAN_POINT ( 'NONE',  ( 0.03517155053414012383, -0.4391612730497599371, 0.5852554684244477556 ) ) ;
#2572 = VECTOR ( 'NONE', #2975, 39.37007874015748143 ) ;
#2573 = CARTESIAN_POINT ( 'NONE',  ( -0.06495441374520820321, -0.2334526116324034117, 0.6830708661406752480 ) ) ;
#2574 = EDGE_LOOP ( 'NONE', ( #2775, #205, #249, #4320 ) ) ;
#2575 = ORIENTED_EDGE ( 'NONE', *, *, #3388, .T. ) ;
#2576 = ORIENTED_EDGE ( 'NONE', *, *, #5165, .F. ) ;
#2577 = ADVANCED_FACE ( 'NONE', ( #1355 ), #4796, .F. ) ;
#2578 = ORIENTED_EDGE ( 'NONE', *, *, #6555, .F. ) ;
#2579 = CARTESIAN_POINT ( 'NONE',  ( 0.1233348689851440222, -0.2519271926252495408, 0.5641081009960574599 ) ) ;
#2580 = AXIS2_PLACEMENT_3D ( 'NONE', #8495, #405, #1154 ) ;
#2581 = PLANE ( 'NONE',  #3340 ) ;
#2582 = CARTESIAN_POINT ( 'NONE',  ( 0.001974720113059246548, -0.3909329265930334141, 0.4673228346446128278 ) ) ;
#2583 = ORIENTED_EDGE ( 'NONE', *, *, #5573, .T. ) ;
#2584 = VECTOR ( 'NONE', #2216, 39.37007874015748143 ) ;
#2585 = LINE ( 'NONE', #1185, #5215 ) ;
#2586 = DIRECTION ( 'NONE',  ( 9.117121629785412755E-17, -1.000000000000000000, -1.882801286680184389E-17 ) ) ;
#2587 = CARTESIAN_POINT ( 'NONE',  ( 0.04353925202519808024, -0.2451051736783240453, 0.6523369250563514354 ) ) ;
#2588 = CIRCLE ( 'NONE', #7377, 0.02362204724409448092 ) ;
#2589 = VERTEX_POINT ( 'NONE', #38 ) ;
#2590 = EDGE_CURVE ( 'NONE', #501, #7014, #6485, .T. ) ;
#2591 = EDGE_CURVE ( 'NONE', #7698, #5329, #831, .T. ) ;
#2592 = ORIENTED_EDGE ( 'NONE', *, *, #2640, .F. ) ;
#2593 = ORIENTED_EDGE ( 'NONE', *, *, #8343, .T. ) ;
#2594 = VECTOR ( 'NONE', #5312, 39.37007874015748143 ) ;
#2595 = DIRECTION ( 'NONE',  ( 1.000000000000000000, 9.117121629785412755E-17, -6.842277657836020854E-49 ) ) ;
#2596 = CARTESIAN_POINT ( 'NONE',  ( 0.04134479885321685338, -0.2226258399788601239, -1.056269026750287463E-12 ) ) ;
#2597 = CARTESIAN_POINT ( 'NONE',  ( 0.07087235790833486260, -0.4352242651757104452, 0.5746937882754090676 ) ) ;
#2598 = LINE ( 'NONE', #8580, #7806 ) ;
#2599 = AXIS2_PLACEMENT_3D ( 'NONE', #8139, #3961, #1981 ) ;
#2600 = EDGE_CURVE ( 'NONE', #3030, #88, #6340, .T. ) ;
#2601 = ORIENTED_EDGE ( 'NONE', *, *, #7781, .F. ) ;
#2602 = CARTESIAN_POINT ( 'NONE',  ( 0.02999258172665013669, -0.4352242651757103897, 0.5873433044367819544 ) ) ;
#2603 = ORIENTED_EDGE ( 'NONE', *, *, #5183, .T. ) ;
#2604 = CARTESIAN_POINT ( 'NONE',  ( -0.08094754105758755758, -0.2255785958843719574, 0.6651270332812496688 ) ) ;
#2605 = ORIENTED_EDGE ( 'NONE', *, *, #8516, .F. ) ;
#2606 = LINE ( 'NONE', #7202, #2678 ) ;
#2607 = VECTOR ( 'NONE', #5674, 39.37007874015748854 ) ;
#2608 = CARTESIAN_POINT ( 'NONE',  ( 0.08071487759337428458, -0.3849835565097157741, 0.4801395275396884710 ) ) ;
#2609 =( BOUNDED_CURVE ( )  B_SPLINE_CURVE ( 3, ( #5284, #1275, #3303, #1934 ),
 .UNSPECIFIED., .F., .T. ) 
 B_SPLINE_CURVE_WITH_KNOTS ( ( 4, 4 ),
 ( 6.952433221959954168E-18, 0.0001324856092255169069 ),
 .UNSPECIFIED. ) 
 CURVE ( )  GEOMETRIC_REPRESENTATION_ITEM ( )  RATIONAL_B_SPLINE_CURVE ( ( 0.5000000000000001110, 0.4999999999999985567, 0.5011507575122532421, 0.5034522725367640561 ) ) 
 REPRESENTATION_ITEM ( '' )  );
#2610 = CARTESIAN_POINT ( 'NONE',  ( -0.06553932762788662603, -0.3244723033450893079, 0.1181102362194161592 ) ) ;
#2611 = B_SPLINE_CURVE_WITH_KNOTS ( 'NONE', 3,
 ( #1618, #4299, #2313, #7035, #6418, #293 ),
 .UNSPECIFIED., .F., .F.,
 ( 4, 2, 4 ),
 ( 0.000000000000000000, 0.4999999999999993339, 1.000000000000000000 ),
 .UNSPECIFIED. ) ;
#2612 = CARTESIAN_POINT ( 'NONE',  ( 0.01181723979809860478, -0.4352242651757104452, 0.5984251968493373708 ) ) ;
#2613 = EDGE_CURVE ( 'NONE', #4928, #2616, #4210, .T. ) ;
#2614 = FACE_OUTER_BOUND ( 'NONE', #7140, .T. ) ;
#2615 = VERTEX_POINT ( 'NONE', #5362 ) ;
#2616 = VERTEX_POINT ( 'NONE', #2015 ) ;
#2617 = ORIENTED_EDGE ( 'NONE', *, *, #8078, .F. ) ;
#2618 = ORIENTED_EDGE ( 'NONE', *, *, #4740, .T. ) ;
#2619 = FACE_OUTER_BOUND ( 'NONE', #1035, .T. ) ;
#2620 = CYLINDRICAL_SURFACE ( 'NONE', #2006, 0.05118110236220482778 ) ;
#2621 = CARTESIAN_POINT ( 'NONE',  ( 0.08465188546738987296, -0.5730195407662619367, 0.3134432885639604205 ) ) ;
#2622 = EDGE_CURVE ( 'NONE', #2767, #7872, #1564, .T. ) ;
#2623 = DIRECTION ( 'NONE',  ( -1.737850800384704371E-16, -1.000000000000000000, 1.448216729911410023E-17 ) ) ;
#2624 = EDGE_LOOP ( 'NONE', ( #2076, #594, #4558, #4646 ) ) ;
#2625 = LINE ( 'NONE', #7911, #2542 ) ;
#2626 = LINE ( 'NONE', #37, #5835 ) ;
#2627 = CARTESIAN_POINT ( 'NONE',  ( -0.04203659933718834757, -0.2064923724623841939, 0.5278666353227733365 ) ) ;
#2628 = B_SPLINE_CURVE_WITH_KNOTS ( 'NONE', 3,
 ( #5325, #7355, #3341, #7442, #2737, #6736, #7399, #3, #8056, #4092 ),
 .UNSPECIFIED., .F., .F.,
 ( 4, 2, 2, 2, 4 ),
 ( 0.000000000000000000, 0.2500000000000000000, 0.5000000000000000000, 0.7500000000000000000, 1.000000000000000000 ),
 .UNSPECIFIED. ) ;
#2629 = LINE ( 'NONE', #7429, #6635 ) ;
#2630 = VERTEX_POINT ( 'NONE', #5009 ) ;
#2631 = ADVANCED_FACE ( 'NONE', ( #8261 ), #3600, .T. ) ;
#2632 = DIRECTION ( 'NONE',  ( 1.000000000000000000, 9.637352644315594010E-17, 0.000000000000000000 ) ) ;
#2633 = VERTEX_POINT ( 'NONE', #6292 ) ;
#2634 = ORIENTED_EDGE ( 'NONE', *, *, #4709, .F. ) ;
#2635 = FACE_OUTER_BOUND ( 'NONE', #7311, .T. ) ;
#2636 = LINE ( 'NONE', #3302, #5548 ) ;
#2637 = CARTESIAN_POINT ( 'NONE',  ( 0.03989234369136207548, -0.4391612730497262418, 0.5489938757644728939 ) ) ;
#2638 = EDGE_CURVE ( 'NONE', #5833, #8327, #2358, .T. ) ;
#2639 = LINE ( 'NONE', #1277, #1208 ) ;
#2640 = EDGE_CURVE ( 'NONE', #6766, #8112, #7726, .T. ) ;
#2641 = ORIENTED_EDGE ( 'NONE', *, *, #7316, .F. ) ;
#2642 = CARTESIAN_POINT ( 'NONE',  ( -0.1003874846113501362, -0.3988069423410648406, 0.3700787401564238910 ) ) ;
#2643 = VECTOR ( 'NONE', #2666, 39.37007874015748143 ) ;
#2644 = ORIENTED_EDGE ( 'NONE', *, *, #2729, .T. ) ;
#2645 = LINE ( 'NONE', #4559, #7885 ) ;
#2646 = ORIENTED_EDGE ( 'NONE', *, *, #2535, .T. ) ;
#2647 = FACE_OUTER_BOUND ( 'NONE', #1781, .T. ) ;
#2648 = CARTESIAN_POINT ( 'NONE',  ( 0.2086676334988864789, -0.2334526116324033562, 0.4960629921249273266 ) ) ;
#2649 = CARTESIAN_POINT ( 'NONE',  ( 0.02984382487943352744, -0.1320773110048036048, 0.2165354330698099350 ) ) ;
#2650 = EDGE_CURVE ( 'NONE', #2993, #6352, #2396, .T. ) ;
#2651 = VECTOR ( 'NONE', #245, 39.37007874015748143 ) ;
#2652 = LINE ( 'NONE', #2612, #7166 ) ;
#2653 = PLANE ( 'NONE',  #2813 ) ;
#2654 = ORIENTED_EDGE ( 'NONE', *, *, #1988, .T. ) ;
#2655 = VERTEX_POINT ( 'NONE', #1007 ) ;
#2656 =( BOUNDED_CURVE ( )  B_SPLINE_CURVE ( 3, ( #2579, #8478, #1834, #5141 ),
 .UNSPECIFIED., .F., .T. ) 
 B_SPLINE_CURVE_WITH_KNOTS ( ( 4, 4 ),
 ( 7.828468924254077888E-05, 0.0002438491294263699333 ),
 .UNSPECIFIED. ) 
 CURVE ( )  GEOMETRIC_REPRESENTATION_ITEM ( )  RATIONAL_B_SPLINE_CURVE ( ( 0.5034522725362696738, 0.5011507575120883740, 0.4999999999999984457, 0.4999999999999998890 ) ) 
 REPRESENTATION_ITEM ( '' )  );
#2657 = VECTOR ( 'NONE', #6276, 39.37007874015748143 ) ;
#2658 = VERTEX_POINT ( 'NONE', #5619 ) ;
#2659 = CARTESIAN_POINT ( 'NONE',  ( 0.1347691113148997144, -0.3755432474011027866, 0.2674224254762992969 ) ) ;
#2660 = DIRECTION ( 'NONE',  ( -3.184051530367221417E-16, 0.07845909572784610930, 0.9969173337331278528 ) ) ;
#2661 = ORIENTED_EDGE ( 'NONE', *, *, #5871, .F. ) ;
#2662 = CARTESIAN_POINT ( 'NONE',  ( -0.001962287760956614620, -0.3525470998213799945, 0.2027559055107547026 ) ) ;
#2663 = EDGE_CURVE ( 'NONE', #8518, #7113, #7317, .T. ) ;
#2664 = LINE ( 'NONE', #6096, #4554 ) ;
#2665 = AXIS2_PLACEMENT_3D ( 'NONE', #3941, #4703, #4026 ) ;
#2666 = DIRECTION ( 'NONE',  ( -1.000000000000000000, 1.737850800384704371E-16, -3.330669073875469621E-16 ) ) ;
#2667 = CARTESIAN_POINT ( 'NONE',  ( 0.04874508092792295688, -0.4352242651757109448, 0.5877777765839103941 ) ) ;
#2668 = VERTEX_POINT ( 'NONE', #8301 ) ;
#2669 = CARTESIAN_POINT ( 'NONE',  ( 0.05019689643917869121, -0.4391612730497261863, 0.5863678140825473450 ) ) ;
#2670 = AXIS2_PLACEMENT_3D ( 'NONE', #4106, #6801, #8152 ) ;
#2671 = CARTESIAN_POINT ( 'NONE',  ( 0.1968566098768388950, -0.2334526116324033562, 0.6141732283453998908 ) ) ;
#2672 = EDGE_CURVE ( 'NONE', #960, #2370, #4259, .T. ) ;
#2673 = CARTESIAN_POINT ( 'NONE',  ( 0.2165416492469179333, -0.5964447376166555070, 0.6574803149595729312 ) ) ;
#2674 = EDGE_CURVE ( 'NONE', #794, #7226, #859, .T. ) ;
#2675 = DIRECTION ( 'NONE',  ( 1.000000000000000000, 0.000000000000000000, 0.000000000000000000 ) ) ;
#2676 = SURFACE_SIDE_STYLE ('',( #8126 ) ) ;
#2677 = ORIENTED_EDGE ( 'NONE', *, *, #677, .F. ) ;
#2678 = VECTOR ( 'NONE', #7971, 39.37007874015748143 ) ;
#2679 = LINE ( 'NONE', #41, #1123 ) ;
#2680 = AXIS2_PLACEMENT_3D ( 'NONE', #6838, #3438, #3391 ) ;
#2681 = ORIENTED_EDGE ( 'NONE', *, *, #8304, .F. ) ;
#2682 = ORIENTED_EDGE ( 'NONE', *, *, #7753, .T. ) ;
#2683 = DIRECTION ( 'NONE',  ( -1.000000000000000000, -1.146678109015832589E-15, -1.411854421747046661E-17 ) ) ;
#2684 = LINE ( 'NONE', #5373, #5777 ) ;
#2685 = VECTOR ( 'NONE', #5105, 39.37007874015748143 ) ;
#2686 = DIRECTION ( 'NONE',  ( -9.117121629785411522E-17, 1.000000000000000000, 1.882801286680184389E-17 ) ) ;
#2687 = ADVANCED_FACE ( 'NONE', ( #7641 ), #5050, .T. ) ;
#2688 = CARTESIAN_POINT ( 'NONE',  ( 0.05011933680159829513, -0.4352242651757104452, 0.5835708524705097711 ) ) ;
#2689 = AXIS2_PLACEMENT_3D ( 'NONE', #4008, #3346, #8144 ) ;
#2690 = DIRECTION ( 'NONE',  ( 3.378141148887527736E-16, 0.8038568606172008524, -0.5948227867513635747 ) ) ;
#2691 = ORIENTED_EDGE ( 'NONE', *, *, #7528, .T. ) ;
#2692 = VECTOR ( 'NONE', #1881, 39.37007874015748143 ) ;
#2693 = DIRECTION ( 'NONE',  ( 0.7239618166986740988, 0.6898400452005923889, 8.979178797044924256E-17 ) ) ;
#2694 = AXIS2_PLACEMENT_3D ( 'NONE', #1975, #7437, #8093 ) ;
#2695 = DIRECTION ( 'NONE',  ( 1.000000000000000000, 9.117121629785412755E-17, -6.842277657836020854E-49 ) ) ;
#2696 = ORIENTED_EDGE ( 'NONE', *, *, #8155, .F. ) ;
#2697 = FACE_OUTER_BOUND ( 'NONE', #627, .T. ) ;
#2698 = CARTESIAN_POINT ( 'NONE',  ( -0.05297655344075478251, -0.3908533990339783659, 0.2887110456482500642 ) ) ;
#2699 = CARTESIAN_POINT ( 'NONE',  ( 0.04134479885321683257, -0.2226258399788601239, 0.1181102362194161731 ) ) ;
#2700 = CIRCLE ( 'NONE', #7615, 0.07086614173228347746 ) ;
#2701 = DIRECTION ( 'NONE',  ( -1.146678109015832589E-15, 1.000000000000000000, 7.425991029036738721E-17 ) ) ;
#2702 = CARTESIAN_POINT ( 'NONE',  ( -0.001962287760956682708, -0.6163266273804355322, 0.7519685039359514933 ) ) ;
#2703 = EDGE_CURVE ( 'NONE', #7284, #5527, #3110, .T. ) ;
#2704 = EDGE_CURVE ( 'NONE', #5720, #257, #6890, .T. ) ;
#2705 = VERTEX_POINT ( 'NONE', #218 ) ;
#2706 = EDGE_LOOP ( 'NONE', ( #32, #6255, #1749, #6542 ) ) ;
#2707 = FACE_OUTER_BOUND ( 'NONE', #2157, .T. ) ;
#2708 = AXIS2_PLACEMENT_3D ( 'NONE', #4128, #6106, #1356 ) ;
#2709 = EDGE_LOOP ( 'NONE', ( #8380, #5103, #5478, #7991 ) ) ;
#2710 = FACE_OUTER_BOUND ( 'NONE', #701, .T. ) ;
#2711 = EDGE_LOOP ( 'NONE', ( #2846, #7618, #3539, #4782 ) ) ;
#2712 = LINE ( 'NONE', #1300, #1010 ) ;
#2713 = CARTESIAN_POINT ( 'NONE',  ( 0.2231234417024574035, -0.2823512645326549109, 0.4325447551727850115 ) ) ;
#2714 = AXIS2_PLACEMENT_3D ( 'NONE', #556, #6762, #3242 ) ;
#2715 = CARTESIAN_POINT ( 'NONE',  ( 0.1968566098768388950, -0.2334526116324033562, 0.5078740157469746608 ) ) ;
#2716 = LINE ( 'NONE', #2053, #7586 ) ;
#2717 = EDGE_CURVE ( 'NONE', #2433, #4499, #6335, .T. ) ;
#2718 = ORIENTED_EDGE ( 'NONE', *, *, #5500, .F. ) ;
#2719 =( GEOMETRIC_REPRESENTATION_CONTEXT ( 3 ) GLOBAL_UNCERTAINTY_ASSIGNED_CONTEXT ( ( #5736 ) ) GLOBAL_UNIT_ASSIGNED_CONTEXT ( ( #268, #3481, #849 ) ) REPRESENTATION_CONTEXT ( 'NONE', 'WORKASPACE' ) );
#2720 = CARTESIAN_POINT ( 'NONE',  ( 0.1555180271996734476, -0.3525470998213799945, 0.1909448818887074517 ) ) ;
#2721 = EDGE_LOOP ( 'NONE', ( #5921, #8651, #4375, #4058, #2836 ) ) ;
#2722 = LINE ( 'NONE', #3371, #3943 ) ;
#2723 = FACE_OUTER_BOUND ( 'NONE', #7945, .T. ) ;
#2724 = CARTESIAN_POINT ( 'NONE',  ( 0.001974720113059212287, -0.3988069423410648406, 0.5696850393690224834 ) ) ;
#2725 = CARTESIAN_POINT ( 'NONE',  ( 0.1988251138138467378, -0.2167203281678364568, 0.6141732283454004460 ) ) ;
#2726 = ORIENTED_EDGE ( 'NONE', *, *, #8267, .F. ) ;
#2727 = CIRCLE ( 'NONE', #6811, 0.09448818897637792369 ) ;
#2728 = CARTESIAN_POINT ( 'NONE',  ( -0.1555055948475705385, -0.4391612730497262418, 0.4606299212587862679 ) ) ;
#2729 = EDGE_CURVE ( 'NONE', #8059, #3881, #3248, .T. ) ;
#2730 = VERTEX_POINT ( 'NONE', #8344 ) ;
#2731 = ORIENTED_EDGE ( 'NONE', *, *, #5711, .F. ) ;
#2732 = CARTESIAN_POINT ( 'NONE',  ( 0.07969041818272774858, -0.3046869978745921359, 0.2165354330698099627 ) ) ;
#2733 = LINE ( 'NONE', #2024, #440 ) ;
#2734 = CIRCLE ( 'NONE', #6816, 0.007874015748031499423 ) ;
#2735 = CARTESIAN_POINT ( 'NONE',  ( 0.1968566098768388950, -0.2334526116324033562, 0.6141732283453998908 ) ) ;
#2736 = DIRECTION ( 'NONE',  ( -1.000000000000000000, -9.117121629785412755E-17, 9.282927046011350088E-49 ) ) ;
#2737 = CARTESIAN_POINT ( 'NONE',  ( 0.1343204626295833870, -0.3639624512903284481, 0.2553125881363528804 ) ) ;
#2738 = EDGE_CURVE ( 'NONE', #776, #2181, #2784, .T. ) ;
#2739 = EDGE_LOOP ( 'NONE', ( #4763, #4338, #4671, #8373 ) ) ;
#2740 = AXIS2_PLACEMENT_3D ( 'NONE', #524, #7220, #1845 ) ;
#2741 = CARTESIAN_POINT ( 'NONE',  ( -0.06495441365908720399, -0.2255785958843719574, 0.6397637795264008442 ) ) ;
#2742 = DIRECTION ( 'NONE',  ( 0.000000000000000000, 0.000000000000000000, 1.000000000000000000 ) ) ;
#2743 = ORIENTED_EDGE ( 'NONE', *, *, #2925, .F. ) ;
#2744 = CARTESIAN_POINT ( 'NONE',  ( 0.04134479885321703380, -0.2383174032549201515, 0.6382254986466054936 ) ) ;
#2745 = CARTESIAN_POINT ( 'NONE',  ( -0.07676543736725569000, -0.3210510368292537886, 0.7283464566918570471 ) ) ;
#2746 = DIRECTION ( 'NONE',  ( 1.000000000000000000, 8.673617379884037937E-17, 0.000000000000000000 ) ) ;
#2747 = CIRCLE ( 'NONE', #2185, 0.01195235584591409009 ) ;
#2748 = LINE ( 'NONE', #8199, #2800 ) ;
#2749 = ADVANCED_FACE ( 'NONE', ( #3033 ), #7545, .T. ) ;
#2750 = CARTESIAN_POINT ( 'NONE',  ( -0.001962287760956614620, -0.3909329265930334141, 0.7598425196839825313 ) ) ;
#2751 = VERTEX_POINT ( 'NONE', #3492 ) ;
#2752 = VERTEX_POINT ( 'NONE', #4193 ) ;
#2753 = CIRCLE ( 'NONE', #3040, 0.1082677165354331006 ) ;
#2754 = DIRECTION ( 'NONE',  ( -9.117121629785412755E-17, 1.000000000000000000, 1.882801286680184389E-17 ) ) ;
#2755 = ORIENTED_EDGE ( 'NONE', *, *, #7357, .T. ) ;
#2756 = PLANE ( 'NONE',  #4791 ) ;
#2757 = CARTESIAN_POINT ( 'NONE',  ( 0.1968566098768388950, -0.2334526116324033562, 0.6141732283453998908 ) ) ;
#2758 = EDGE_LOOP ( 'NONE', ( #3903, #671 ) ) ;
#2759 = LINE ( 'NONE', #5398, #7058 ) ;
#2760 = EDGE_CURVE ( 'NONE', #8575, #8316, #4109, .T. ) ;
#2761 = LINE ( 'NONE', #1347, #8195 ) ;
#2762 = ADVANCED_FACE ( 'NONE', ( #7457 ), #2045, .T. ) ;
#2763 = DIRECTION ( 'NONE',  ( 1.559642300769533830E-16, 1.000000000000000000, -6.226165060520852374E-16 ) ) ;
#2764 = DIRECTION ( 'NONE',  ( 1.737850800384704371E-16, 1.000000000000000000, -1.448216729911410023E-17 ) ) ;
#2765 = VERTEX_POINT ( 'NONE', #108 ) ;
#2766 = DIRECTION ( 'NONE',  ( 1.000000000000000000, 8.673617379884037937E-17, 0.000000000000000000 ) ) ;
#2767 = VERTEX_POINT ( 'NONE', #1566 ) ;
#2768 = LINE ( 'NONE', #36, #161 ) ;
#2769 = DIRECTION ( 'NONE',  ( 1.000000000000000000, 0.000000000000000000, 0.000000000000000000 ) ) ;
#2770 = LINE ( 'NONE', #6822, #3240 ) ;
#2771 = DIRECTION ( 'NONE',  ( 1.000000000000000000, 0.000000000000000000, 0.000000000000000000 ) ) ;
#2772 = EDGE_CURVE ( 'NONE', #2931, #960, #5435, .T. ) ;
#2773 = PLANE ( 'NONE',  #418 ) ;
#2774 = ORIENTED_EDGE ( 'NONE', *, *, #8058, .F. ) ;
#2775 = ORIENTED_EDGE ( 'NONE', *, *, #7543, .T. ) ;
#2776 = CARTESIAN_POINT ( 'NONE',  ( 0.04134479885321683257, -0.2226258399788601239, 0.4327231820675714324 ) ) ;
#2777 = CARTESIAN_POINT ( 'NONE',  ( 0.04134479885321684645, -0.2226258399788601239, 0.03937007873910121358 ) ) ;
#2778 = CARTESIAN_POINT ( 'NONE',  ( 0.04134479885321676318, -0.4184919817111423246, 0.3885826771642975630 ) ) ;
#2779 = DIRECTION ( 'NONE',  ( 1.000000000000000000, 9.637352644315594010E-17, 0.000000000000000000 ) ) ;
#2780 = DIRECTION ( 'NONE',  ( 0.000000000000000000, 1.000000000000000000, 0.000000000000000000 ) ) ;
#2781 = ADVANCED_FACE ( 'NONE', ( #2707 ), #1519, .T. ) ;
#2782 = EDGE_LOOP ( 'NONE', ( #5176, #6204, #1499, #2518 ) ) ;
#2783 = CARTESIAN_POINT ( 'NONE',  ( 0.1343204626295833870, -0.3630573337524446442, 0.2633051886191071778 ) ) ;
#2784 = B_SPLINE_CURVE_WITH_KNOTS ( 'NONE', 3,
 ( #5705, #2317, #1658, #4156 ),
 .UNSPECIFIED., .F., .F.,
 ( 4, 4 ),
 ( 0.000000000000000000, 1.000000000000000000 ),
 .UNSPECIFIED. ) ;
#2785 = DIRECTION ( 'NONE',  ( 3.367393139701209998E-31, -0.07845909572784580399, -0.9969173337331279638 ) ) ;
#2786 = ORIENTED_EDGE ( 'NONE', *, *, #8088, .T. ) ;
#2787 = CARTESIAN_POINT ( 'NONE',  ( 0.08071487759337414580, -0.3988069423410648406, 0.5696850393690224834 ) ) ;
#2788 = CARTESIAN_POINT ( 'NONE',  ( -0.05207951360846464761, -0.3755432474011025090, 0.2674224254762990194 ) ) ;
#2789 = DIRECTION ( 'NONE',  ( -1.000000000000000000, 0.000000000000000000, 0.000000000000000000 ) ) ;
#2790 = EDGE_CURVE ( 'NONE', #941, #5793, #8163, .T. ) ;
#2791 = CARTESIAN_POINT ( 'NONE',  ( 0.1594550350736892996, -0.3997911943095688314, 0.1909448818887074795 ) ) ;
#2792 = DIRECTION ( 'NONE',  ( -3.184051530367221417E-16, 0.07845909572784612318, 0.9969173337331278528 ) ) ;
#2793 = VERTEX_POINT ( 'NONE', #6896 ) ;
#2794 = ORIENTED_EDGE ( 'NONE', *, *, #6323, .T. ) ;
#2795 = CARTESIAN_POINT ( 'NONE',  ( 0.1791400744437680326, -0.2226258399788601239, -1.056269026750287463E-12 ) ) ;
#2796 = EDGE_LOOP ( 'NONE', ( #5795, #7842, #5292, #6416 ) ) ;
#2797 = CARTESIAN_POINT ( 'NONE',  ( 0.1336474896016088543, -0.3436751619647537281, 0.2673191613668091104 ) ) ;
#2798 = DIRECTION ( 'NONE',  ( 3.165553788278845126E-17, 0.000000000000000000, 1.000000000000000000 ) ) ;
#2799 = ORIENTED_EDGE ( 'NONE', *, *, #4452, .F. ) ;
#2800 = VECTOR ( 'NONE', #8107, 39.37007874015748143 ) ;
#2801 = CARTESIAN_POINT ( 'NONE',  ( 0.001974720113059246548, -0.3909329265930334141, 0.4594488188965814013 ) ) ;
#2802 = EDGE_CURVE ( 'NONE', #1166, #8436, #1848, .T. ) ;
#2803 = DIRECTION ( 'NONE',  ( 1.737850800384704371E-16, 1.000000000000000000, -3.511521488730090573E-17 ) ) ;
#2804 = CYLINDRICAL_SURFACE ( 'NONE', #1376, 0.05905511811023627516 ) ;
#2805 = DIRECTION ( 'NONE',  ( 1.000000000000000000, 0.000000000000000000, 0.000000000000000000 ) ) ;
#2806 = AXIS2_PLACEMENT_3D ( 'NONE', #1057, #7043, #8389 ) ;
#2807 = ORIENTED_EDGE ( 'NONE', *, *, #7433, .T. ) ;
#2808 = EDGE_CURVE ( 'NONE', #4216, #7375, #6804, .T. ) ;
#2809 = EDGE_LOOP ( 'NONE', ( #3977, #5960, #571, #1405 ) ) ;
#2810 = CARTESIAN_POINT ( 'NONE',  ( 0.04874508092792295688, -0.4352242651757104452, 0.5877777765839103941 ) ) ;
#2811 = CARTESIAN_POINT ( 'NONE',  ( -0.07282842949323992121, -0.3446730840733485124, 0.1909448818887074517 ) ) ;
#2812 = DIRECTION ( 'NONE',  ( 1.219727444046199982E-15, 0.000000000000000000, -1.000000000000000000 ) ) ;
#2813 = AXIS2_PLACEMENT_3D ( 'NONE', #3276, #7247, #4691 ) ;
#2814 = LINE ( 'NONE', #2865, #7626 ) ;
#2815 =( NAMED_UNIT ( * ) PLANE_ANGLE_UNIT ( ) SI_UNIT ( $, .RADIAN. ) );
#2816 = DIRECTION ( 'NONE',  ( 3.330669073875468635E-16, -6.231570711506254047E-16, -1.000000000000000000 ) ) ;
#2817 = ORIENTED_EDGE ( 'NONE', *, *, #909, .T. ) ;
#2818 = ORIENTED_EDGE ( 'NONE', *, *, #8560, .F. ) ;
#2819 = VECTOR ( 'NONE', #6490, 39.37007874015748143 ) ;
#2820 = ADVANCED_FACE ( 'NONE', ( #861 ), #6852, .F. ) ;
#2821 = EDGE_CURVE ( 'NONE', #660, #3586, #54, .T. ) ;
#2822 = CARTESIAN_POINT ( 'NONE',  ( 0.1142029146626494240, -0.2778222976133539190, 0.2165354330698099350 ) ) ;
#2823 = CARTESIAN_POINT ( 'NONE',  ( -0.1555055948475702610, -0.2413266273804349216, 0.6141732283453998908 ) ) ;
#2824 = CARTESIAN_POINT ( 'NONE',  ( -0.05320113532175551468, -0.3909329265930334141, 0.2952755905501241451 ) ) ;
#2825 = CARTESIAN_POINT ( 'NONE',  ( 0.1653605468847131055, -0.2334526116324033562, 0.4409448818887066190 ) ) ;
#2826 = DIRECTION ( 'NONE',  ( 1.411854421747038033E-17, 7.425991029036739954E-17, -1.000000000000000000 ) ) ;
#2827 = VECTOR ( 'NONE', #1811, 39.37007874015748143 ) ;
#2828 = VECTOR ( 'NONE', #5426, 39.37007874015748143 ) ;
#2829 = ORIENTED_EDGE ( 'NONE', *, *, #4430, .F. ) ;
#2830 = FACE_OUTER_BOUND ( 'NONE', #5281, .T. ) ;
#2831 = EDGE_CURVE ( 'NONE', #7512, #5064, #4059, .T. ) ;
#2832 = CARTESIAN_POINT ( 'NONE',  ( -0.1555055948475705663, -0.04546048564815143717, 0.1909448818887075350 ) ) ;
#2833 = VECTOR ( 'NONE', #4167, 39.37007874015748143 ) ;
#2834 = AXIS2_PLACEMENT_3D ( 'NONE', #6609, #8628, #4600 ) ;
#2835 = CYLINDRICAL_SURFACE ( 'NONE', #903, 0.1023622047244094613 ) ;
#2836 = ORIENTED_EDGE ( 'NONE', *, *, #4843, .T. ) ;
#2837 = CARTESIAN_POINT ( 'NONE',  ( 0.1331988409162924991, -0.3277889557025912559, 0.2718573705992837208 ) ) ;
#2838 = CARTESIAN_POINT ( 'NONE',  ( -0.05073382509085806041, -0.3380872069484957554, 0.2713113649375534231 ) ) ;
#2839 = CARTESIAN_POINT ( 'NONE',  ( 0.03777346792583276963, -0.4352242651757104452, 0.5878171478554615748 ) ) ;
#2840 = AXIS2_PLACEMENT_3D ( 'NONE', #4439, #1218, #555 ) ;
#2841 = AXIS2_PLACEMENT_3D ( 'NONE', #6742, #2881, #6884 ) ;
#2842 = CARTESIAN_POINT ( 'NONE',  ( 0.1476440114516419932, -0.1005785958843719852, 0.1909448818887074795 ) ) ;
#2843 = CARTESIAN_POINT ( 'NONE',  ( 0.04134479885321679787, -0.3673108793489378021, 0.3885826771642976740 ) ) ;
#2844 = ORIENTED_EDGE ( 'NONE', *, *, #7000, .T. ) ;
#2845 = ADVANCED_FACE ( 'NONE', ( #6231 ), #2974, .T. ) ;
#2846 = ORIENTED_EDGE ( 'NONE', *, *, #1325, .F. ) ;
#2847 = CARTESIAN_POINT ( 'NONE',  ( 0.05323943942766173887, -0.4391612730497047590, 0.5872516013851175609 ) ) ;
#2848 = VERTEX_POINT ( 'NONE', #7585 ) ;
#2849 = CARTESIAN_POINT ( 'NONE',  ( 0.05035111456848101463, -0.4391612730497386763, 0.5852684807204737716 ) ) ;
#2850 = VECTOR ( 'NONE', #1366, 39.37007874015748143 ) ;
#2851 = ORIENTED_EDGE ( 'NONE', *, *, #7890, .T. ) ;
#2852 = AXIS2_PLACEMENT_3D ( 'NONE', #2136, #3542, #6806 ) ;
#2853 = PLANE ( 'NONE',  #8311 ) ;
#2854 = CARTESIAN_POINT ( 'NONE',  ( 0.04792356635102962281, -0.4391612730497263528, 0.5746937882754090676 ) ) ;
#2855 = LINE ( 'NONE', #6862, #2523 ) ;
#2856 = VERTEX_POINT ( 'NONE', #911 ) ;
#2857 = EDGE_CURVE ( 'NONE', #6478, #4107, #6279, .T. ) ;
#2858 = EDGE_CURVE ( 'NONE', #6803, #6029, #7323, .T. ) ;
#2859 = FACE_OUTER_BOUND ( 'NONE', #3451, .T. ) ;
#2860 = ORIENTED_EDGE ( 'NONE', *, *, #811, .T. ) ;
#2861 = LINE ( 'NONE', #829, #7740 ) ;
#2862 = COLOUR_RGB ( '',0.7921568627450980005, 0.8196078431372548767, 0.9333333333333333481 ) ;
#2863 = LINE ( 'NONE', #830, #4716 ) ;
#2864 = CARTESIAN_POINT ( 'NONE',  ( -0.04203659933718875696, -0.2694869909626870785, 0.5226472879800320159 ) ) ;
#2865 = CARTESIAN_POINT ( 'NONE',  ( 0.1555180271996734476, -0.09270458013634053085, 0.2027559055107547303 ) ) ;
#2866 = LENGTH_MEASURE_WITH_UNIT ( LENGTH_MEASURE( 0.02539999999999999897 ), #3512 );
#2867 = DIRECTION ( 'NONE',  ( -9.117121629785412755E-17, 1.000000000000000000, 1.882801286680184389E-17 ) ) ;
#2868 = VERTEX_POINT ( 'NONE', #279 ) ;
#2869 = COLOUR_RGB ( '',0.7921568627450980005, 0.8196078431372548767, 0.9333333333333333481 ) ;
#2870 = ORIENTED_EDGE ( 'NONE', *, *, #5542, .F. ) ;
#2871 = CARTESIAN_POINT ( 'NONE',  ( 0.02863540189973988806, -0.4391612730497770900, 0.5878117136015718058 ) ) ;
#2872 = CARTESIAN_POINT ( 'NONE',  ( 0.1712660586957363562, -1.445962891180036403, 0.3582677165343765568 ) ) ;
#2873 = LINE ( 'NONE', #893, #3294 ) ;
#2874 = CARTESIAN_POINT ( 'NONE',  ( -0.05511189406016910042, -0.3909329265930334141, 0.3582677165343768344 ) ) ;
#2875 = CARTESIAN_POINT ( 'NONE',  ( 0.04739164288810829295, -0.2332477071686389070, 0.6022838679574169518 ) ) ;
#2876 = AXIS2_PLACEMENT_3D ( 'NONE', #1026, #2469, #3094 ) ;
#2877 = EDGE_CURVE ( 'NONE', #2193, #794, #3710, .T. ) ;
#2878 = EDGE_CURVE ( 'NONE', #3162, #2920, #1737, .T. ) ;
#2879 = ORIENTED_EDGE ( 'NONE', *, *, #1232, .T. ) ;
#2880 = LINE ( 'NONE', #8191, #6761 ) ;
#2881 = DIRECTION ( 'NONE',  ( 9.117121629785411522E-17, -1.000000000000000000, -1.882801286680184389E-17 ) ) ;
#2882 = AXIS2_PLACEMENT_3D ( 'NONE', #5599, #983, #2339 ) ;
#2883 = DIRECTION ( 'NONE',  ( 1.228015396737279800E-16, 1.287490079826536515E-18, -1.000000000000000000 ) ) ;
#2884 = VERTEX_POINT ( 'NONE', #7154 ) ;
#2885 = CARTESIAN_POINT ( 'NONE',  ( -0.04465273449677496093, -0.2307415343583422707, 0.4342361980180401426 ) ) ;
#2886 = DIRECTION ( 'NONE',  ( -1.668003342285397221E-16, 0.000000000000000000, -1.000000000000000000 ) ) ;
#2887 = CARTESIAN_POINT ( 'NONE',  ( 0.05486971956625271568, -0.4352242651757104452, 0.5878171478554616858 ) ) ;
#2888 = EDGE_CURVE ( 'NONE', #7544, #5523, #2543, .T. ) ;
#2889 = VECTOR ( 'NONE', #5943, 39.37007874015748143 ) ;
#2890 = CARTESIAN_POINT ( 'NONE',  ( 0.04792356635102962281, -0.4391612730497262418, 0.5746937882754090676 ) ) ;
#2891 = FACE_OUTER_BOUND ( 'NONE', #2305, .T. ) ;
#2892 = ORIENTED_EDGE ( 'NONE', *, *, #6859, .F. ) ;
#2893 = DIRECTION ( 'NONE',  ( 5.402954663377197858E-15, -0.9969173337331277418, 0.07845909572784834363 ) ) ;
#2894 = VERTEX_POINT ( 'NONE', #2304 ) ;
#2895 = CARTESIAN_POINT ( 'NONE',  ( -0.05230383795112281131, -0.3865230084743125349, 0.2655457526468552598 ) ) ;
#2896 = VECTOR ( 'NONE', #6315, 39.37007874015748143 ) ;
#2897 = ORIENTED_EDGE ( 'NONE', *, *, #6679, .T. ) ;
#2898 = CARTESIAN_POINT ( 'NONE',  ( 0.2381951925540043147, -0.2167203281678364291, 0.5090551181091799160 ) ) ;
#2899 = CARTESIAN_POINT ( 'NONE',  ( 0.03523594331953355807, -0.4371927691127183713, 0.5850403953401510648 ) ) ;
#2900 = EDGE_CURVE ( 'NONE', #702, #1747, #5649, .T. ) ;
#2901 = CARTESIAN_POINT ( 'NONE',  ( -0.1259780357924523975, -0.2334526116324034117, 0.5078740157469746608 ) ) ;
#2902 = VECTOR ( 'NONE', #1602, 39.37007874015748143 ) ;
#2903 = LINE ( 'NONE', #5486, #274 ) ;
#2904 = ORIENTED_EDGE ( 'NONE', *, *, #4968, .F. ) ;
#2905 = CARTESIAN_POINT ( 'NONE',  ( -0.1062929964223736784, -0.2226258399788601239, 0.007874015746975214156 ) ) ;
#2906 = VERTEX_POINT ( 'NONE', #7625 ) ;
#2907 = CARTESIAN_POINT ( 'NONE',  ( 0.04134479885321685338, -0.2226258399788601239, 0.007874015746975231503 ) ) ;
#2908 = DIRECTION ( 'NONE',  ( 0.000000000000000000, -1.000000000000000000, 0.000000000000000000 ) ) ;
#2909 = DIRECTION ( 'NONE',  ( -9.117121629785411522E-17, 1.000000000000000000, 1.882801286680184389E-17 ) ) ;
#2910 = CARTESIAN_POINT ( 'NONE',  ( 0.08071487759337421519, -0.3909329265930334141, 0.4594488188965814013 ) ) ;
#2911 = EDGE_CURVE ( 'NONE', #2752, #8246, #6446, .T. ) ;
#2912 = PRESENTATION_STYLE_ASSIGNMENT (( #3467 ) ) ;
#2913 = CARTESIAN_POINT ( 'NONE',  ( 0.04281434172285814022, -0.4391612730497317929, 0.5539493110225657269 ) ) ;
#2914 = ORIENTED_EDGE ( 'NONE', *, *, #2130, .T. ) ;
#2915 = CARTESIAN_POINT ( 'NONE',  ( 0.03574310331223381348, -0.4352242651757105563, 0.5876800594459612448 ) ) ;
#2916 = CARTESIAN_POINT ( 'NONE',  ( 0.1273033820786261816, -0.2311701621704498610, 0.4353734712176853261 ) ) ;
#2917 = CARTESIAN_POINT ( 'NONE',  ( 0.1197264916060260670, -0.1479384335102920112, 0.03937007873910122052 ) ) ;
#2918 = DIRECTION ( 'NONE',  ( 1.000000000000000000, -1.737850800384704371E-16, 3.330669073875469621E-16 ) ) ;
#2919 =( LENGTH_UNIT ( ) NAMED_UNIT ( * ) SI_UNIT ( $, .METRE. ) );
#2920 = VERTEX_POINT ( 'NONE', #1782 ) ;
#2921 = ORIENTED_EDGE ( 'NONE', *, *, #5145, .F. ) ;
#2922 = DIRECTION ( 'NONE',  ( 0.000000000000000000, 0.000000000000000000, -1.000000000000000000 ) ) ;
#2923 = ORIENTED_EDGE ( 'NONE', *, *, #289, .T. ) ;
#2924 = FACE_OUTER_BOUND ( 'NONE', #7762, .T. ) ;
#2925 = EDGE_CURVE ( 'NONE', #1720, #4901, #4468, .T. ) ;
#2926 = LINE ( 'NONE', #6888, #2584 ) ;
#2927 = MANIFOLD_SOLID_BREP ( 'solid-2', #5989 ) ;
#2928 = DIRECTION ( 'NONE',  ( -0.000000000000000000, -0.000000000000000000, -1.000000000000000000 ) ) ;
#2929 = CYLINDRICAL_SURFACE ( 'NONE', #7997, 0.01181102362204730985 ) ;
#2930 = CARTESIAN_POINT ( 'NONE',  ( -0.1476315790995388344, -0.2413266273804349216, 0.6141732283453998908 ) ) ;
#2931 = VERTEX_POINT ( 'NONE', #8416 ) ;
#2932 = EDGE_LOOP ( 'NONE', ( #4537, #7265, #2463, #3046, #8520, #1723, #5552, #8615 ) ) ;
#2933 = CARTESIAN_POINT ( 'NONE',  ( 0.05029781349680919472, -0.4391612730497385653, 0.5859988618027944796 ) ) ;
#2934 = EDGE_CURVE ( 'NONE', #107, #3994, #327, .T. ) ;
#2935 = VECTOR ( 'NONE', #1708, 39.37007874015748854 ) ;
#2936 = DIRECTION ( 'NONE',  ( 0.000000000000000000, 1.000000000000000000, 0.000000000000000000 ) ) ;
#2937 = CARTESIAN_POINT ( 'NONE',  ( 0.08071487759337415968, -0.3909329265930334141, 0.5696850393690224834 ) ) ;
#2938 = ORIENTED_EDGE ( 'NONE', *, *, #2790, .F. ) ;
#2939 = ORIENTED_EDGE ( 'NONE', *, *, #607, .T. ) ;
#2940 = ADVANCED_FACE ( 'NONE', ( #3061 ), #6320, .T. ) ;
#2941 = ORIENTED_EDGE ( 'NONE', *, *, #6392, .F. ) ;
#2942 = CARTESIAN_POINT ( 'NONE',  ( 0.02767463262399548832, -0.4352242651757104452, 0.5894575678029682075 ) ) ;
#2943 = CARTESIAN_POINT ( 'NONE',  ( -0.06495441374520848077, -0.3446730840733485124, 0.2027559055107547026 ) ) ;
#2944 = CARTESIAN_POINT ( 'NONE',  ( -0.003930791697964271768, -0.4391612730497262418, 0.7283464566918570471 ) ) ;
#2945 = CIRCLE ( 'NONE', #5749, 0.04330708661417310285 ) ;
#2946 = CARTESIAN_POINT ( 'NONE',  ( 0.04134479885321676318, -0.5730195407662621587, 0.3134432885639604205 ) ) ;
#2947 = EDGE_LOOP ( 'NONE', ( #1357, #4469, #1748, #2641 ) ) ;
#2948 = EDGE_CURVE ( 'NONE', #2254, #1773, #4374, .T. ) ;
#2949 = CARTESIAN_POINT ( 'NONE',  ( -0.1476315790995390842, -0.2098305643883089100, 0.7283464566918566030 ) ) ;
#2950 = AXIS2_PLACEMENT_3D ( 'NONE', #6954, #1615, #4204 ) ;
#2951 = CARTESIAN_POINT ( 'NONE',  ( -0.1712536263436331696, -0.2413266273804349216, 0.7007874015737463047 ) ) ;
#2952 = DIRECTION ( 'NONE',  ( -1.000000000000000000, 1.737850800384704371E-16, -3.330669073875469621E-16 ) ) ;
#2953 = CARTESIAN_POINT ( 'NONE',  ( 0.04134479885321703380, -0.2425511687252386583, 0.6346095213316240713 ) ) ;
#2954 = CARTESIAN_POINT ( 'NONE',  ( -0.05956431918594826819, -0.2255785958843719297, 0.6405613291515923624 ) ) ;
#2955 = CIRCLE ( 'NONE', #7450, 0.008053341928726384311 ) ;
#2956 = ORIENTED_EDGE ( 'NONE', *, *, #434, .T. ) ;
#2957 = ORIENTED_EDGE ( 'NONE', *, *, #667, .F. ) ;
#2958 = ADVANCED_FACE ( 'NONE', ( #1036 ), #5732, .T. ) ;
#2959 = PLANE ( 'NONE',  #4117 ) ;
#2960 = ORIENTED_EDGE ( 'NONE', *, *, #5430, .F. ) ;
#2961 = DIRECTION ( 'NONE',  ( 1.513109652674365389E-15, 0.9862856015372327700, 0.1650476058606699659 ) ) ;
#2962 = DIRECTION ( 'NONE',  ( 1.000000000000000000, -4.510573100380431801E-15, 3.330669073875498711E-16 ) ) ;
#2963 = VECTOR ( 'NONE', #6894, 39.37007874015748143 ) ;
#2964 = DIRECTION ( 'NONE',  ( -1.000000000000000000, 1.737850800384704371E-16, -3.330669073875469621E-16 ) ) ;
#2965 = DIRECTION ( 'NONE',  ( 1.000000000000000000, 0.000000000000000000, 0.000000000000000000 ) ) ;
#2966 = VECTOR ( 'NONE', #482, 39.37007874015748143 ) ;
#2967 = CARTESIAN_POINT ( 'NONE',  ( 0.04528180672723266381, -0.2411838085935856246, 0.6018043655566583938 ) ) ;
#2968 = VECTOR ( 'NONE', #2501, 39.37007874015748143 ) ;
#2969 = EDGE_LOOP ( 'NONE', ( #8493, #7400, #7217, #5005 ) ) ;
#2970 = CARTESIAN_POINT ( 'NONE',  ( 0.04134479885321703380, -0.2307765545472892921, 0.6336828390986180004 ) ) ;
#2971 = ORIENTED_EDGE ( 'NONE', *, *, #522, .T. ) ;
#2972 = DIRECTION ( 'NONE',  ( -1.000000000000000000, 0.000000000000000000, 0.000000000000000000 ) ) ;
#2973 = AXIS2_PLACEMENT_3D ( 'NONE', #6248, #7904, #2450 ) ;
#2974 = TOROIDAL_SURFACE ( 'NONE', #6203, 0.01757520320920347157, 0.007874015748031462994 ) ;
#2975 = DIRECTION ( 'NONE',  ( 1.616576338455277621E-15, 0.9969173337331278528, -0.07845909572784617869 ) ) ;
#2976 = EDGE_CURVE ( 'NONE', #6432, #8287, #3147, .T. ) ;
#2977 = CARTESIAN_POINT ( 'NONE',  ( 0.05556177173160704863, -0.4391612730497262418, 0.5878171478554616858 ) ) ;
#2978 = EDGE_CURVE ( 'NONE', #6003, #8287, #7200, .T. ) ;
#2979 = CARTESIAN_POINT ( 'NONE',  ( -0.001962287760956614620, -0.3525470998213799945, 0.1909448818887074517 ) ) ;
#2980 = ORIENTED_EDGE ( 'NONE', *, *, #1092, .T. ) ;
#2981 = CIRCLE ( 'NONE', #8037, 0.04330708661417310285 ) ;
#2982 = VECTOR ( 'NONE', #8527, 39.37007874015748143 ) ;
#2983 = ORIENTED_EDGE ( 'NONE', *, *, #3274, .F. ) ;
#2984 = CARTESIAN_POINT ( 'NONE',  ( 0.05011933680159831594, -0.4352242651757104452, 0.5835708524705097711 ) ) ;
#2985 = ORIENTED_EDGE ( 'NONE', *, *, #1025, .F. ) ;
#2986 = DIRECTION ( 'NONE',  ( -0.000000000000000000, -0.000000000000000000, -1.000000000000000000 ) ) ;
#2987 = DIRECTION ( 'NONE',  ( -0.000000000000000000, -1.000000000000000000, -0.000000000000000000 ) ) ;
#2988 = PLANE ( 'NONE',  #6232 ) ;
#2989 = STYLED_ITEM ( 'NONE', ( #3423 ), #5747 ) ;
#2990 = DIRECTION ( 'NONE',  ( -0.2422026670562468786, 0.000000000000000000, -0.9702256789380709900 ) ) ;
#2991 = EDGE_CURVE ( 'NONE', #4478, #4713, #2645, .T. ) ;
#2992 = CARTESIAN_POINT ( 'NONE',  ( -0.04071635904251548477, -0.2609714593083707346, 0.2165354330698099350 ) ) ;
#2993 = VERTEX_POINT ( 'NONE', #1867 ) ;
#2994 = DIRECTION ( 'NONE',  ( -1.000000000000000000, 0.000000000000000000, 0.000000000000000000 ) ) ;
#2995 = VECTOR ( 'NONE', #7560, 39.37007874015748143 ) ;
#2996 = CARTESIAN_POINT ( 'NONE',  ( 0.1284608703136277119, -0.2348161068693847553, 0.3973705888066228487 ) ) ;
#2997 = CARTESIAN_POINT ( 'NONE',  ( 0.1791400744437680603, -0.3210510368292537886, 0.7283464566918570471 ) ) ;
#2998 = FACE_OUTER_BOUND ( 'NONE', #6789, .T. ) ;
#2999 = CARTESIAN_POINT ( 'NONE',  ( 0.001974720113059306396, -0.3849835565097157741, 0.4801395275396884710 ) ) ;
#3000 = ORIENTED_EDGE ( 'NONE', *, *, #1211, .F. ) ;
#3001 = ADVANCED_FACE ( 'NONE', ( #3884 ), #1987, .T. ) ;
#3002 = ORIENTED_EDGE ( 'NONE', *, *, #2324, .F. ) ;
#3003 = ORIENTED_EDGE ( 'NONE', *, *, #8399, .T. ) ;
#3004 = VERTEX_POINT ( 'NONE', #7362 ) ;
#3005 = CARTESIAN_POINT ( 'NONE',  ( 0.08662038940439793777, -0.3997911943095688314, 0.1909448818887074795 ) ) ;
#3006 = LENGTH_MEASURE_WITH_UNIT ( LENGTH_MEASURE( 0.02539999999999999897 ), #5683 );
#3007 = EDGE_LOOP ( 'NONE', ( #6850, #8509, #2957, #1237 ) ) ;
#3008 = CYLINDRICAL_SURFACE ( 'NONE', #4366, 0.02362204724409461970 ) ;
#3009 = AXIS2_PLACEMENT_3D ( 'NONE', #4781, #5347, #6808 ) ;
#3010 = CARTESIAN_POINT ( 'NONE',  ( 0.04134479885321703380, -0.2383174032549201515, 0.6382254986466054936 ) ) ;
#3011 = DIRECTION ( 'NONE',  ( -0.000000000000000000, -0.000000000000000000, -1.000000000000000000 ) ) ;
#3012 = EDGE_CURVE ( 'NONE', #8473, #8491, #17, .T. ) ;
#3013 = EDGE_CURVE ( 'NONE', #3355, #650, #5638, .T. ) ;
#3014 = CARTESIAN_POINT ( 'NONE',  ( 0.04134479885321685338, -0.2226258399788601239, -1.056269026750287463E-12 ) ) ;
#3015 = AXIS2_PLACEMENT_3D ( 'NONE', #1197, #3834, #7879 ) ;
#3016 = DIRECTION ( 'NONE',  ( 0.000000000000000000, 0.000000000000000000, 1.000000000000000000 ) ) ;
#3017 = VERTEX_POINT ( 'NONE', #5252 ) ;
#3018 = DIRECTION ( 'NONE',  ( 1.737850800384704371E-16, 1.000000000000000000, -1.448216729911414029E-17 ) ) ;
#3019 = ORIENTED_EDGE ( 'NONE', *, *, #5953, .T. ) ;
#3020 = CARTESIAN_POINT ( 'NONE',  ( 0.1247261970436232548, -0.1396199891707678165, 0.5417184026558771182 ) ) ;
#3021 = CARTESIAN_POINT ( 'NONE',  ( 0.08465188546738999786, -0.3988069423410648406, 0.2952755905501244227 ) ) ;
#3022 =( LENGTH_UNIT ( ) NAMED_UNIT ( * ) SI_UNIT ( $, .METRE. ) );
#3023 = EDGE_CURVE ( 'NONE', #3955, #6685, #5950, .T. ) ;
#3024 = CARTESIAN_POINT ( 'NONE',  ( 0.1791400744437680326, -0.1242006431284664175, 0.7283464566918570471 ) ) ;
#3025 = LINE ( 'NONE', #7121, #6328 ) ;
#3026 = EDGE_LOOP ( 'NONE', ( #3951, #1077, #3843, #8616 ) ) ;
#3027 = ORIENTED_EDGE ( 'NONE', *, *, #4390, .T. ) ;
#3028 = AXIS2_PLACEMENT_3D ( 'NONE', #7135, #7179, #1100 ) ;
#3029 = CARTESIAN_POINT ( 'NONE',  ( -0.1013717365798540299, -0.3879801706875215528, 0.7283464566918570471 ) ) ;
#3030 = VERTEX_POINT ( 'NONE', #5905 ) ;
#3031 = CARTESIAN_POINT ( 'NONE',  ( -0.001962287760956341401, -0.3525470998213799945, 0.1909448818887074517 ) ) ;
#3032 = EDGE_CURVE ( 'NONE', #3996, #1228, #2519, .T. ) ;
#3033 = FACE_OUTER_BOUND ( 'NONE', #1880, .T. ) ;
#3034 = LINE ( 'NONE', #7214, #1304 ) ;
#3035 = AXIS2_PLACEMENT_3D ( 'NONE', #3108, #1742, #2150 ) ;
#3036 = CARTESIAN_POINT ( 'NONE',  ( -0.003930791697964271768, -0.3604211155694113100, 0.1909448818887074795 ) ) ;
#3037 = CARTESIAN_POINT ( 'NONE',  ( 0.001974720113059212287, -0.3988069423410648406, 0.5775590551170539655 ) ) ;
#3038 = ORIENTED_EDGE ( 'NONE', *, *, #8304, .T. ) ;
#3039 = PLANE ( 'NONE',  #4382 ) ;
#3040 = AXIS2_PLACEMENT_3D ( 'NONE', #6929, #2330, #7051 ) ;
#3041 = CARTESIAN_POINT ( 'NONE',  ( 0.1282371099067129150, -0.2301781404632396444, 0.4037708164999236349 ) ) ;
#3042 = EDGE_CURVE ( 'NONE', #8473, #1164, #441, .T. ) ;
#3043 = DIRECTION ( 'NONE',  ( 0.000000000000000000, 1.000000000000000000, 0.000000000000000000 ) ) ;
#3044 = CARTESIAN_POINT ( 'NONE',  ( -0.03739535862709731512, -0.3909329265930336916, -0.2257946297831457672 ) ) ;
#3045 = LINE ( 'NONE', #186, #2607 ) ;
#3046 = ORIENTED_EDGE ( 'NONE', *, *, #1259, .T. ) ;
#3047 = VERTEX_POINT ( 'NONE', #8665 ) ;
#3048 = EDGE_LOOP ( 'NONE', ( #2506, #66, #3525, #7751 ) ) ;
#3049 = ORIENTED_EDGE ( 'NONE', *, *, #1802, .F. ) ;
#3050 = LINE ( 'NONE', #1724, #731 ) ;
#3051 = CARTESIAN_POINT ( 'NONE',  ( 0.08465188546738984521, -0.4106179659631121748, 0.7598425196839831974 ) ) ;
#3052 = EDGE_LOOP ( 'NONE', ( #8109, #5487, #3118, #7787 ) ) ;
#3053 = CARTESIAN_POINT ( 'NONE',  ( 0.05360645665353474393, -0.4391612730497263528, 0.5875030374779610653 ) ) ;
#3054 = ADVANCED_FACE ( 'NONE', ( #539 ), #628, .T. ) ;
#3055 = CARTESIAN_POINT ( 'NONE',  ( -0.06495441374520820321, -0.2098305643883089100, 0.6574803149595729312 ) ) ;
#3056 = FACE_OUTER_BOUND ( 'NONE', #8397, .T. ) ;
#3057 = LINE ( 'NONE', #4323, #3872 ) ;
#3058 = DIRECTION ( 'NONE',  ( -3.330669073875468635E-16, 6.231570711506254047E-16, 1.000000000000000000 ) ) ;
#3059 = CARTESIAN_POINT ( 'NONE',  ( 0.2165416492469179333, -0.5728226903725608388, 0.6574803149595729312 ) ) ;
#3060 = ORIENTED_EDGE ( 'NONE', *, *, #3486, .F. ) ;
#3061 = FACE_OUTER_BOUND ( 'NONE', #4412, .T. ) ;
#3062 = ORIENTED_EDGE ( 'NONE', *, *, #631, .T. ) ;
#3063 = CARTESIAN_POINT ( 'NONE',  ( 0.1223377486206055492, -0.2967153347093084426, 0.5899423683116526984 ) ) ;
#3064 = EDGE_CURVE ( 'NONE', #4272, #838, #771, .T. ) ;
#3065 = DIRECTION ( 'NONE',  ( -0.000000000000000000, -0.000000000000000000, -1.000000000000000000 ) ) ;
#3066 = LINE ( 'NONE', #4209, #7109 ) ;
#3067 = PRESENTATION_STYLE_ASSIGNMENT (( #4383 ) ) ;
#3068 = CARTESIAN_POINT ( 'NONE',  ( -0.07676543736725569000, -0.3879801706875215528, 0.3562992125973689084 ) ) ;
#3069 = DIRECTION ( 'NONE',  ( -9.117121629785412755E-17, 1.000000000000000000, 1.882801286680184389E-17 ) ) ;
#3070 = VERTEX_POINT ( 'NONE', #5824 ) ;
#3071 = ORIENTED_EDGE ( 'NONE', *, *, #8459, .T. ) ;
#3072 = EDGE_CURVE ( 'NONE', #5180, #4194, #3310, .T. ) ;
#3073 = ORIENTED_EDGE ( 'NONE', *, *, #3592, .T. ) ;
#3074 = CARTESIAN_POINT ( 'NONE',  ( -0.04541624490745369003, -0.2274201706486354002, 0.4074979987905561485 ) ) ;
#3075 = DIRECTION ( 'NONE',  ( 1.000000000000000000, 0.000000000000000000, 0.000000000000000000 ) ) ;
#3076 = CARTESIAN_POINT ( 'NONE',  ( -0.04920638224914537784, -0.2226258399788601239, 0.2165354330698099350 ) ) ;
#3077 = AXIS2_PLACEMENT_3D ( 'NONE', #389, #8432, #5101 ) ;
#3078 = EDGE_CURVE ( 'NONE', #8041, #6766, #461, .T. ) ;
#3079 = ORIENTED_EDGE ( 'NONE', *, *, #709, .T. ) ;
#3080 = CARTESIAN_POINT ( 'NONE',  ( 0.1343204626295833870, -0.3639624512903288922, 0.2553125881363533800 ) ) ;
#3081 = CARTESIAN_POINT ( 'NONE',  ( 0.1280134374784070439, -0.2341830437729541248, 0.4139375174677853431 ) ) ;
#3082 = CARTESIAN_POINT ( 'NONE',  ( -0.1712536263436331696, -0.5728226903725609498, 0.6574803149595732643 ) ) ;
#3083 = DIRECTION ( 'NONE',  ( -1.228015396737279800E-16, -1.287490079826536515E-18, 1.000000000000000000 ) ) ;
#3084 = VECTOR ( 'NONE', #4820, 39.37007874015748143 ) ;
#3085 = VERTEX_POINT ( 'NONE', #1819 ) ;
#3086 = EDGE_CURVE ( 'NONE', #7139, #7273, #4512, .T. ) ;
#3087 = EDGE_CURVE ( 'NONE', #6457, #2042, #8444, .T. ) ;
#3088 = ORIENTED_EDGE ( 'NONE', *, *, #4480, .F. ) ;
#3089 = ORIENTED_EDGE ( 'NONE', *, *, #3243, .T. ) ;
#3090 = VECTOR ( 'NONE', #458, 39.37007874015748143 ) ;
#3091 = VERTEX_POINT ( 'NONE', #5555 ) ;
#3092 = CARTESIAN_POINT ( 'NONE',  ( 0.1791400744437680326, -0.04546048564815143717, 0.1909448818887074795 ) ) ;
#3093 = B_SPLINE_CURVE_WITH_KNOTS ( 'NONE', 3,
 ( #7504, #1568, #4245, #2849, #2933, #4958, #8288, #7628, #1609, #728, #3406 ),
 .UNSPECIFIED., .F., .F.,
 ( 4, 1, 1, 1, 1, 1, 1, 1, 4 ),
 ( 0.000000000000000000, 2.355626951024842103E-05, 4.418961408393785428E-05, 6.267668954952808021E-05, 7.908337972020048853E-05, 9.414009453163234894E-05, 0.0001085998707291144292, 0.0001245078398838262432, 0.0001432511053390895302 ),
 .UNSPECIFIED. ) ;
#3094 = DIRECTION ( 'NONE',  ( 1.000000000000000000, 0.000000000000000000, 0.000000000000000000 ) ) ;
#3095 = ORIENTED_EDGE ( 'NONE', *, *, #1248, .F. ) ;
#3096 = CARTESIAN_POINT ( 'NONE',  ( 0.05266301068548249337, -0.4391612730497263528, 0.5864525608117530098 ) ) ;
#3097 = CARTESIAN_POINT ( 'NONE',  ( 0.2086676334988864789, -0.2177045801363403921, 0.7244094488178406399 ) ) ;
#3098 = DIRECTION ( 'NONE',  ( -1.000000000000000000, 0.000000000000000000, 0.000000000000000000 ) ) ;
#3099 = CARTESIAN_POINT ( 'NONE',  ( 0.2381951925540043147, -0.2167203281678364291, 0.5090551181091799160 ) ) ;
#3100 = CIRCLE ( 'NONE', #1822, 0.01181102362204730985 ) ;
#3101 = CARTESIAN_POINT ( 'NONE',  ( 0.04134479885321665910, -0.5730195407662619367, 0.7362204724398888622 ) ) ;
#3102 = ADVANCED_FACE ( 'NONE', ( #6699 ), #2212, .F. ) ;
#3103 = PLANE ( 'NONE',  #6604 ) ;
#3104 = ORIENTED_EDGE ( 'NONE', *, *, #739, .F. ) ;
#3105 = CIRCLE ( 'NONE', #6904, 0.1082677165354331006 ) ;
#3106 = ORIENTED_EDGE ( 'NONE', *, *, #2821, .T. ) ;
#3107 = CARTESIAN_POINT ( 'NONE',  ( -0.05297655333069976186, -0.3988856824985449467, 0.2870326806817855014 ) ) ;
#3108 = CARTESIAN_POINT ( 'NONE',  ( -0.1555055948475702610, -0.6161297769867342122, 0.7007874015737463047 ) ) ;
#3109 = CARTESIAN_POINT ( 'NONE',  ( 0.1791400744437680603, -0.4391612730497262418, 0.7283464566918570471 ) ) ;
#3110 = CIRCLE ( 'NONE', #10, 0.01574803149606289823 ) ;
#3111 = CARTESIAN_POINT ( 'NONE',  ( -0.1115218350050503765, -0.2334526116324034117, 0.4251968503926439880 ) ) ;
#3112 = ADVANCED_FACE ( 'NONE', ( #4858 ), #3393, .F. ) ;
#3113 = CARTESIAN_POINT ( 'NONE',  ( 0.04134479885321683257, -0.2226258399788601239, 0.1968503936997311743 ) ) ;
#3114 = ORIENTED_EDGE ( 'NONE', *, *, #6627, .F. ) ;
#3115 = ORIENTED_EDGE ( 'NONE', *, *, #6007, .F. ) ;
#3116 = VECTOR ( 'NONE', #4893, 39.37007874015748143 ) ;
#3117 = DIRECTION ( 'NONE',  ( -9.117121629785411522E-17, 1.000000000000000000, 1.882801286680184389E-17 ) ) ;
#3118 = ORIENTED_EDGE ( 'NONE', *, *, #7235, .F. ) ;
#3119 = VECTOR ( 'NONE', #5991, 39.37007874015748143 ) ;
#3120 = FACE_BOUND ( 'NONE', #6851, .T. ) ;
#3121 = CARTESIAN_POINT ( 'NONE',  ( -0.05730769542352608797, -0.2255785958843719297, 0.6734734422719332869 ) ) ;
#3122 = FACE_OUTER_BOUND ( 'NONE', #1191, .T. ) ;
#3123 = ADVANCED_FACE ( 'NONE', ( #8236 ), #3527, .F. ) ;
#3124 = DIRECTION ( 'NONE',  ( 0.000000000000000000, 0.000000000000000000, -1.000000000000000000 ) ) ;
#3125 = AXIS2_PLACEMENT_3D ( 'NONE', #1014, #6385, #930 ) ;
#3126 = ORIENTED_EDGE ( 'NONE', *, *, #1994, .F. ) ;
#3127 = CARTESIAN_POINT ( 'NONE',  ( 0.1354420843428742194, -0.3962270985139120794, 0.2788293848777771977 ) ) ;
#3128 = CARTESIAN_POINT ( 'NONE',  ( 0.04560441498145133971, -0.3751848950969702279, 0.3861325167714345086 ) ) ;
#3129 = CIRCLE ( 'NONE', #1160, 0.1023622047244094613 ) ;
#3130 = CARTESIAN_POINT ( 'NONE',  ( 0.05556177173160704863, -0.4352242651757104452, 0.5894575678029682075 ) ) ;
#3131 = DIRECTION ( 'NONE',  ( 1.000000000000000000, 0.000000000000000000, 0.000000000000000000 ) ) ;
#3132 = ORIENTED_EDGE ( 'NONE', *, *, #6403, .T. ) ;
#3133 = ORIENTED_EDGE ( 'NONE', *, *, #7405, .T. ) ;
#3134 = VERTEX_POINT ( 'NONE', #6032 ) ;
#3135 = ORIENTED_EDGE ( 'NONE', *, *, #6283, .T. ) ;
#3136 = DIRECTION ( 'NONE',  ( 0.000000000000000000, 0.000000000000000000, 1.000000000000000000 ) ) ;
#3137 = VERTEX_POINT ( 'NONE', #4767 ) ;
#3138 = CARTESIAN_POINT ( 'NONE',  ( 0.04753054907193950823, -0.4352242651757104452, 0.5730533683279025459 ) ) ;
#3139 = CARTESIAN_POINT ( 'NONE',  ( 0.1967818200889262792, -0.2334526116324033562, 0.4377972174514207504 ) ) ;
#3140 = EDGE_CURVE ( 'NONE', #1340, #117, #8, .T. ) ;
#3141 = CARTESIAN_POINT ( 'NONE',  ( 0.04134479885321703380, -0.5730195407662621587, 0.2027559055107547026 ) ) ;
#3142 = ADVANCED_FACE ( 'NONE', ( #8061 ), #3812, .T. ) ;
#3143 = VECTOR ( 'NONE', #5706, 39.37007874015748143 ) ;
#3144 = FACE_OUTER_BOUND ( 'NONE', #5412, .T. ) ;
#3145 = DIRECTION ( 'NONE',  ( -1.000000000000000000, 0.000000000000000000, 2.285614676204728914E-14 ) ) ;
#3146 = ORIENTED_EDGE ( 'NONE', *, *, #7528, .F. ) ;
#3147 = LINE ( 'NONE', #7314, #5225 ) ;
#3148 = VECTOR ( 'NONE', #1772, 39.37007874015748143 ) ;
#3149 = ORIENTED_EDGE ( 'NONE', *, *, #6914, .F. ) ;
#3150 = LINE ( 'NONE', #1740, #6192 ) ;
#3151 = CARTESIAN_POINT ( 'NONE',  ( 0.03062541553677718131, -0.2500559446281689358, 0.5894314157657171149 ) ) ;
#3152 = EDGE_CURVE ( 'NONE', #2421, #6393, #2412, .T. ) ;
#3153 = CARTESIAN_POINT ( 'NONE',  ( -0.1003874846113501362, -0.3988069423410648406, 0.3582677165343768344 ) ) ;
#3154 = VECTOR ( 'NONE', #5200, 39.37007874015748143 ) ;
#3155 = DIRECTION ( 'NONE',  ( 1.716572833537972315E-33, -1.882801286680184389E-17, 1.000000000000000000 ) ) ;
#3156 = LINE ( 'NONE', #8336, #1828 ) ;
#3157 = VERTEX_POINT ( 'NONE', #4725 ) ;
#3158 = ORIENTED_EDGE ( 'NONE', *, *, #1525, .F. ) ;
#3159 = ORIENTED_EDGE ( 'NONE', *, *, #4308, .T. ) ;
#3160 = VECTOR ( 'NONE', #3754, 39.37007874015748143 ) ;
#3161 = LINE ( 'NONE', #7902, #5816 ) ;
#3162 = VERTEX_POINT ( 'NONE', #4048 ) ;
#3163 = PLANE ( 'NONE',  #8031 ) ;
#3164 = EDGE_CURVE ( 'NONE', #2337, #1831, #8585, .T. ) ;
#3165 = DIRECTION ( 'NONE',  ( 0.000000000000000000, 0.000000000000000000, 1.000000000000000000 ) ) ;
#3166 = VECTOR ( 'NONE', #2952, 39.37007874015748143 ) ;
#3167 = CARTESIAN_POINT ( 'NONE',  ( 0.04134479885321696441, -0.2494216226542239900, 0.5974912406353284355 ) ) ;
#3168 = ORIENTED_EDGE ( 'NONE', *, *, #7018, .T. ) ;
#3169 = CARTESIAN_POINT ( 'NONE',  ( -0.1555055948475705663, -0.04546048564815143717, 0.1909448818887075350 ) ) ;
#3170 = CARTESIAN_POINT ( 'NONE',  ( 0.04134479885321681175, -0.4184919817111433238, 0.3933151221598377156 ) ) ;
#3171 = EDGE_CURVE ( 'NONE', #6180, #1498, #1425, .T. ) ;
#3172 = AXIS2_PLACEMENT_3D ( 'NONE', #8020, #7407, #4052 ) ;
#3173 = DIRECTION ( 'NONE',  ( -1.737850800384706343E-16, -1.000000000000000000, 6.231570711506253061E-16 ) ) ;
#3174 = CARTESIAN_POINT ( 'NONE',  ( 0.04735112814018097027, -0.4352242651757104452, 0.5393700787391012552 ) ) ;
#3175 = EDGE_LOOP ( 'NONE', ( #4165, #8507, #8534, #5378, #7536, #1702 ) ) ;
#3176 = ORIENTED_EDGE ( 'NONE', *, *, #7278, .T. ) ;
#3177 = VECTOR ( 'NONE', #2690, 39.37007874015748143 ) ;
#3178 = VERTEX_POINT ( 'NONE', #191 ) ;
#3179 = ORIENTED_EDGE ( 'NONE', *, *, #2038, .F. ) ;
#3180 = DIRECTION ( 'NONE',  ( 1.000000000000000000, 0.000000000000000000, 0.000000000000000000 ) ) ;
#3181 = ORIENTED_EDGE ( 'NONE', *, *, #8267, .T. ) ;
#3182 = DIRECTION ( 'NONE',  ( -9.117121629785412755E-17, 1.000000000000000000, 1.882801286680184389E-17 ) ) ;
#3183 = CARTESIAN_POINT ( 'NONE',  ( 0.04134479885321665910, -0.5730195407662619367, 0.7362204724398888622 ) ) ;
#3184 = ADVANCED_FACE ( 'NONE', ( #6076, #4098 ), #55, .F. ) ;
#3185 = CARTESIAN_POINT ( 'NONE',  ( 0.03091069254960627719, -0.4352242651757102787, 0.5862306471738075730 ) ) ;
#3186 = CARTESIAN_POINT ( 'NONE',  ( 0.08662038940439795165, -0.3997911943095688869, 0.1909448818887074795 ) ) ;
#3187 = CARTESIAN_POINT ( 'NONE',  ( 0.03091069254960627719, -0.4391612730497263528, 0.5862306471738075730 ) ) ;
#3188 = EDGE_CURVE ( 'NONE', #6394, #4154, #2075, .T. ) ;
#3189 = ORIENTED_EDGE ( 'NONE', *, *, #6984, .F. ) ;
#3190 = DIRECTION ( 'NONE',  ( -1.000000000000000000, -9.117121629785412755E-17, 9.282927046011350088E-49 ) ) ;
#3191 = EDGE_LOOP ( 'NONE', ( #5959, #304, #8548, #1637 ) ) ;
#3192 = DIRECTION ( 'NONE',  ( -0.9995402628398960543, -0.01803464003906340637, -0.02437241720906854411 ) ) ;
#3193 = B_SPLINE_CURVE_WITH_KNOTS ( 'NONE', 3,
 ( #7649, #6923, #5627, #6257, #6342, #1588, #5670, #3644, #7689, #258, #4266, #2871, #2365 ),
 .UNSPECIFIED., .F., .F.,
 ( 4, 3, 3, 3, 4 ),
 ( 0.000000000000000000, 3.285169157266069797E-05, 5.349475352508683667E-05, 7.422614343393676951E-05, 9.480534448880679522E-05 ),
 .UNSPECIFIED. ) ;
#3194 = CARTESIAN_POINT ( 'NONE',  ( 0.03058869331160751076, -0.2425511687252386583, 0.6346095213316240713 ) ) ;
#3195 = CARTESIAN_POINT ( 'NONE',  ( -0.06495441374520848077, -0.09270458013634053085, 0.1909448818887074795 ) ) ;
#3196 = PLANE ( 'NONE',  #5 ) ;
#3197 = ADVANCED_FACE ( 'NONE', ( #757 ), #3439, .T. ) ;
#3198 = ORIENTED_EDGE ( 'NONE', *, *, #7415, .T. ) ;
#3199 = ORIENTED_EDGE ( 'NONE', *, *, #2640, .T. ) ;
#3200 = ORIENTED_EDGE ( 'NONE', *, *, #1619, .T. ) ;
#3201 = EDGE_LOOP ( 'NONE', ( #5239, #3632, #5167, #2352 ) ) ;
#3202 = CARTESIAN_POINT ( 'NONE',  ( -0.001962287760956648447, -0.4106179659631121748, 0.7401574803139043812 ) ) ;
#3203 = CARTESIAN_POINT ( 'NONE',  ( 0.04134479885321685338, -0.2226258399788601239, 0.007874015746975231503 ) ) ;
#3204 = CARTESIAN_POINT ( 'NONE',  ( -0.1555055948475706495, -0.2344368636009073192, 0.6141732283454004460 ) ) ;
#3205 = FACE_OUTER_BOUND ( 'NONE', #2574, .T. ) ;
#3206 = EDGE_CURVE ( 'NONE', #3986, #2730, #1464, .T. ) ;
#3207 = ORIENTED_EDGE ( 'NONE', *, *, #5710, .T. ) ;
#3208 = DIRECTION ( 'NONE',  ( -1.000000000000000000, 0.000000000000000000, 0.000000000000000000 ) ) ;
#3209 = DIRECTION ( 'NONE',  ( -0.000000000000000000, -0.000000000000000000, -1.000000000000000000 ) ) ;
#3210 = CARTESIAN_POINT ( 'NONE',  ( -0.03964815091417157183, -0.2186218553077969584, 0.6003495666693419164 ) ) ;
#3211 = MECHANICAL_DESIGN_GEOMETRIC_PRESENTATION_REPRESENTATION (  '', ( #6697 ), #8119 ) ;
#3212 = ORIENTED_EDGE ( 'NONE', *, *, #5761, .T. ) ;
#3213 = ADVANCED_FACE ( 'NONE', ( #6166 ), #141, .F. ) ;
#3214 = ORIENTED_EDGE ( 'NONE', *, *, #4135, .F. ) ;
#3215 = VERTEX_POINT ( 'NONE', #4275 ) ;
#3216 = VECTOR ( 'NONE', #1323, 39.37007874015748143 ) ;
#3217 = ORIENTED_EDGE ( 'NONE', *, *, #8040, .F. ) ;
#3218 = CARTESIAN_POINT ( 'NONE',  ( 0.03112296758433604968, -0.2453468916873929873, 0.6492656065447005576 ) ) ;
#3219 = CARTESIAN_POINT ( 'NONE',  ( 0.2086676334988864789, -0.2177045801363403643, 0.4976528653221187204 ) ) ;
#3220 = LINE ( 'NONE', #2597, #4486 ) ;
#3221 = DIRECTION ( 'NONE',  ( 0.000000000000000000, 0.000000000000000000, 1.000000000000000000 ) ) ;
#3222 = EDGE_CURVE ( 'NONE', #3976, #4478, #3050, .T. ) ;
#3223 = VERTEX_POINT ( 'NONE', #4318 ) ;
#3224 = CARTESIAN_POINT ( 'NONE',  ( -0.04442897410153102966, -0.2241060518434480620, 0.4422916610307018326 ) ) ;
#3225 = ORIENTED_EDGE ( 'NONE', *, *, #2155, .T. ) ;
#3226 = CARTESIAN_POINT ( 'NONE',  ( -0.06607398587638357856, -0.2255785958843719574, 0.6751981704654561600 ) ) ;
#3227 = VERTEX_POINT ( 'NONE', #4361 ) ;
#3228 = PLANE ( 'NONE',  #3679 ) ;
#3229 = AXIS2_PLACEMENT_3D ( 'NONE', #6619, #5218, #4521 ) ;
#3230 = CARTESIAN_POINT ( 'NONE',  ( 0.01181723979809862560, -0.4391612730497262418, 0.5393700787391012552 ) ) ;
#3231 = CARTESIAN_POINT ( 'NONE',  ( 0.02836668478934982821, -0.4391612730497263528, 0.5878171478554616858 ) ) ;
#3232 = DIRECTION ( 'NONE',  ( -3.968455379679729417E-15, 0.07845909572784615094, 0.9969173337331278528 ) ) ;
#3233 = AXIS2_PLACEMENT_3D ( 'NONE', #3447, #5473, #64 ) ;
#3234 = ORIENTED_EDGE ( 'NONE', *, *, #8006, .F. ) ;
#3235 = ORIENTED_EDGE ( 'NONE', *, *, #2802, .T. ) ;
#3236 = EDGE_LOOP ( 'NONE', ( #3471, #6064, #1462, #265 ) ) ;
#3237 = CARTESIAN_POINT ( 'NONE',  ( 0.1358329878295946591, -0.2226258399788601239, 0.2086614173217784252 ) ) ;
#3238 = ORIENTED_EDGE ( 'NONE', *, *, #1508, .F. ) ;
#3239 = AXIS2_PLACEMENT_3D ( 'NONE', #5116, #2338, #3701 ) ;
#3240 = VECTOR ( 'NONE', #1494, 39.37007874015748143 ) ;
#3241 = EDGE_CURVE ( 'NONE', #2073, #2589, #2278, .T. ) ;
#3242 = DIRECTION ( 'NONE',  ( -1.000000000000000000, 0.000000000000000000, 0.000000000000000000 ) ) ;
#3243 = EDGE_CURVE ( 'NONE', #2615, #2894, #7660, .T. ) ;
#3244 = CARTESIAN_POINT ( 'NONE',  ( -0.04064527127870969786, -0.2440531768772171428, 0.5641081009960573489 ) ) ;
#3245 = DIRECTION ( 'NONE',  ( -1.000000000000000000, 0.000000000000000000, 0.000000000000000000 ) ) ;
#3246 = VERTEX_POINT ( 'NONE', #8403 ) ;
#3247 = VECTOR ( 'NONE', #5235, 39.37007874015748143 ) ;
#3248 = CIRCLE ( 'NONE', #7053, 0.1476377952755905387 ) ;
#3249 = CARTESIAN_POINT ( 'NONE',  ( -0.1555055948475706495, -0.1242006431284664314, 0.4921259842509122517 ) ) ;
#3250 = CARTESIAN_POINT ( 'NONE',  ( 0.08662038940439793777, 0.1002088056904311825, 0.1909448818887074795 ) ) ;
#3251 = CARTESIAN_POINT ( 'NONE',  ( 0.1594550350736892996, -0.3879801706875215528, 0.3562992125973689084 ) ) ;
#3252 = EDGE_CURVE ( 'NONE', #8041, #1284, #7747, .T. ) ;
#3253 = AXIS2_PLACEMENT_3D ( 'NONE', #6671, #7506, #7417 ) ;
#3254 = VECTOR ( 'NONE', #1552, 39.37007874015748143 ) ;
#3255 = ORIENTED_EDGE ( 'NONE', *, *, #1335, .T. ) ;
#3256 = ORIENTED_EDGE ( 'NONE', *, *, #8188, .T. ) ;
#3257 = ORIENTED_EDGE ( 'NONE', *, *, #3012, .T. ) ;
#3258 = VECTOR ( 'NONE', #5594, 39.37007874015748854 ) ;
#3259 = AXIS2_PLACEMENT_3D ( 'NONE', #2787, #8103, #760 ) ;
#3260 = CARTESIAN_POINT ( 'NONE',  ( 0.02457194675791079391, -0.2460551480566566251, 0.6402663561111360258 ) ) ;
#3261 = LINE ( 'NONE', #3878, #3288 ) ;
#3262 = FACE_OUTER_BOUND ( 'NONE', #2479, .T. ) ;
#3263 = LINE ( 'NONE', #7148, #3593 ) ;
#3264 = EDGE_CURVE ( 'NONE', #5863, #1184, #4410, .T. ) ;
#3265 = VERTEX_POINT ( 'NONE', #979 ) ;
#3266 = CARTESIAN_POINT ( 'NONE',  ( 0.03063025143567104161, -0.4391612730497261863, 0.5866810932698544034 ) ) ;
#3267 = ORIENTED_EDGE ( 'NONE', *, *, #4345, .F. ) ;
#3268 = CARTESIAN_POINT ( 'NONE',  ( -0.08039174494427657469, -0.2255785958843719297, 0.6661991020123325669 ) ) ;
#3269 = ORIENTED_EDGE ( 'NONE', *, *, #6244, .T. ) ;
#3270 = FACE_OUTER_BOUND ( 'NONE', #1297, .T. ) ;
#3271 = VECTOR ( 'NONE', #8176, 39.37007874015748143 ) ;
#3272 = FACE_OUTER_BOUND ( 'NONE', #1189, .T. ) ;
#3273 = CARTESIAN_POINT ( 'NONE',  ( 0.002999179523715753744, -0.1405646820831193133, 0.2165354330698099627 ) ) ;
#3274 = EDGE_CURVE ( 'NONE', #487, #8327, #3653, .T. ) ;
#3275 = DIRECTION ( 'NONE',  ( -1.347081331646192962E-16, 0.07845909572784612318, 0.9969173337331278528 ) ) ;
#3276 = CARTESIAN_POINT ( 'NONE',  ( -0.1555055948475706495, -0.2167203281678364568, 0.6141732283454004460 ) ) ;
#3277 = ORIENTED_EDGE ( 'NONE', *, *, #5185, .F. ) ;
#3278 = ORIENTED_EDGE ( 'NONE', *, *, #4596, .T. ) ;
#3279 = EDGE_LOOP ( 'NONE', ( #5580, #3785, #5273, #2564 ) ) ;
#3280 = VERTEX_POINT ( 'NONE', #5766 ) ;
#3281 = DIRECTION ( 'NONE',  ( 0.000000000000000000, -1.000000000000000000, 0.000000000000000000 ) ) ;
#3282 = VECTOR ( 'NONE', #4501, 39.37007874015748143 ) ;
#3283 = EDGE_CURVE ( 'NONE', #7828, #4875, #27, .T. ) ;
#3284 = LINE ( 'NONE', #3900, #8051 ) ;
#3285 = CYLINDRICAL_SURFACE ( 'NONE', #7569, 0.08661417322834648325 ) ;
#3286 = FACE_OUTER_BOUND ( 'NONE', #8099, .T. ) ;
#3287 = VERTEX_POINT ( 'NONE', #899 ) ;
#3288 = VECTOR ( 'NONE', #6564, 39.37007874015748143 ) ;
#3289 = EDGE_CURVE ( 'NONE', #8273, #1866, #3573, .T. ) ;
#3290 = CARTESIAN_POINT ( 'NONE',  ( 0.1273957872139563907, -0.2311701621704498888, 0.4325447551727851225 ) ) ;
#3291 = CARTESIAN_POINT ( 'NONE',  ( 0.02767463262399549873, -0.4391612730497262418, 0.5894575678029682075 ) ) ;
#3292 = CARTESIAN_POINT ( 'NONE',  ( -0.04203659933718807001, -0.1283988930608671308, 0.5382738336804812063 ) ) ;
#3293 = FACE_OUTER_BOUND ( 'NONE', #2092, .T. ) ;
#3294 = VECTOR ( 'NONE', #841, 39.37007874015748143 ) ;
#3295 = ORIENTED_EDGE ( 'NONE', *, *, #5509, .T. ) ;
#3296 = CARTESIAN_POINT ( 'NONE',  ( 0.04999409737415751176, -0.2501487262137206957, 0.5882525139439498396 ) ) ;
#3297 = ORIENTED_EDGE ( 'NONE', *, *, #7917, .F. ) ;
#3298 = ORIENTED_EDGE ( 'NONE', *, *, #3735, .T. ) ;
#3299 = EDGE_CURVE ( 'NONE', #6560, #941, #8314, .T. ) ;
#3300 = AXIS2_PLACEMENT_3D ( 'NONE', #1082, #6960, #3599 ) ;
#3301 = FACE_OUTER_BOUND ( 'NONE', #1223, .T. ) ;
#3302 = CARTESIAN_POINT ( 'NONE',  ( 0.2083498549039019543, -0.2334526116324033562, 0.4945052008848331293 ) ) ;
#3303 = CARTESIAN_POINT ( 'NONE',  ( 0.1233999668063793242, -0.2440531768772385701, 0.5623673599941015899 ) ) ;
#3304 = CARTESIAN_POINT ( 'NONE',  ( 0.08662038940439796553, -0.3604211155694113100, 0.1968503936997311465 ) ) ;
#3305 = AXIS2_PLACEMENT_3D ( 'NONE', #5422, #6073, #4043 ) ;
#3306 = ORIENTED_EDGE ( 'NONE', *, *, #5194, .T. ) ;
#3307 = LINE ( 'NONE', #3224, #6751 ) ;
#3308 = ADVANCED_FACE ( 'NONE', ( #7700 ), #1675, .F. ) ;
#3309 = ORIENTED_EDGE ( 'NONE', *, *, #2535, .F. ) ;
#3310 = LINE ( 'NONE', #1330, #2125 ) ;
#3311 = ORIENTED_EDGE ( 'NONE', *, *, #2808, .F. ) ;
#3312 = CARTESIAN_POINT ( 'NONE',  ( -0.1161355161074130588, -0.2167203281678364291, 0.5090551181091799160 ) ) ;
#3313 = DIRECTION ( 'NONE',  ( 0.9726854290714811446, 0.000000000000000000, 0.2321272411244070799 ) ) ;
#3314 = PLANE ( 'NONE',  #499 ) ;
#3315 = CARTESIAN_POINT ( 'NONE',  ( 0.04134479885321702686, -0.2492560868169069743, 0.5995945728754410453 ) ) ;
#3316 = DIRECTION ( 'NONE',  ( 1.000000000000000000, 0.000000000000000000, 0.000000000000000000 ) ) ;
#3317 = VERTEX_POINT ( 'NONE', #4456 ) ;
#3318 = EDGE_CURVE ( 'NONE', #5952, #1279, #7873, .T. ) ;
#3319 = VERTEX_POINT ( 'NONE', #6782 ) ;
#3320 = EDGE_CURVE ( 'NONE', #6621, #1989, #2113, .T. ) ;
#3321 = ORIENTED_EDGE ( 'NONE', *, *, #2029, .F. ) ;
#3322 = CARTESIAN_POINT ( 'NONE',  ( 0.1358907330281905745, -0.3988856824985452243, 0.2952755905501241451 ) ) ;
#3323 = ORIENTED_EDGE ( 'NONE', *, *, #1922, .T. ) ;
#3324 = CYLINDRICAL_SURFACE ( 'NONE', #167, 0.1082677165354330312 ) ;
#3325 = LINE ( 'NONE', #6005, #3837 ) ;
#3326 = CARTESIAN_POINT ( 'NONE',  ( 0.08465188546738977582, -0.5730195407662619367, 0.7519685039359512713 ) ) ;
#3327 = DIRECTION ( 'NONE',  ( 0.000000000000000000, -0.2425356250363300270, 0.9701425001453325425 ) ) ;
#3328 = EDGE_LOOP ( 'NONE', ( #6651, #8145, #1119, #3606 ) ) ;
#3329 = CARTESIAN_POINT ( 'NONE',  ( 0.05011933680159829513, -0.4352242651757104452, 0.5835708524705097711 ) ) ;
#3330 = CARTESIAN_POINT ( 'NONE',  ( 0.1476440114516419932, -0.09270458013634053085, 0.2027559055107547303 ) ) ;
#3331 = PLANE ( 'NONE',  #4225 ) ;
#3332 = CARTESIAN_POINT ( 'NONE',  ( 0.1712660586957363562, -1.445962891180036403, 0.3700787401564238910 ) ) ;
#3333 = ORIENTED_EDGE ( 'NONE', *, *, #6861, .F. ) ;
#3334 = CARTESIAN_POINT ( 'NONE',  ( -0.1115218350050503765, -0.2334526116324034117, 0.4251968503926439880 ) ) ;
#3335 = ORIENTED_EDGE ( 'NONE', *, *, #4527, .T. ) ;
#3336 = CARTESIAN_POINT ( 'NONE',  ( 0.07087235790833486260, -0.4352242651757104452, 0.5878171478554616858 ) ) ;
#3337 = LINE ( 'NONE', #7395, #8297 ) ;
#3338 = LINE ( 'NONE', #6071, #1188 ) ;
#3339 = DIRECTION ( 'NONE',  ( 0.9702256789380709900, 0.000000000000000000, -0.2422026670562468786 ) ) ;
#3340 = AXIS2_PLACEMENT_3D ( 'NONE', #3204, #4533, #5186 ) ;
#3341 = CARTESIAN_POINT ( 'NONE',  ( 0.1336474896016089098, -0.3396848627535752341, 0.2602415932277412636 ) ) ;
#3342 = EDGE_CURVE ( 'NONE', #1361, #7104, #4175, .T. ) ;
#3343 = ORIENTED_EDGE ( 'NONE', *, *, #8608, .T. ) ;
#3344 = FACE_BOUND ( 'NONE', #8629, .T. ) ;
#3345 = VECTOR ( 'NONE', #8552, 39.37007874015748143 ) ;
#3346 = DIRECTION ( 'NONE',  ( -1.000000000000000000, -9.117121629785412755E-17, 6.842277657836020854E-49 ) ) ;
#3347 = ORIENTED_EDGE ( 'NONE', *, *, #5136, .F. ) ;
#3348 = DIRECTION ( 'NONE',  ( -9.117121629785411522E-17, 1.000000000000000000, 1.882801286680184389E-17 ) ) ;
#3349 = CARTESIAN_POINT ( 'NONE',  ( -0.05095789189517378748, -0.3436751619647534506, 0.2673191613668093880 ) ) ;
#3350 = DIRECTION ( 'NONE',  ( -1.000000000000000000, 0.000000000000000000, 0.000000000000000000 ) ) ;
#3351 = CIRCLE ( 'NONE', #263, 0.01574803149606289823 ) ;
#3352 = EDGE_CURVE ( 'NONE', #1574, #3693, #891, .T. ) ;
#3353 = CARTESIAN_POINT ( 'NONE',  ( 0.08465188546739013664, -0.5730195407662621587, 0.2027559055107547026 ) ) ;
#3354 = CARTESIAN_POINT ( 'NONE',  ( -0.001962287760956580359, -0.5730195407662619367, 0.7598425196839831974 ) ) ;
#3355 = VERTEX_POINT ( 'NONE', #7394 ) ;
#3356 = ORIENTED_EDGE ( 'NONE', *, *, #7865, .T. ) ;
#3357 = VECTOR ( 'NONE', #657, 39.37007874015748143 ) ;
#3358 = VERTEX_POINT ( 'NONE', #6208 ) ;
#3359 = CARTESIAN_POINT ( 'NONE',  ( -0.1515685869735546865, -0.2334526116324034117, 0.6141732283453998908 ) ) ;
#3360 = CARTESIAN_POINT ( 'NONE',  ( 0.04281434172285814022, -0.4391612730497276851, 0.5539493110225657269 ) ) ;
#3361 = ORIENTED_EDGE ( 'NONE', *, *, #7765, .T. ) ;
#3362 = CYLINDRICAL_SURFACE ( 'NONE', #6354, 0.04330708661417324162 ) ;
#3363 = EDGE_CURVE ( 'NONE', #8216, #5219, #4757, .T. ) ;
#3364 = AXIS2_PLACEMENT_3D ( 'NONE', #5916, #3850, #6706 ) ;
#3365 = CARTESIAN_POINT ( 'NONE',  ( 0.1297767292002455775, -0.1999936471828150375, 0.2165354330698099905 ) ) ;
#3366 = DIRECTION ( 'NONE',  ( 3.388131789017221571E-16, 0.000000000000000000, -1.000000000000000000 ) ) ;
#3367 = ORIENTED_EDGE ( 'NONE', *, *, #6185, .T. ) ;
#3368 = CARTESIAN_POINT ( 'NONE',  ( -0.04064527127870969786, -0.2440531768772171428, 0.5641081009960573489 ) ) ;
#3369 = ORIENTED_EDGE ( 'NONE', *, *, #6649, .F. ) ;
#3370 = AXIS2_PLACEMENT_3D ( 'NONE', #1472, #1517, #858 ) ;
#3371 = CARTESIAN_POINT ( 'NONE',  ( -0.003930791697964271768, -0.3997911943095688869, 0.1909448818887074795 ) ) ;
#3372 = LINE ( 'NONE', #5974, #2594 ) ;
#3373 = LINE ( 'NONE', #8175, #4519 ) ;
#3374 = DIRECTION ( 'NONE',  ( 3.940000062642333668E-31, -0.07845909572784755259, -0.9969173337331277418 ) ) ;
#3375 = EDGE_CURVE ( 'NONE', #526, #3085, #5232, .T. ) ;
#3376 = VERTEX_POINT ( 'NONE', #6113 ) ;
#3377 = TOROIDAL_SURFACE ( 'NONE', #5077, 0.01195235584591410744, 0.01574803149606309946 ) ;
#3378 = CARTESIAN_POINT ( 'NONE',  ( 0.1791400744437680603, -0.3210510368292537886, 0.1909448818887074795 ) ) ;
#3379 = VECTOR ( 'NONE', #742, 39.37007874015748143 ) ;
#3380 = ORIENTED_EDGE ( 'NONE', *, *, #5913, .T. ) ;
#3381 = ORIENTED_EDGE ( 'NONE', *, *, #7543, .F. ) ;
#3382 = CARTESIAN_POINT ( 'NONE',  ( 0.1260597620551490161, -0.2546165412260087968, 0.2165354330698099072 ) ) ;
#3383 = DIRECTION ( 'NONE',  ( -0.000000000000000000, -0.000000000000000000, -1.000000000000000000 ) ) ;
#3384 = AXIS2_PLACEMENT_3D ( 'NONE', #4967, #8217, #216 ) ;
#3385 = DIRECTION ( 'NONE',  ( -1.000000000000000000, 0.000000000000000000, 0.000000000000000000 ) ) ;
#3386 = CARTESIAN_POINT ( 'NONE',  ( 0.1235319728321143812, -0.2513872556778958822, 0.5576101637574478742 ) ) ;
#3387 = CARTESIAN_POINT ( 'NONE',  ( -0.04577127260719273533, -0.2412089842648444116, 0.4021010692366926431 ) ) ;
#3388 = EDGE_CURVE ( 'NONE', #52, #6432, #8182, .T. ) ;
#3389 = ORIENTED_EDGE ( 'NONE', *, *, #8423, .T. ) ;
#3390 = VECTOR ( 'NONE', #397, 39.37007874015748143 ) ;
#3391 = DIRECTION ( 'NONE',  ( 1.000000000000000000, 0.000000000000000000, 0.000000000000000000 ) ) ;
#3392 = VECTOR ( 'NONE', #1432, 39.37007874015748143 ) ;
#3393 = PLANE ( 'NONE',  #6491 ) ;
#3394 = ORIENTED_EDGE ( 'NONE', *, *, #2546, .T. ) ;
#3395 = EDGE_CURVE ( 'NONE', #2497, #338, #6020, .T. ) ;
#3396 = CARTESIAN_POINT ( 'NONE',  ( -0.04465273450856240695, -0.2227221762163846541, 0.4344990218033503715 ) ) ;
#3397 = EDGE_CURVE ( 'NONE', #5140, #7252, #8004, .T. ) ;
#3398 = PLANE ( 'NONE',  #5123 ) ;
#3399 = LINE ( 'NONE', #7451, #4856 ) ;
#3400 = DIRECTION ( 'NONE',  ( 0.2401166675528378369, 0.000000000000000000, 0.9707440373050559845 ) ) ;
#3401 = DIRECTION ( 'NONE',  ( -1.611116917564282698E-15, -0.9969173337331278528, 0.07845909572784612318 ) ) ;
#3402 = EDGE_LOOP ( 'NONE', ( #3870, #4153, #8453, #473 ) ) ;
#3403 = ORIENTED_EDGE ( 'NONE', *, *, #4892, .T. ) ;
#3404 = DIRECTION ( 'NONE',  ( -0.2396740113195076072, -0.000000000000000000, -0.9708534226638007025 ) ) ;
#3405 = ORIENTED_EDGE ( 'NONE', *, *, #1610, .F. ) ;
#3406 = CARTESIAN_POINT ( 'NONE',  ( 0.04804318030553531016, -0.4391612730497249095, 0.5878171478554616858 ) ) ;
#3407 = ADVANCED_FACE ( 'NONE', ( #90 ), #1501, .F. ) ;
#3408 = DIRECTION ( 'NONE',  ( -1.000000000000000000, 0.000000000000000000, 3.165553788278845126E-17 ) ) ;
#3409 = ORIENTED_EDGE ( 'NONE', *, *, #8250, .T. ) ;
#3410 = CARTESIAN_POINT ( 'NONE',  ( 0.1197264916060260809, -0.1479384335102920112, -1.056259305198440374E-12 ) ) ;
#3411 = DIRECTION ( 'NONE',  ( -1.000000000000000000, -9.117121629785412755E-17, 6.842277657836020854E-49 ) ) ;
#3412 = CIRCLE ( 'NONE', #323, 0.01574803149606289823 ) ;
#3413 = DIRECTION ( 'NONE',  ( -1.737850800384704371E-16, -1.000000000000000000, 1.448216729911410023E-17 ) ) ;
#3414 = CARTESIAN_POINT ( 'NONE',  ( -0.001962287760956648447, -0.6163266273804347550, 0.7598425196839833085 ) ) ;
#3415 = ORIENTED_EDGE ( 'NONE', *, *, #7453, .F. ) ;
#3416 = EDGE_CURVE ( 'NONE', #5027, #5863, #1363, .T. ) ;
#3417 = COLOUR_RGB ( '',0.7921568627450980005, 0.8196078431372548767, 0.9333333333333333481 ) ;
#3418 = DIRECTION ( 'NONE',  ( 1.737850800384704371E-16, 1.000000000000000000, -1.448216729911410023E-17 ) ) ;
#3419 = ORIENTED_EDGE ( 'NONE', *, *, #7368, .F. ) ;
#3420 = DIRECTION ( 'NONE',  ( 2.001604010742438504E-15, -1.000000000000000000, -3.138361249059178206E-29 ) ) ;
#3421 = CARTESIAN_POINT ( 'NONE',  ( 0.2381951925540042314, -0.04546048564815143717, 0.7283464566918570471 ) ) ;
#3422 = CARTESIAN_POINT ( 'NONE',  ( -0.04442897410153096027, -0.2318720802020088345, 0.4409920735829792049 ) ) ;
#3423 = PRESENTATION_STYLE_ASSIGNMENT (( #6151 ) ) ;
#3424 = CARTESIAN_POINT ( 'NONE',  ( 0.1272109769434473792, -0.2235673524462902240, 0.4390725203700232560 ) ) ;
#3425 = AXIS2_PLACEMENT_3D ( 'NONE', #5658, #959, #6288 ) ;
#3426 = CARTESIAN_POINT ( 'NONE',  ( -0.05050924320985743926, -0.3309537464924237060, 0.2741991925943682018 ) ) ;
#3427 = ORIENTED_EDGE ( 'NONE', *, *, #8505, .F. ) ;
#3428 = ORIENTED_EDGE ( 'NONE', *, *, #994, .T. ) ;
#3429 = EDGE_CURVE ( 'NONE', #1878, #5112, #182, .T. ) ;
#3430 = DIRECTION ( 'NONE',  ( 1.000000000000000000, 0.000000000000000000, 0.000000000000000000 ) ) ;
#3431 = DIRECTION ( 'NONE',  ( -1.228015396737279800E-16, -1.287490079826536515E-18, 1.000000000000000000 ) ) ;
#3432 = AXIS2_PLACEMENT_3D ( 'NONE', #6272, #6359, #8279 ) ;
#3433 = LINE ( 'NONE', #1322, #4282 ) ;
#3434 = CARTESIAN_POINT ( 'NONE',  ( 0.04134479885321684645, -0.2226258399788601239, 0.03937007873910121358 ) ) ;
#3435 = DIRECTION ( 'NONE',  ( 0.000000000000000000, 0.000000000000000000, -1.000000000000000000 ) ) ;
#3436 = ORIENTED_EDGE ( 'NONE', *, *, #631, .F. ) ;
#3437 = AXIS2_PLACEMENT_3D ( 'NONE', #4894, #7691, #4851 ) ;
#3438 = DIRECTION ( 'NONE',  ( 0.000000000000000000, 0.000000000000000000, 1.000000000000000000 ) ) ;
#3439 = CYLINDRICAL_SURFACE ( 'NONE', #1435, 0.01968503937007875723 ) ;
#3440 = ADVANCED_FACE ( 'NONE', ( #839 ), #5320, .F. ) ;
#3441 = EDGE_LOOP ( 'NONE', ( #8546, #3478, #4386, #2158 ) ) ;
#3442 = CARTESIAN_POINT ( 'NONE',  ( -0.04487640693675144787, -0.2230831398019956224, 0.4264423577628075335 ) ) ;
#3443 = CARTESIAN_POINT ( 'NONE',  ( 0.05486971956625271568, -0.4352242651757104452, 0.5878171478554616858 ) ) ;
#3444 = VECTOR ( 'NONE', #6197, 39.37007874015748143 ) ;
#3445 = LINE ( 'NONE', #2040, #5465 ) ;
#3446 = ADVANCED_FACE ( 'NONE', ( #2023 ), #4038, .T. ) ;
#3447 = CARTESIAN_POINT ( 'NONE',  ( 0.04134479885321703380, -0.5730195407662621587, 0.1909448818887074517 ) ) ;
#3448 = ORIENTED_EDGE ( 'NONE', *, *, #4135, .T. ) ;
#3449 = ORIENTED_EDGE ( 'NONE', *, *, #5227, .F. ) ;
#3450 = CARTESIAN_POINT ( 'NONE',  ( 0.05291018644192458514, -0.4391612730497047035, 0.5869099608424707126 ) ) ;
#3451 = EDGE_LOOP ( 'NONE', ( #5251, #7034, #8600, #5115 ) ) ;
#3452 = CARTESIAN_POINT ( 'NONE',  ( 0.1347691113148997144, -0.3755025787820073235, 0.2674927547181106258 ) ) ;
#3453 = ORIENTED_EDGE ( 'NONE', *, *, #5634, .T. ) ;
#3454 = DIRECTION ( 'NONE',  ( -1.000000000000000000, -9.117121629785411522E-17, 9.282927046011350088E-49 ) ) ;
#3455 = DIRECTION ( 'NONE',  ( -5.059610138265688673E-16, 0.000000000000000000, 1.000000000000000000 ) ) ;
#3456 = ADVANCED_FACE ( 'NONE', ( #3607 ), #3039, .T. ) ;
#3457 = FACE_OUTER_BOUND ( 'NONE', #7856, .T. ) ;
#3458 = ADVANCED_FACE ( 'NONE', ( #3688 ), #4891, .T. ) ;
#3459 = CARTESIAN_POINT ( 'NONE',  ( 0.2342581846799887679, -0.2334526116324033562, 0.7244094488178406399 ) ) ;
#3460 = EDGE_LOOP ( 'NONE', ( #2575, #8566, #2210, #4957 ) ) ;
#3461 = CARTESIAN_POINT ( 'NONE',  ( -0.005899295634972202135, -0.3909329265930334141, 0.4673228346446128278 ) ) ;
#3462 = ORIENTED_EDGE ( 'NONE', *, *, #2108, .T. ) ;
#3463 = DIRECTION ( 'NONE',  ( 1.000000000000000000, 2.001604010742438504E-15, -1.455974579787979394E-44 ) ) ;
#3464 = DIRECTION ( 'NONE',  ( 1.000000000000000000, 0.000000000000000000, 0.000000000000000000 ) ) ;
#3465 = DIRECTION ( 'NONE',  ( 1.000000000000000000, 0.000000000000000000, 0.000000000000000000 ) ) ;
#3466 = CARTESIAN_POINT ( 'NONE',  ( 0.04134479885321702686, -0.2410974499539377813, 0.6029016561127540363 ) ) ;
#3467 = SURFACE_STYLE_USAGE ( .BOTH. , #177 ) ;
#3468 = EDGE_CURVE ( 'NONE', #8316, #7024, #7046, .T. ) ;
#3469 = LINE ( 'NONE', #2913, #2247 ) ;
#3470 = ORIENTED_EDGE ( 'NONE', *, *, #6984, .T. ) ;
#3471 = ORIENTED_EDGE ( 'NONE', *, *, #1590, .T. ) ;
#3472 = DIRECTION ( 'NONE',  ( -8.673617379884036705E-17, 1.000000000000000000, 0.000000000000000000 ) ) ;
#3473 = DIRECTION ( 'NONE',  ( 2.001604010742438504E-15, -1.000000000000000000, -3.138361249059178206E-29 ) ) ;
#3474 = LINE ( 'NONE', #2207, #3166 ) ;
#3475 = PLANE ( 'NONE',  #4811 ) ;
#3476 = LINE ( 'NONE', #6162, #8638 ) ;
#3477 = ADVANCED_FACE ( 'NONE', ( #7735 ), #4219, .F. ) ;
#3478 = ORIENTED_EDGE ( 'NONE', *, *, #5542, .T. ) ;
#3479 = CARTESIAN_POINT ( 'NONE',  ( 0.1331988409162924991, -0.3341185372822550459, 0.2765410145894519056 ) ) ;
#3480 = DIRECTION ( 'NONE',  ( -1.000000000000000000, -9.117121629785412755E-17, 9.282927046011350088E-49 ) ) ;
#3481 =( NAMED_UNIT ( * ) PLANE_ANGLE_UNIT ( ) SI_UNIT ( $, .RADIAN. ) );
#3482 = ORIENTED_EDGE ( 'NONE', *, *, #3072, .F. ) ;
#3483 = CARTESIAN_POINT ( 'NONE',  ( 0.1791400744437680603, -0.1242006431284664036, 0.7283464566918570471 ) ) ;
#3484 = CARTESIAN_POINT ( 'NONE',  ( -0.05163086492314829939, -0.3630573337524443112, 0.2633051886191074553 ) ) ;
#3485 = CARTESIAN_POINT ( 'NONE',  ( 0.1791400744437680603, -0.2167203281678364568, 0.1909448818887075350 ) ) ;
#3486 = EDGE_CURVE ( 'NONE', #5545, #2551, #3193, .T. ) ;
#3487 = CIRCLE ( 'NONE', #4622, 0.007874015748031466463 ) ;
#3488 = FACE_OUTER_BOUND ( 'NONE', #8029, .T. ) ;
#3489 = CARTESIAN_POINT ( 'NONE',  ( 0.08662038940439796553, -0.3604211155694113100, 0.1181102362194161731 ) ) ;
#3490 = VERTEX_POINT ( 'NONE', #8309 ) ;
#3491 = VERTEX_POINT ( 'NONE', #2246 ) ;
#3492 = CARTESIAN_POINT ( 'NONE',  ( -0.1256602571974678728, -0.2177045801363403921, 0.4945052008848328517 ) ) ;
#3493 = EDGE_LOOP ( 'NONE', ( #3597, #4823, #939, #7435 ) ) ;
#3494 = CARTESIAN_POINT ( 'NONE',  ( -0.05140654058049011488, -0.3553474652480367313, 0.2552656002105941901 ) ) ;
#3495 = EDGE_LOOP ( 'NONE', ( #1393, #769, #1829, #8319 ) ) ;
#3496 = VECTOR ( 'NONE', #2701, 39.37007874015748143 ) ;
#3497 = CARTESIAN_POINT ( 'NONE',  ( -0.1476315790995390842, -0.2413266273804349216, 0.6141732283453998908 ) ) ;
#3498 = PLANE ( 'NONE',  #51 ) ;
#3499 = FACE_OUTER_BOUND ( 'NONE', #1620, .T. ) ;
#3500 = DIRECTION ( 'NONE',  ( 1.737850800384704371E-16, 1.000000000000000000, -3.511521488730090573E-17 ) ) ;
#3501 = AXIS2_PLACEMENT_3D ( 'NONE', #3014, #4325, #4994 ) ;
#3502 = ORIENTED_EDGE ( 'NONE', *, *, #8390, .F. ) ;
#3503 = VERTEX_POINT ( 'NONE', #3731 ) ;
#3504 = EDGE_CURVE ( 'NONE', #5523, #1663, #5787, .T. ) ;
#3505 = FACE_OUTER_BOUND ( 'NONE', #7155, .T. ) ;
#3506 = EDGE_CURVE ( 'NONE', #3287, #3752, #352, .T. ) ;
#3507 = FACE_OUTER_BOUND ( 'NONE', #1048, .T. ) ;
#3508 = CARTESIAN_POINT ( 'NONE',  ( -0.03964815091417190490, -0.2854942385994170273, 0.5864977993362252562 ) ) ;
#3509 =( BOUNDED_CURVE ( )  B_SPLINE_CURVE ( 3, ( #8603, #4613, #4784, #8035 ),
 .UNSPECIFIED., .F., .T. ) 
 B_SPLINE_CURVE_WITH_KNOTS ( ( 4, 4 ),
 ( 0.0001655644401838929597, 0.0002438491294257272724 ),
 .UNSPECIFIED. ) 
 CURVE ( )  GEOMETRIC_REPRESENTATION_ITEM ( )  RATIONAL_B_SPLINE_CURVE ( ( 0.5034522725362816642, 0.5045516275913878301, 0.5059135448119558287, 0.5075380241979856599 ) ) 
 REPRESENTATION_ITEM ( '' )  );
#3510 = CIRCLE ( 'NONE', #8563, 0.07086614173228347746 ) ;
#3511 = LINE ( 'NONE', #2944, #2995 ) ;
#3512 =( LENGTH_UNIT ( ) NAMED_UNIT ( * ) SI_UNIT ( $, .METRE. ) );
#3513 = LINE ( 'NONE', #7522, #5889 ) ;
#3514 = ORIENTED_EDGE ( 'NONE', *, *, #485, .F. ) ;
#3515 = ORIENTED_EDGE ( 'NONE', *, *, #1112, .F. ) ;
#3516 = AXIS2_PLACEMENT_3D ( 'NONE', #412, #459, #7710 ) ;
#3517 = CARTESIAN_POINT ( 'NONE',  ( 0.1311012609223290160, -0.2368614841385364433, 0.2165354330698099627 ) ) ;
#3518 = CARTESIAN_POINT ( 'NONE',  ( 0.07087235790833486260, -0.4352242651757104452, 0.5393700787391012552 ) ) ;
#3519 = EDGE_CURVE ( 'NONE', #6815, #1166, #5589, .T. ) ;
#3520 = DIRECTION ( 'NONE',  ( -3.165553788278845126E-17, -0.000000000000000000, -1.000000000000000000 ) ) ;
#3521 = CARTESIAN_POINT ( 'NONE',  ( 0.1555180271996734476, -0.1005785958843719852, 0.1909448818887074795 ) ) ;
#3522 = CARTESIAN_POINT ( 'NONE',  ( -0.1161355161074131004, -0.2344368636009073192, 0.6141732283454004460 ) ) ;
#3523 = CIRCLE ( 'NONE', #2852, 0.007874015748031482076 ) ;
#3524 = AXIS2_PLACEMENT_3D ( 'NONE', #2943, #1052, #253 ) ;
#3525 = ORIENTED_EDGE ( 'NONE', *, *, #8617, .F. ) ;
#3526 = CARTESIAN_POINT ( 'NONE',  ( -0.04452137923701248584, -0.2235673524462897799, 0.4390725203700227564 ) ) ;
#3527 = PLANE ( 'NONE',  #2689 ) ;
#3528 = AXIS2_PLACEMENT_3D ( 'NONE', #6820, #1309, #3681 ) ;
#3529 = AXIS2_PLACEMENT_3D ( 'NONE', #376, #1078, #3795 ) ;
#3530 = ORIENTED_EDGE ( 'NONE', *, *, #752, .F. ) ;
#3531 = CARTESIAN_POINT ( 'NONE',  ( 0.08465188546738983133, -0.6163266273804355322, 0.7519685039359514933 ) ) ;
#3532 = ADVANCED_FACE ( 'NONE', ( #4976 ), #4678, .T. ) ;
#3533 = LINE ( 'NONE', #6939, #3854 ) ;
#3534 = CARTESIAN_POINT ( 'NONE',  ( 0.05266301068548249337, -0.4352242651757101677, 0.5864525608117530098 ) ) ;
#3535 = CIRCLE ( 'NONE', #5364, 0.08622047244094488416 ) ;
#3536 = VECTOR ( 'NONE', #5503, 39.37007874015748143 ) ;
#3537 = LINE ( 'NONE', #2890, #5188 ) ;
#3538 = CARTESIAN_POINT ( 'NONE',  ( 0.1813515671878479230, -0.2334526116324033562, 0.4409448818887066190 ) ) ;
#3539 = ORIENTED_EDGE ( 'NONE', *, *, #5185, .T. ) ;
#3540 = DIRECTION ( 'NONE',  ( 1.228015396737279800E-16, 1.287490079826536515E-18, -1.000000000000000000 ) ) ;
#3541 = ORIENTED_EDGE ( 'NONE', *, *, #867, .T. ) ;
#3542 = DIRECTION ( 'NONE',  ( -1.548403082239695407E-34, -1.000000000000000000, 1.289290469611919642E-18 ) ) ;
#3543 = ADVANCED_FACE ( 'NONE', ( #4695 ), #6711, .F. ) ;
#3544 = VECTOR ( 'NONE', #5944, 39.37007874015748143 ) ;
#3545 = VERTEX_POINT ( 'NONE', #6044 ) ;
#3546 = AXIS2_PLACEMENT_3D ( 'NONE', #4289, #5083, #2972 ) ;
#3547 = DIRECTION ( 'NONE',  ( -1.228015396737279800E-16, -1.287490079826536515E-18, 1.000000000000000000 ) ) ;
#3548 = CARTESIAN_POINT ( 'NONE',  ( 0.08465188546738959541, -0.3525470998213799945, 0.1909448818887074517 ) ) ;
#3549 = CARTESIAN_POINT ( 'NONE',  ( -0.05073356755251559602, -0.3380286735278961174, 0.2712567687316671527 ) ) ;
#3550 = DIRECTION ( 'NONE',  ( -1.737850800384706343E-16, -1.000000000000000000, 6.231570711506253061E-16 ) ) ;
#3551 = ORIENTED_EDGE ( 'NONE', *, *, #5653, .F. ) ;
#3552 = CARTESIAN_POINT ( 'NONE',  ( 0.1988251138138467655, -0.2167203281678364568, 0.6141732283454004460 ) ) ;
#3553 = ORIENTED_EDGE ( 'NONE', *, *, #1394, .T. ) ;
#3554 = CARTESIAN_POINT ( 'NONE',  ( -0.04577127260719273533, -0.2348794026851815653, 0.3974174252465245694 ) ) ;
#3555 = AXIS2_PLACEMENT_3D ( 'NONE', #1921, #7335, #2051 ) ;
#3556 = CARTESIAN_POINT ( 'NONE',  ( 0.08465188546738959541, -0.3525470998213799945, 0.1909448818887074517 ) ) ;
#3557 = DIRECTION ( 'NONE',  ( 1.000000000000000000, 0.000000000000000000, 0.000000000000000000 ) ) ;
#3558 = CARTESIAN_POINT ( 'NONE',  ( 0.04134479885321683257, -0.2226258399788601239, 0.1968503936997311743 ) ) ;
#3559 = CARTESIAN_POINT ( 'NONE',  ( 0.03505264232792779100, -0.4352242651757104452, 0.5856526240141930462 ) ) ;
#3560 = CARTESIAN_POINT ( 'NONE',  ( -0.08267094917827931544, -0.2255785958843719297, 0.6563573971837344256 ) ) ;
#3561 = ADVANCED_FACE ( 'NONE', ( #1759 ), #394, .F. ) ;
#3562 = ORIENTED_EDGE ( 'NONE', *, *, #1170, .F. ) ;
#3563 = ORIENTED_EDGE ( 'NONE', *, *, #5871, .T. ) ;
#3564 = DIRECTION ( 'NONE',  ( -1.000000000000000000, 0.000000000000000000, 0.000000000000000000 ) ) ;
#3565 = CARTESIAN_POINT ( 'NONE',  ( 0.1284608703136276842, -0.2412089842648444116, 0.4021010692366926431 ) ) ;
#3566 = LINE ( 'NONE', #5592, #491 ) ;
#3567 = DIRECTION ( 'NONE',  ( -1.000000000000000000, 0.000000000000000000, 0.000000000000000000 ) ) ;
#3568 = FACE_OUTER_BOUND ( 'NONE', #7411, .T. ) ;
#3569 = AXIS2_PLACEMENT_3D ( 'NONE', #7982, #2532, #4650 ) ;
#3570 = EDGE_CURVE ( 'NONE', #2482, #8258, #5104, .T. ) ;
#3571 = ORIENTED_EDGE ( 'NONE', *, *, #1461, .F. ) ;
#3572 = EDGE_LOOP ( 'NONE', ( #8555, #5034, #1919, #5703, #391, #8226 ) ) ;
#3573 = LINE ( 'NONE', #3005, #7334 ) ;
#3574 = CIRCLE ( 'NONE', #1465, 0.01574803149606310293 ) ;
#3575 = LINE ( 'NONE', #6268, #5810 ) ;
#3576 = VERTEX_POINT ( 'NONE', #1298 ) ;
#3577 = DIRECTION ( 'NONE',  ( 1.716572833537972315E-33, -1.882801286680184389E-17, 1.000000000000000000 ) ) ;
#3578 = FACE_OUTER_BOUND ( 'NONE', #2782, .T. ) ;
#3579 = CARTESIAN_POINT ( 'NONE',  ( 0.001974720113059212287, -0.3909329265930334141, 0.5696850393690224834 ) ) ;
#3580 = AXIS2_PLACEMENT_3D ( 'NONE', #1503, #6927, #7652 ) ;
#3581 = LINE ( 'NONE', #1603, #2657 ) ;
#3582 = EDGE_CURVE ( 'NONE', #294, #6029, #1097, .T. ) ;
#3583 = DIRECTION ( 'NONE',  ( 0.000000000000000000, 0.000000000000000000, -1.000000000000000000 ) ) ;
#3584 = ORIENTED_EDGE ( 'NONE', *, *, #7741, .T. ) ;
#3585 = CARTESIAN_POINT ( 'NONE',  ( 0.1197264916060260670, -0.1479384335102920112, 0.03937007873910122052 ) ) ;
#3586 = VERTEX_POINT ( 'NONE', #1953 ) ;
#3587 = CARTESIAN_POINT ( 'NONE',  ( 0.1334234227972932174, -0.3380872069484976428, 0.2713113649375509251 ) ) ;
#3588 = VECTOR ( 'NONE', #1210, 39.37007874015748143 ) ;
#3589 = CARTESIAN_POINT ( 'NONE',  ( 0.1555180271996734476, -0.3525470998213799945, 0.2027559055107547303 ) ) ;
#3590 = CARTESIAN_POINT ( 'NONE',  ( 0.07087235790833484872, -0.4352242651757104452, 0.5984251968493373708 ) ) ;
#3591 = CARTESIAN_POINT ( 'NONE',  ( -0.1259780357924523975, -0.2177045801363403921, 0.5078740157469746608 ) ) ;
#3592 = EDGE_CURVE ( 'NONE', #7870, #8340, #8074, .T. ) ;
#3593 = VECTOR ( 'NONE', #410, 39.37007874015748143 ) ;
#3594 = DIRECTION ( 'NONE',  ( 0.000000000000000000, 1.734723475976806463E-14, -1.000000000000000000 ) ) ;
#3595 = ORIENTED_EDGE ( 'NONE', *, *, #7316, .T. ) ;
#3596 = ORIENTED_EDGE ( 'NONE', *, *, #1539, .T. ) ;
#3597 = ORIENTED_EDGE ( 'NONE', *, *, #1768, .T. ) ;
#3598 = CARTESIAN_POINT ( 'NONE',  ( 0.004251823775452477465, -0.1323660784614032471, 2.084822950653617557 ) ) ;
#3599 = DIRECTION ( 'NONE',  ( 1.000000000000000000, 0.000000000000000000, 0.000000000000000000 ) ) ;
#3600 = CYLINDRICAL_SURFACE ( 'NONE', #152, 0.01574803149606289823 ) ;
#3601 = LINE ( 'NONE', #6199, #4969 ) ;
#3602 = B_SPLINE_CURVE_WITH_KNOTS ( 'NONE', 3,
 ( #6258, #6343, #2916, #3290 ),
 .UNSPECIFIED., .F., .F.,
 ( 4, 4 ),
 ( 0.000000000000000000, 1.000000000000000000 ),
 .UNSPECIFIED. ) ;
#3603 = CARTESIAN_POINT ( 'NONE',  ( 0.03534863969915230664, -0.4352242651757102787, 0.5874534286669548244 ) ) ;
#3604 = EDGE_CURVE ( 'NONE', #5439, #7548, #4489, .T. ) ;
#3605 = CARTESIAN_POINT ( 'NONE',  ( 0.2503739793486652876, -0.3594368636009073192, 0.2952755905501244227 ) ) ;
#3606 = ORIENTED_EDGE ( 'NONE', *, *, #402, .F. ) ;
#3607 = FACE_OUTER_BOUND ( 'NONE', #6445, .T. ) ;
#3608 = DIRECTION ( 'NONE',  ( 1.000000000000000000, 9.117121629785412755E-17, -9.282927046011350088E-49 ) ) ;
#3609 = CYLINDRICAL_SURFACE ( 'NONE', #1755, 0.01181102362204730985 ) ;
#3610 = DIRECTION ( 'NONE',  ( 0.000000000000000000, 0.000000000000000000, 1.000000000000000000 ) ) ;
#3611 = CARTESIAN_POINT ( 'NONE',  ( -0.04723787831213737548, -0.2255785958843719574, 0.6552204342621905653 ) ) ;
#3612 = VERTEX_POINT ( 'NONE', #7330 ) ;
#3613 = ORIENTED_EDGE ( 'NONE', *, *, #7975, .T. ) ;
#3614 = SURFACE_SIDE_STYLE ('',( #6842 ) ) ;
#3615 = ORIENTED_EDGE ( 'NONE', *, *, #5826, .F. ) ;
#3616 = CARTESIAN_POINT ( 'NONE',  ( 0.1284608703136277119, -0.2348794026851819816, 0.3974174252465250690 ) ) ;
#3617 = CARTESIAN_POINT ( 'NONE',  ( 0.04027137467282598110, -0.2383174032549201515, 0.6382254986466056046 ) ) ;
#3618 = EDGE_CURVE ( 'NONE', #2562, #3317, #449, .T. ) ;
#3619 = CARTESIAN_POINT ( 'NONE',  ( 0.05323943942766173887, -0.4352242651757101677, 0.5872516013851175609 ) ) ;
#3620 = ADVANCED_FACE ( 'NONE', ( #2710 ), #1995, .F. ) ;
#3621 = CARTESIAN_POINT ( 'NONE',  ( -0.05320113532175550775, -0.3948699344670489886, 0.2952755905501241451 ) ) ;
#3622 = DIRECTION ( 'NONE',  ( -1.228015396737279800E-16, -1.287490079826536515E-18, 1.000000000000000000 ) ) ;
#3623 = ORIENTED_EDGE ( 'NONE', *, *, #6949, .F. ) ;
#3624 = SURFACE_STYLE_FILL_AREA ( #5607 ) ;
#3625 = ORIENTED_EDGE ( 'NONE', *, *, #7368, .T. ) ;
#3626 = LINE ( 'NONE', #7672, #7476 ) ;
#3627 = ADVANCED_FACE ( 'NONE', ( #6756 ), #6281, .T. ) ;
#3628 = VECTOR ( 'NONE', #2320, 39.37007874015748143 ) ;
#3629 = CARTESIAN_POINT ( 'NONE',  ( -0.07282842949323992121, -0.1005785958843719852, 0.1909448818887074795 ) ) ;
#3630 = FACE_OUTER_BOUND ( 'NONE', #3007, .T. ) ;
#3631 = CARTESIAN_POINT ( 'NONE',  ( -0.1003874846113500946, -0.3988069423410648406, 0.2952755905501244227 ) ) ;
#3632 = ORIENTED_EDGE ( 'NONE', *, *, #7029, .T. ) ;
#3633 = VECTOR ( 'NONE', #4962, 39.37007874015748143 ) ;
#3634 = ORIENTED_EDGE ( 'NONE', *, *, #1074, .T. ) ;
#3635 = EDGE_LOOP ( 'NONE', ( #3394, #6042, #7364, #4768, #7361, #4931, #5445, #7239, #1550, #7225, #4693, #3207, #5680, #656, #201, #1655, #6644, #7746, #684, #4697, #3921, #3595, #6666, #99, #7487, #2376 ) ) ;
#3636 = CARTESIAN_POINT ( 'NONE',  ( -0.1013717365798540299, -0.3879801706875215528, 0.3562992125973689084 ) ) ;
#3637 = EDGE_CURVE ( 'NONE', #4495, #513, #69, .T. ) ;
#3638 = CARTESIAN_POINT ( 'NONE',  ( -0.04061438586688486535, -0.2440531768772172816, 0.5649339888937706666 ) ) ;
#3639 = CARTESIAN_POINT ( 'NONE',  ( 0.1840613342862877366, -0.3879801706875215528, 0.3562992125973689084 ) ) ;
#3640 = AXIS2_PLACEMENT_3D ( 'NONE', #4465, #7150, #6017 ) ;
#3641 = DIRECTION ( 'NONE',  ( -1.000000000000000000, -1.445602896647339410E-16, 0.000000000000000000 ) ) ;
#3642 = CYLINDRICAL_SURFACE ( 'NONE', #7299, 0.03937007874015751446 ) ;
#3643 = ORIENTED_EDGE ( 'NONE', *, *, #3756, .F. ) ;
#3644 = CARTESIAN_POINT ( 'NONE',  ( 0.02968491813081251471, -0.4391612730497747585, 0.5875383296066506444 ) ) ;
#3645 = AXIS2_PLACEMENT_3D ( 'NONE', #2937, #2764, #7467 ) ;
#3646 = CARTESIAN_POINT ( 'NONE',  ( 0.1273423322032097571, -0.2307415343583428258, 0.4342361980180415304 ) ) ;
#3647 = EDGE_CURVE ( 'NONE', #3319, #1202, #157, .T. ) ;
#3648 = DIRECTION ( 'NONE',  ( -1.000000000000000000, 0.000000000000000000, 0.000000000000000000 ) ) ;
#3649 = CARTESIAN_POINT ( 'NONE',  ( -0.04442897410153092558, -0.2241060518434480620, 0.4422916610307018326 ) ) ;
#3650 = CIRCLE ( 'NONE', #4513, 0.02362204724409448092 ) ;
#3651 = ORIENTED_EDGE ( 'NONE', *, *, #5742, .F. ) ;
#3652 = ORIENTED_EDGE ( 'NONE', *, *, #7553, .F. ) ;
#3653 = LINE ( 'NONE', #5681, #3254 ) ;
#3654 = DIRECTION ( 'NONE',  ( -8.673617379884036705E-17, 1.000000000000000000, 0.000000000000000000 ) ) ;
#3655 = ORIENTED_EDGE ( 'NONE', *, *, #6912, .F. ) ;
#3656 = CARTESIAN_POINT ( 'NONE',  ( 0.05486971956625271568, -0.4352242651757106118, 0.5878171478554616858 ) ) ;
#3657 = CARTESIAN_POINT ( 'NONE',  ( 0.04134479885321676318, -0.4184919817111423246, 0.3966360190930242058 ) ) ;
#3658 = EDGE_CURVE ( 'NONE', #8340, #3017, #7547, .T. ) ;
#3659 = VECTOR ( 'NONE', #8235, 39.37007874015748143 ) ;
#3660 = DIRECTION ( 'NONE',  ( 0.000000000000000000, 0.000000000000000000, -1.000000000000000000 ) ) ;
#3661 = CARTESIAN_POINT ( 'NONE',  ( 0.1271185718079657079, -0.2241060518434477844, 0.4422916610307021101 ) ) ;
#3662 = AXIS2_PLACEMENT_3D ( 'NONE', #6600, #7962, #6645 ) ;
#3663 = CARTESIAN_POINT ( 'NONE',  ( 0.04528180672723269157, -0.2410974499539382809, 0.6029016561127540363 ) ) ;
#3664 = VECTOR ( 'NONE', #949, 39.37007874015748143 ) ;
#3665 = EDGE_CURVE ( 'NONE', #7294, #2884, #5437, .T. ) ;
#3666 = EDGE_CURVE ( 'NONE', #6580, #7436, #3523, .T. ) ;
#3667 = EDGE_LOOP ( 'NONE', ( #7054, #266, #4571, #6306 ) ) ;
#3668 = ORIENTED_EDGE ( 'NONE', *, *, #6605, .T. ) ;
#3669 = CARTESIAN_POINT ( 'NONE',  ( 0.1223377486206061460, -0.1461389239612173319, 0.6124790495147410807 ) ) ;
#3670 = CARTESIAN_POINT ( 'NONE',  ( 0.1594550350736892996, -0.2226258399788601239, 0.1417322834635106887 ) ) ;
#3671 = CIRCLE ( 'NONE', #4526, 0.02362204724409461970 ) ;
#3672 = VECTOR ( 'NONE', #8449, 39.37007874015748143 ) ;
#3673 = SURFACE_SIDE_STYLE ('',( #5173 ) ) ;
#3674 = FACE_OUTER_BOUND ( 'NONE', #638, .T. ) ;
#3675 = FACE_OUTER_BOUND ( 'NONE', #4591, .T. ) ;
#3676 = ADVANCED_FACE ( 'NONE', ( #6137, #1521 ), #6948, .F. ) ;
#3677 = EDGE_LOOP ( 'NONE', ( #3436, #7852, #8588, #3651, #3717, #2677, #3060, #735, #1997, #7928, #1047, #3829, #6567, #406, #5635, #156, #109, #5474, #6074, #4479 ) ) ;
#3678 = AXIS2_PLACEMENT_3D ( 'NONE', #7354, #5375, #7232 ) ;
#3679 = AXIS2_PLACEMENT_3D ( 'NONE', #8549, #5867, #586 ) ;
#3680 = EDGE_LOOP ( 'NONE', ( #5510, #4296 ) ) ;
#3681 = DIRECTION ( 'NONE',  ( 1.737850800384704371E-16, 1.000000000000000000, -3.511521488730090573E-17 ) ) ;
#3682 = CARTESIAN_POINT ( 'NONE',  ( -0.04055346614066086125, -0.2439560850262924574, 0.5665792536174073524 ) ) ;
#3683 = DIRECTION ( 'NONE',  ( -1.000000000000000000, -1.445602896647339410E-16, 0.000000000000000000 ) ) ;
#3684 = CARTESIAN_POINT ( 'NONE',  ( 0.03708518272498224216, -0.3751848950969702279, 0.3910328375571573423 ) ) ;
#3685 = CARTESIAN_POINT ( 'NONE',  ( -0.04165493403575133008, -0.2588389645481322665, 0.2165354330698099072 ) ) ;
#3686 = ADVANCED_FACE ( 'NONE', ( #204 ), #2756, .T. ) ;
#3687 = ORIENTED_EDGE ( 'NONE', *, *, #2888, .F. ) ;
#3688 = FACE_OUTER_BOUND ( 'NONE', #6168, .T. ) ;
#3689 = DIRECTION ( 'NONE',  ( 2.823629956698363985E-15, 0.07845909572785313146, 0.9969173337331272977 ) ) ;
#3690 = CARTESIAN_POINT ( 'NONE',  ( 0.08465188546738987296, -0.3988069423410648406, 0.7401574803139043812 ) ) ;
#3691 = LINE ( 'NONE', #2368, #7338 ) ;
#3692 = CARTESIAN_POINT ( 'NONE',  ( -0.05414889198526037090, -0.2255785958843719852, 0.6432349881607963837 ) ) ;
#3693 = VERTEX_POINT ( 'NONE', #6854 ) ;
#3694 = VECTOR ( 'NONE', #6282, 39.37007874015748854 ) ;
#3695 = EDGE_CURVE ( 'NONE', #3134, #6223, #7692, .T. ) ;
#3696 = ORIENTED_EDGE ( 'NONE', *, *, #5286, .F. ) ;
#3697 = ORIENTED_EDGE ( 'NONE', *, *, #1240, .T. ) ;
#3698 = ORIENTED_EDGE ( 'NONE', *, *, #6679, .F. ) ;
#3699 = LINE ( 'NONE', #7831, #3154 ) ;
#3700 = ORIENTED_EDGE ( 'NONE', *, *, #1693, .T. ) ;
#3701 = DIRECTION ( 'NONE',  ( 0.000000000000000000, 0.000000000000000000, 1.000000000000000000 ) ) ;
#3702 = AXIS2_PLACEMENT_3D ( 'NONE', #214, #6769, #6246 ) ;
#3703 = DIRECTION ( 'NONE',  ( -1.000000000000000000, 0.000000000000000000, 0.000000000000000000 ) ) ;
#3704 = CARTESIAN_POINT ( 'NONE',  ( 0.1232430638470951856, -0.2518058278115926640, 0.5671970417727444369 ) ) ;
#3705 = CARTESIAN_POINT ( 'NONE',  ( 0.05472083211063606678, -0.4352242651757101122, 0.5878116323286508571 ) ) ;
#3706 = LINE ( 'NONE', #2384, #5744 ) ;
#3707 = CIRCLE ( 'NONE', #1321, 0.01181102362204720403 ) ;
#3708 = CARTESIAN_POINT ( 'NONE',  ( 0.04489743242432789327, -0.2412566156259148553, 0.6008792644976490571 ) ) ;
#3709 = ORIENTED_EDGE ( 'NONE', *, *, #3283, .F. ) ;
#3710 = LINE ( 'NONE', #4287, #869 ) ;
#3711 = ORIENTED_EDGE ( 'NONE', *, *, #5624, .T. ) ;
#3712 = CARTESIAN_POINT ( 'NONE',  ( 0.1223377486206055353, -0.2911047866543607920, 0.5882200838239475260 ) ) ;
#3713 = AXIS2_PLACEMENT_3D ( 'NONE', #261, #8230, #3648 ) ;
#3714 = DIRECTION ( 'NONE',  ( -1.000000000000000000, 1.737850800384704371E-16, -3.330669073875469621E-16 ) ) ;
#3715 = LINE ( 'NONE', #3068, #1537 ) ;
#3716 = CARTESIAN_POINT ( 'NONE',  ( 0.05556177173160704863, -0.4391612730497262418, 0.5894575678029682075 ) ) ;
#3717 = ORIENTED_EDGE ( 'NONE', *, *, #4308, .F. ) ;
#3718 = ORIENTED_EDGE ( 'NONE', *, *, #8078, .T. ) ;
#3719 = VECTOR ( 'NONE', #3755, 39.37007874015748143 ) ;
#3720 = LINE ( 'NONE', #3029, #6956 ) ;
#3721 = ORIENTED_EDGE ( 'NONE', *, *, #1500, .F. ) ;
#3722 = PLANE ( 'NONE',  #8443 ) ;
#3723 = DIRECTION ( 'NONE',  ( 0.000000000000000000, 1.000000000000000000, 0.000000000000000000 ) ) ;
#3724 = EDGE_CURVE ( 'NONE', #2765, #579, #3093, .T. ) ;
#3725 = DIRECTION ( 'NONE',  ( -0.02941952677910154509, -0.07842513486858034011, -0.9964858201022925854 ) ) ;
#3726 = ADVANCED_FACE ( 'NONE', ( #6091 ), #7720, .T. ) ;
#3727 = VECTOR ( 'NONE', #2117, 39.37007874015748143 ) ;
#3728 = DIRECTION ( 'NONE',  ( -1.927470528863116583E-15, -1.000000000000000000, 0.000000000000000000 ) ) ;
#3729 = CARTESIAN_POINT ( 'NONE',  ( -0.1397575633515073801, -0.2334526116324034117, 0.7283464566918566030 ) ) ;
#3730 = EDGE_LOOP ( 'NONE', ( #4028, #2303, #2541, #585 ) ) ;
#3731 = CARTESIAN_POINT ( 'NONE',  ( 0.02767463262399549873, -0.4391612730497263528, 0.5878171478554615748 ) ) ;
#3732 = CARTESIAN_POINT ( 'NONE',  ( 0.2342581846799887679, -0.2177045801363403643, 0.6141732283453995578 ) ) ;
#3733 = CARTESIAN_POINT ( 'NONE',  ( 0.001974720113059246548, -0.3988069423410645631, 0.4594488188965814013 ) ) ;
#3734 = LINE ( 'NONE', #8395, #6216 ) ;
#3735 = EDGE_CURVE ( 'NONE', #470, #6090, #8466, .T. ) ;
#3736 = VERTEX_POINT ( 'NONE', #1691 ) ;
#3737 = ORIENTED_EDGE ( 'NONE', *, *, #7951, .F. ) ;
#3738 = EDGE_LOOP ( 'NONE', ( #7999, #613, #2956, #4360 ) ) ;
#3739 = ORIENTED_EDGE ( 'NONE', *, *, #7187, .T. ) ;
#3740 = CARTESIAN_POINT ( 'NONE',  ( -0.09645047673733433968, -0.2167203281678364568, 0.6141732283454004460 ) ) ;
#3741 = ORIENTED_EDGE ( 'NONE', *, *, #5334, .F. ) ;
#3742 = CARTESIAN_POINT ( 'NONE',  ( 0.05360645665353474393, -0.4352242651757106118, 0.5875030374779610653 ) ) ;
#3743 = CLOSED_SHELL ( 'NONE', ( #2174, #4966, #732, #4612, #4355, #1313, #5021, #4115, #8499, #1757, #4172, #6518, #8433, #7337, #3112, #1281, #515, #3868, #547, #2577, #3102, #3446, #7739, #2631, #6974, #5978, #6037, #5106, #6795, #4604, #3123, #7591, #1548, #3477, #1301, #3869, #7079, #3543, #8398, #6569, #7938, #6763 ) ) ;
#3744 = CARTESIAN_POINT ( 'NONE',  ( 0.1271185718079657356, -0.2318720802020083072, 0.4409920735829792049 ) ) ;
#3745 = DIRECTION ( 'NONE',  ( -1.000000000000000000, 0.000000000000000000, 0.000000000000000000 ) ) ;
#3746 = CARTESIAN_POINT ( 'NONE',  ( 0.07087235790833486260, -0.4352242651757104452, 0.5393700787391012552 ) ) ;
#3747 = EDGE_CURVE ( 'NONE', #6874, #8666, #993, .T. ) ;
#3748 = CARTESIAN_POINT ( 'NONE',  ( -0.005899295634972202135, -0.3909329265930334141, 0.4673228346446128278 ) ) ;
#3749 = LINE ( 'NONE', #4995, #5484 ) ;
#3750 = EDGE_LOOP ( 'NONE', ( #6936, #5765, #329, #4022 ) ) ;
#3751 =( NAMED_UNIT ( * ) PLANE_ANGLE_UNIT ( ) SI_UNIT ( $, .RADIAN. ) );
#3752 = VERTEX_POINT ( 'NONE', #4379 ) ;
#3753 = DIRECTION ( 'NONE',  ( -1.000000000000000000, 0.000000000000000000, 0.000000000000000000 ) ) ;
#3754 = DIRECTION ( 'NONE',  ( 1.000000000000000000, -4.510573100380431801E-15, 3.330669073875498711E-16 ) ) ;
#3755 = DIRECTION ( 'NONE',  ( 1.110223024625156294E-16, -1.000000000000000000, -7.425991029036739954E-17 ) ) ;
#3756 = EDGE_CURVE ( 'NONE', #4107, #4437, #1039, .T. ) ;
#3757 = EDGE_CURVE ( 'NONE', #2751, #4144, #6218, .T. ) ;
#3758 = DIRECTION ( 'NONE',  ( 1.716572833537972315E-33, -1.882801286680184389E-17, 1.000000000000000000 ) ) ;
#3759 = DIRECTION ( 'NONE',  ( 1.971276677246374231E-16, 0.000000000000000000, -1.000000000000000000 ) ) ;
#3760 = FACE_BOUND ( 'NONE', #8248, .T. ) ;
#3761 = ORIENTED_EDGE ( 'NONE', *, *, #719, .F. ) ;
#3762 = ORIENTED_EDGE ( 'NONE', *, *, #8323, .F. ) ;
#3763 = ORIENTED_EDGE ( 'NONE', *, *, #5846, .T. ) ;
#3764 = CARTESIAN_POINT ( 'NONE',  ( -0.04077622020589145857, -0.2517472136428064999, 0.5597611877368040556 ) ) ;
#3765 = DIRECTION ( 'NONE',  ( 0.000000000000000000, 0.000000000000000000, -1.000000000000000000 ) ) ;
#3766 = CARTESIAN_POINT ( 'NONE',  ( 0.04753054907193950823, -0.4391612730497262418, 0.5730533683279025459 ) ) ;
#3767 = DIRECTION ( 'NONE',  ( -1.000000000000000000, -9.117121629785412755E-17, 6.842277657836020854E-49 ) ) ;
#3768 = VECTOR ( 'NONE', #5540, 39.37007874015748143 ) ;
#3769 = ORIENTED_EDGE ( 'NONE', *, *, #7901, .T. ) ;
#3770 = ADVANCED_FACE ( 'NONE', ( #4999 ), #951, .F. ) ;
#3771 = EDGE_CURVE ( 'NONE', #8582, #6367, #6989, .T. ) ;
#3772 = CARTESIAN_POINT ( 'NONE',  ( 0.03517155053414011689, -0.4352242651757105563, 0.5852554684244477556 ) ) ;
#3773 = CARTESIAN_POINT ( 'NONE',  ( -0.05511189406016906572, -0.3909329265930334141, 0.3582677165343768344 ) ) ;
#3774 = LINE ( 'NONE', #6470, #6970 ) ;
#3775 = LINE ( 'NONE', #4269, #1716 ) ;
#3776 = VECTOR ( 'NONE', #1873, 39.37007874015748143 ) ;
#3777 = ORIENTED_EDGE ( 'NONE', *, *, #7198, .T. ) ;
#3778 = ORIENTED_EDGE ( 'NONE', *, *, #7405, .F. ) ;
#3779 = ORIENTED_EDGE ( 'NONE', *, *, #8543, .F. ) ;
#3780 = VECTOR ( 'NONE', #5543, 39.37007874015748143 ) ;
#3781 = VERTEX_POINT ( 'NONE', #7027 ) ;
#3782 = EDGE_CURVE ( 'NONE', #154, #1260, #3150, .T. ) ;
#3783 = DIRECTION ( 'NONE',  ( -1.000000000000000000, 1.737850800384704371E-16, -3.330669073875469621E-16 ) ) ;
#3784 = DIRECTION ( 'NONE',  ( 1.737850800384704371E-16, 1.000000000000000000, -1.448216729911410023E-17 ) ) ;
#3785 = ORIENTED_EDGE ( 'NONE', *, *, #1734, .F. ) ;
#3786 = CARTESIAN_POINT ( 'NONE',  ( 0.05323943942766173887, -0.4391612730497263528, 0.5872516013851175609 ) ) ;
#3787 = DIRECTION ( 'NONE',  ( -9.117121629785412755E-17, 1.000000000000000000, 1.882801286680184389E-17 ) ) ;
#3788 = CARTESIAN_POINT ( 'NONE',  ( -0.1003874846113501362, -0.3909329265930334141, 0.3582677165343765568 ) ) ;
#3789 = PLANE ( 'NONE',  #8084 ) ;
#3790 = VECTOR ( 'NONE', #7634, 39.37007874015748143 ) ;
#3791 = CARTESIAN_POINT ( 'NONE',  ( 0.2381951925540042869, -0.1242006431284664036, 0.7283464566918570471 ) ) ;
#3792 = CARTESIAN_POINT ( 'NONE',  ( 0.04335993521270885970, -0.2413751264759375903, 0.5993734413738034394 ) ) ;
#3793 = EDGE_CURVE ( 'NONE', #8693, #4113, #1650, .T. ) ;
#3794 = ORIENTED_EDGE ( 'NONE', *, *, #289, .F. ) ;
#3795 = DIRECTION ( 'NONE',  ( 1.219727444046199982E-15, 0.000000000000000000, -1.000000000000000000 ) ) ;
#3796 = VECTOR ( 'NONE', #8595, 39.37007874015748143 ) ;
#3797 = ORIENTED_EDGE ( 'NONE', *, *, #2300, .F. ) ;
#3798 = DIRECTION ( 'NONE',  ( -1.716572833537972315E-33, 1.882801286680184389E-17, -1.000000000000000000 ) ) ;
#3799 = DIRECTION ( 'NONE',  ( 3.330669073875469621E-16, -3.511521488730100433E-17, -1.000000000000000000 ) ) ;
#3800 = CARTESIAN_POINT ( 'NONE',  ( 0.04134479885321702686, -0.2489471927392382933, 0.6035194442680913429 ) ) ;
#3801 = VECTOR ( 'NONE', #5972, 39.37007874015748854 ) ;
#3802 = AXIS2_PLACEMENT_3D ( 'NONE', #6997, #1622, #3557 ) ;
#3803 = CARTESIAN_POINT ( 'NONE',  ( 0.04735112814018097721, -0.4391612730497262418, 0.5878171478554616858 ) ) ;
#3804 = CARTESIAN_POINT ( 'NONE',  ( 0.08071487759337428458, -0.3840431628135057562, 0.5393700787391012552 ) ) ;
#3805 = VERTEX_POINT ( 'NONE', #7116 ) ;
#3806 = EDGE_CURVE ( 'NONE', #1105, #7870, #3626, .T. ) ;
#3807 = EDGE_CURVE ( 'NONE', #2265, #2193, #1969, .T. ) ;
#3808 = EDGE_LOOP ( 'NONE', ( #4522, #512, #3235, #5502 ) ) ;
#3809 = AXIS2_PLACEMENT_3D ( 'NONE', #4934, #970, #2327 ) ;
#3810 = LINE ( 'NONE', #5876, #5951 ) ;
#3811 = EDGE_LOOP ( 'NONE', ( #6269, #7953, #2110, #6305, #2533, #6033, #3562, #1318, #7124, #6019, #6519, #6067, #2000, #6758, #1739, #7248 ) ) ;
#3812 = TOROIDAL_SURFACE ( 'NONE', #7205, 0.006046844034891110838, 0.01574803149606307170 ) ;
#3813 = CARTESIAN_POINT ( 'NONE',  ( 0.1830770823177836348, -1.445962891180036403, 0.2952755905501244227 ) ) ;
#3814 =( NAMED_UNIT ( * ) PLANE_ANGLE_UNIT ( ) SI_UNIT ( $, .RADIAN. ) );
#3815 = CARTESIAN_POINT ( 'NONE',  ( 0.03890523165182181026, -0.3751848950969702279, 0.3843122658512915235 ) ) ;
#3816 = CIRCLE ( 'NONE', #5222, 0.01968503937007875723 ) ;
#3817 = CARTESIAN_POINT ( 'NONE',  ( 0.02711502028763979055, -0.3123846226602399745, 0.2165354330698099627 ) ) ;
#3818 = VECTOR ( 'NONE', #4872, 39.37007874015748143 ) ;
#3819 = EDGE_LOOP ( 'NONE', ( #5908, #7920, #5595, #3563 ) ) ;
#3820 = EDGE_CURVE ( 'NONE', #3612, #7313, #8630, .T. ) ;
#3821 = DIRECTION ( 'NONE',  ( 0.03031934962942752984, -6.281396332905003101E-16, -0.9995402628398960543 ) ) ;
#3822 = CARTESIAN_POINT ( 'NONE',  ( 0.08071487759337428458, -0.3840431628135057562, 0.4606299212587862679 ) ) ;
#3823 = AXIS2_PLACEMENT_3D ( 'NONE', #3434, #2208, #6928 ) ;
#3824 = PLANE ( 'NONE',  #4850 ) ;
#3825 = CARTESIAN_POINT ( 'NONE',  ( -0.1476315790995390842, -0.2177045801363404198, 0.7204724409438251209 ) ) ;
#3826 = ORIENTED_EDGE ( 'NONE', *, *, #1903, .T. ) ;
#3827 = ADVANCED_FACE ( 'NONE', ( #3887 ), #4638, .F. ) ;
#3828 = ORIENTED_EDGE ( 'NONE', *, *, #7927, .T. ) ;
#3829 = ORIENTED_EDGE ( 'NONE', *, *, #6086, .F. ) ;
#3830 = ORIENTED_EDGE ( 'NONE', *, *, #506, .F. ) ;
#3831 = CARTESIAN_POINT ( 'NONE',  ( 0.2381951925540042869, -0.2344368636009073192, 0.7283464566918570471 ) ) ;
#3832 = ORIENTED_EDGE ( 'NONE', *, *, #7209, .F. ) ;
#3833 = FACE_BOUND ( 'NONE', #6311, .T. ) ;
#3834 = DIRECTION ( 'NONE',  ( 0.000000000000000000, 1.000000000000000000, 0.000000000000000000 ) ) ;
#3835 = CARTESIAN_POINT ( 'NONE',  ( 0.02999258172665013669, -0.4352242651757101122, 0.5873433044367819544 ) ) ;
#3836 = DIRECTION ( 'NONE',  ( -9.117121629785412755E-17, 1.000000000000000000, 1.882801286680184389E-17 ) ) ;
#3837 = VECTOR ( 'NONE', #8679, 39.37007874015748143 ) ;
#3838 = ADVANCED_FACE ( 'NONE', ( #2647 ), #3228, .F. ) ;
#3839 = CARTESIAN_POINT ( 'NONE',  ( 0.03063025143567104161, -0.4352242651757104452, 0.5866810932698544034 ) ) ;
#3840 = ORIENTED_EDGE ( 'NONE', *, *, #6341, .F. ) ;
#3841 = CARTESIAN_POINT ( 'NONE',  ( 0.03786745031865866584, -0.4391612730497262418, 0.5730533683279025459 ) ) ;
#3842 = AXIS2_PLACEMENT_3D ( 'NONE', #4915, #284, #2803 ) ;
#3843 = ORIENTED_EDGE ( 'NONE', *, *, #5665, .T. ) ;
#3844 = DIRECTION ( 'NONE',  ( -3.330669073875469621E-16, 1.448216729911415878E-17, 1.000000000000000000 ) ) ;
#3845 = CARTESIAN_POINT ( 'NONE',  ( -0.05073382519983417327, -0.3326822397345470805, 0.2652444767632581857 ) ) ;
#3846 = CARTESIAN_POINT ( 'NONE',  ( -0.02952134287918121644, -0.2226258399788601239, 0.02362204724382238955 ) ) ;
#3847 = EDGE_CURVE ( 'NONE', #4194, #4888, #1990, .T. ) ;
#3848 = CIRCLE ( 'NONE', #6095, 0.04330708661417310285 ) ;
#3849 = CARTESIAN_POINT ( 'NONE',  ( 0.03770511709468666456, -0.4391612730497262418, 0.5746937882754090676 ) ) ;
#3850 = DIRECTION ( 'NONE',  ( -1.000000000000000000, -9.117121629785411522E-17, 9.282927046011350088E-49 ) ) ;
#3851 = ORIENTED_EDGE ( 'NONE', *, *, #4808, .T. ) ;
#3852 = ORIENTED_EDGE ( 'NONE', *, *, #619, .T. ) ;
#3853 = ORIENTED_EDGE ( 'NONE', *, *, #3140, .T. ) ;
#3854 = VECTOR ( 'NONE', #1642, 39.37007874015748143 ) ;
#3855 = DIRECTION ( 'NONE',  ( 1.411854421747038033E-17, 7.425991029036739954E-17, -1.000000000000000000 ) ) ;
#3856 = ORIENTED_EDGE ( 'NONE', *, *, #3990, .F. ) ;
#3857 = CARTESIAN_POINT ( 'NONE',  ( -0.07676543736725569000, -0.3879801706875215528, 0.7283464566918570471 ) ) ;
#3858 = CARTESIAN_POINT ( 'NONE',  ( 0.08465188546738983133, -0.6163266273804355322, 0.7519685039359514933 ) ) ;
#3859 = EDGE_CURVE ( 'NONE', #7548, #2224, #2521, .T. ) ;
#3860 = CARTESIAN_POINT ( 'NONE',  ( 0.07395040732933058636, -0.1381452611053314572, 0.2165354330698099350 ) ) ;
#3861 = AXIS2_PLACEMENT_3D ( 'NONE', #2778, #2115, #6692 ) ;
#3862 = CARTESIAN_POINT ( 'NONE',  ( 0.1791400744437680326, -0.2344368636009073192, 0.1909448818887075350 ) ) ;
#3863 = VERTEX_POINT ( 'NONE', #3925 ) ;
#3864 = DIMENSIONAL_EXPONENTS ( 1.000000000000000000, 0.000000000000000000, 0.000000000000000000, 0.000000000000000000, 0.000000000000000000, 0.000000000000000000, 0.000000000000000000 ) ;
#3865 = DIRECTION ( 'NONE',  ( 3.330669073875468635E-16, -6.231570711506254047E-16, -1.000000000000000000 ) ) ;
#3866 = CARTESIAN_POINT ( 'NONE',  ( -0.1555055948475702610, -0.5728226903725609498, 0.6574803149595732643 ) ) ;
#3867 = CARTESIAN_POINT ( 'NONE',  ( 0.05720039488895741625, -0.2458796874746845551, 0.6424957941888033153 ) ) ;
#3868 = ADVANCED_FACE ( 'NONE', ( #3270 ), #5212, .T. ) ;
#3869 = ADVANCED_FACE ( 'NONE', ( #7319, #4515 ), #12, .F. ) ;
#3870 = ORIENTED_EDGE ( 'NONE', *, *, #4916, .F. ) ;
#3871 = ORIENTED_EDGE ( 'NONE', *, *, #1269, .F. ) ;
#3872 = VECTOR ( 'NONE', #1682, 39.37007874015748143 ) ;
#3873 = EDGE_LOOP ( 'NONE', ( #8167, #3000, #2400, #1726 ) ) ;
#3874 = B_SPLINE_CURVE_WITH_KNOTS ( 'NONE', 3,
 ( #8212, #3549, #6284, #164, #2142, #8116, #4833, #1484, #209, #916 ),
 .UNSPECIFIED., .F., .F.,
 ( 4, 2, 2, 2, 4 ),
 ( 0.000000000000000000, 0.2500000000000000000, 0.5000000000000000000, 0.7500000000000000000, 1.000000000000000000 ),
 .UNSPECIFIED. ) ;
#3875 = PLANE ( 'NONE',  #1743 ) ;
#3876 = EDGE_LOOP ( 'NONE', ( #8531, #1096, #6856, #1295 ) ) ;
#3877 = CARTESIAN_POINT ( 'NONE',  ( 0.03267184875793272686, -0.2452757297572645823, 0.6501698045983326235 ) ) ;
#3878 = CARTESIAN_POINT ( 'NONE',  ( 0.03685073170536033033, -0.4371927691127183713, 0.5878171478554616858 ) ) ;
#3879 = DIRECTION ( 'NONE',  ( -1.000000000000000000, 0.000000000000000000, 0.000000000000000000 ) ) ;
#3880 = FACE_OUTER_BOUND ( 'NONE', #7732, .T. ) ;
#3881 = VERTEX_POINT ( 'NONE', #1207 ) ;
#3882 = DIRECTION ( 'NONE',  ( 0.000000000000000000, 1.807003620809174139E-16, -1.000000000000000000 ) ) ;
#3883 = ORIENTED_EDGE ( 'NONE', *, *, #5562, .T. ) ;
#3884 = FACE_OUTER_BOUND ( 'NONE', #7794, .T. ) ;
#3885 = EDGE_LOOP ( 'NONE', ( #4736, #7301, #1217, #6688 ) ) ;
#3886 = ADVANCED_FACE ( 'NONE', ( #2697 ), #3957, .F. ) ;
#3887 = FACE_OUTER_BOUND ( 'NONE', #5782, .T. ) ;
#3888 = EDGE_CURVE ( 'NONE', #2489, #7830, #2606, .T. ) ;
#3889 = CARTESIAN_POINT ( 'NONE',  ( -0.05230383795112281825, -0.3865230084743125349, 0.2655457526468553708 ) ) ;
#3890 = UNCERTAINTY_MEASURE_WITH_UNIT (LENGTH_MEASURE( 1.000000000000000082E-05 ), #996, 'distance_accuracy_value', 'NONE');
#3891 = DIRECTION ( 'NONE',  ( 3.476302450662492151E-15, 0.07845909572784610930, 0.9969173337331278528 ) ) ;
#3892 = LINE ( 'NONE', #5870, #7574 ) ;
#3893 = CARTESIAN_POINT ( 'NONE',  ( 0.04134479885321703380, -0.2450223213465883842, 0.6032105501904226896 ) ) ;
#3894 = ORIENTED_EDGE ( 'NONE', *, *, #5136, .T. ) ;
#3895 = ORIENTED_EDGE ( 'NONE', *, *, #3666, .T. ) ;
#3896 = VERTEX_POINT ( 'NONE', #4562 ) ;
#3897 = DIRECTION ( 'NONE',  ( 0.7239618166986740988, 0.6898400452005924999, 1.221636250687892233E-16 ) ) ;
#3898 = VERTEX_POINT ( 'NONE', #5293 ) ;
#3899 = DIRECTION ( 'NONE',  ( 8.673617379884036705E-17, -1.000000000000000000, 0.000000000000000000 ) ) ;
#3900 = CARTESIAN_POINT ( 'NONE',  ( -0.1555055948475705385, -0.3604211155694113100, 0.1181102362194161731 ) ) ;
#3901 = CARTESIAN_POINT ( 'NONE',  ( -0.04084237512568004991, -0.2513872556778974920, 0.5576101637574475411 ) ) ;
#3902 = DIRECTION ( 'NONE',  ( 0.000000000000000000, 0.000000000000000000, -1.000000000000000000 ) ) ;
#3903 = ORIENTED_EDGE ( 'NONE', *, *, #4587, .T. ) ;
#3904 = EDGE_CURVE ( 'NONE', #6205, #3491, #5255, .T. ) ;
#3905 = DIRECTION ( 'NONE',  ( 1.000000000000000000, 0.000000000000000000, 0.000000000000000000 ) ) ;
#3906 = DIRECTION ( 'NONE',  ( -1.110223024625156294E-16, 1.000000000000000000, 7.425991029036739954E-17 ) ) ;
#3907 = CARTESIAN_POINT ( 'NONE',  ( -0.1003874846113501640, -0.3988069423410645631, 0.4594488188965814013 ) ) ;
#3908 = AXIS2_PLACEMENT_3D ( 'NONE', #2409, #1009, #3728 ) ;
#3909 = ORIENTED_EDGE ( 'NONE', *, *, #6689, .T. ) ;
#3910 = ORIENTED_EDGE ( 'NONE', *, *, #6829, .T. ) ;
#3911 = ADVANCED_FACE ( 'NONE', ( #7277 ), #5909, .F. ) ;
#3912 = EDGE_CURVE ( 'NONE', #3162, #7302, #2567, .T. ) ;
#3913 = AXIS2_PLACEMENT_3D ( 'NONE', #1914, #3275, #7324 ) ;
#3914 = DIRECTION ( 'NONE',  ( -1.737850800384706343E-16, -1.000000000000000000, 6.231570711506253061E-16 ) ) ;
#3915 = PLANE ( 'NONE',  #3015 ) ;
#3916 = DIRECTION ( 'NONE',  ( 0.000000000000000000, 1.000000000000000000, 0.000000000000000000 ) ) ;
#3917 = CARTESIAN_POINT ( 'NONE',  ( 0.1830770823177808315, -0.4422273596873388390, 1.698025656601832356 ) ) ;
#3918 = AXIS2_PLACEMENT_3D ( 'NONE', #6716, #2009, #8606 ) ;
#3919 = ORIENTED_EDGE ( 'NONE', *, *, #3078, .F. ) ;
#3920 = CARTESIAN_POINT ( 'NONE',  ( 0.03113489345076715306, -0.4391612730497262418, 0.5857068159438255650 ) ) ;
#3921 = ORIENTED_EDGE ( 'NONE', *, *, #567, .T. ) ;
#3922 = CARTESIAN_POINT ( 'NONE',  ( -0.07575993550513798747, -0.2255785958843719297, 0.6717256417582755379 ) ) ;
#3923 = EDGE_CURVE ( 'NONE', #8582, #1352, #1719, .T. ) ;
#3924 = VERTEX_POINT ( 'NONE', #6657 ) ;
#3925 = CARTESIAN_POINT ( 'NONE',  ( -0.03936386256410608769, -0.2177045801363403921, 0.6574803149595732643 ) ) ;
#3926 = VECTOR ( 'NONE', #6906, 39.37007874015748143 ) ;
#3927 = CARTESIAN_POINT ( 'NONE',  ( -0.01112214600543204313, -0.1483471919510965797, 0.2165354330698099350 ) ) ;
#3928 = DIRECTION ( 'NONE',  ( -1.000000000000000000, -5.647259913396834467E-15, 5.647259913396834467E-14 ) ) ;
#3929 = EDGE_CURVE ( 'NONE', #5857, #2433, #630, .T. ) ;
#3930 = PLANE ( 'NONE',  #5756 ) ;
#3931 = CIRCLE ( 'NONE', #7863, 0.08661417322834646937 ) ;
#3932 = ORIENTED_EDGE ( 'NONE', *, *, #5165, .T. ) ;
#3933 = EDGE_LOOP ( 'NONE', ( #212, #1120, #8110, #5893, #2817, #1805, #3369, #1381, #6805, #1383, #5813, #897 ) ) ;
#3934 = ORIENTED_EDGE ( 'NONE', *, *, #5446, .T. ) ;
#3935 = VERTEX_POINT ( 'NONE', #6701 ) ;
#3936 = PLANE ( 'NONE',  #300 ) ;
#3937 = CONICAL_SURFACE ( 'NONE', #5512, 0.08464566929247008265, 0.5280744484440311748 ) ;
#3938 = AXIS2_PLACEMENT_3D ( 'NONE', #789, #8688, #3465 ) ;
#3939 = CARTESIAN_POINT ( 'NONE',  ( 0.09654125648769314172, -0.1497677241694150563, 0.2165354330698099350 ) ) ;
#3940 = EDGE_CURVE ( 'NONE', #4377, #6560, #6124, .T. ) ;
#3941 = CARTESIAN_POINT ( 'NONE',  ( -0.03739535862709799513, -0.2701429438078092882, 0.6696897365145750847 ) ) ;
#3942 = ORIENTED_EDGE ( 'NONE', *, *, #2650, .F. ) ;
#3943 = VECTOR ( 'NONE', #5491, 39.37007874015748143 ) ;
#3944 = VECTOR ( 'NONE', #4997, 39.37007874015748143 ) ;
#3945 = DIRECTION ( 'NONE',  ( 3.330669073875469621E-16, -3.511521488730096119E-17, -1.000000000000000000 ) ) ;
#3946 = LINE ( 'NONE', #3421, #220 ) ;
#3947 = CARTESIAN_POINT ( 'NONE',  ( -0.04203659933718812552, -0.1452305372257107485, 0.5434406871435965014 ) ) ;
#3948 = DIRECTION ( 'NONE',  ( 1.000000000000000000, 1.084202172485504280E-17, 0.000000000000000000 ) ) ;
#3949 = AXIS2_PLACEMENT_3D ( 'NONE', #8642, #6857, #1345 ) ;
#3950 = AXIS2_PLACEMENT_3D ( 'NONE', #2949, #1629, #4350 ) ;
#3951 = ORIENTED_EDGE ( 'NONE', *, *, #7507, .F. ) ;
#3952 = EDGE_CURVE ( 'NONE', #645, #5952, #5488, .T. ) ;
#3953 = CARTESIAN_POINT ( 'NONE',  ( 0.04134479876669633347, -0.2503261272902733148, 0.5859984195448519895 ) ) ;
#3954 = ORIENTED_EDGE ( 'NONE', *, *, #2672, .F. ) ;
#3955 = VERTEX_POINT ( 'NONE', #8146 ) ;
#3956 = CIRCLE ( 'NONE', #1433, 0.01968503937007875723 ) ;
#3957 = TOROIDAL_SURFACE ( 'NONE', #7315, 0.003937007874015527667, 0.007874015748031501158 ) ;
#3958 = CARTESIAN_POINT ( 'NONE',  ( 0.04238714902819497310, -0.4391612730497262418, 0.5540518372692848637 ) ) ;
#3959 = CARTESIAN_POINT ( 'NONE',  ( -0.1476315790995388344, -0.2413266273804349216, 0.7007874015737463047 ) ) ;
#3960 = CARTESIAN_POINT ( 'NONE',  ( 0.02880767597414023856, -0.4352242651757103342, 0.5878082297108082610 ) ) ;
#3961 = DIRECTION ( 'NONE',  ( -9.117121629785412755E-17, 1.000000000000000000, 1.882801286680184389E-17 ) ) ;
#3962 = EDGE_CURVE ( 'NONE', #2894, #5331, #4233, .T. ) ;
#3963 = ADVANCED_FACE ( 'NONE', ( #58 ), #1421, .F. ) ;
#3964 = VERTEX_POINT ( 'NONE', #3483 ) ;
#3965 = CYLINDRICAL_SURFACE ( 'NONE', #998, 0.03149606299212606708 ) ;
#3966 = ORIENTED_EDGE ( 'NONE', *, *, #277, .T. ) ;
#3967 = CARTESIAN_POINT ( 'NONE',  ( -0.08267094917827930156, -0.2255785958843719297, 0.6574803149595732643 ) ) ;
#3968 = EDGE_LOOP ( 'NONE', ( #1296, #2731, #4166, #3668, #5764, #398, #2192, #3797, #7251 ) ) ;
#3969 = DIRECTION ( 'NONE',  ( 1.000000000000000000, 0.000000000000000000, 0.000000000000000000 ) ) ;
#3970 =( GEOMETRIC_REPRESENTATION_CONTEXT ( 3 ) GLOBAL_UNCERTAINTY_ASSIGNED_CONTEXT ( ( #1871 ) ) GLOBAL_UNIT_ASSIGNED_CONTEXT ( ( #7170, #3814, #8522 ) ) REPRESENTATION_CONTEXT ( 'NONE', 'WORKASPACE' ) );
#3971 = DIRECTION ( 'NONE',  ( -0.9798210592184758427, -9.309475864757550174E-17, 0.1998766917676600419 ) ) ;
#3972 = CARTESIAN_POINT ( 'NONE',  ( -0.04458707786837946829, -0.1940032040893237830, 0.2165354330698099350 ) ) ;
#3973 = CARTESIAN_POINT ( 'NONE',  ( 0.05486971956625271568, -0.4391612730497288508, 0.5878171478554616858 ) ) ;
#3974 = CIRCLE ( 'NONE', #5946, 0.01181102362204730985 ) ;
#3975 = CARTESIAN_POINT ( 'NONE',  ( -0.1013717365798540299, -0.3879801706875215528, 0.7283464566918570471 ) ) ;
#3976 = VERTEX_POINT ( 'NONE', #807 ) ;
#3977 = ORIENTED_EDGE ( 'NONE', *, *, #7582, .T. ) ;
#3978 = ORIENTED_EDGE ( 'NONE', *, *, #793, .F. ) ;
#3979 = CARTESIAN_POINT ( 'NONE',  ( 0.1349934356575578920, -0.3865771807640592805, 0.2654862929710494757 ) ) ;
#3980 = ORIENTED_EDGE ( 'NONE', *, *, #7198, .F. ) ;
#3981 = DIRECTION ( 'NONE',  ( -1.716572833537972315E-33, 1.882801286680184389E-17, -1.000000000000000000 ) ) ;
#3982 = VECTOR ( 'NONE', #2100, 39.37007874015748143 ) ;
#3983 = DIRECTION ( 'NONE',  ( 2.001604010742465719E-15, 1.000000000000000000, 0.000000000000000000 ) ) ;
#3984 = LINE ( 'NONE', #2621, #2081 ) ;
#3985 = CARTESIAN_POINT ( 'NONE',  ( -0.03773275685296913207, -0.2364367762361377356, 0.6621211305796280699 ) ) ;
#3986 = VERTEX_POINT ( 'NONE', #717 ) ;
#3987 = VECTOR ( 'NONE', #7016, 39.37007874015748143 ) ;
#3988 = ADVANCED_FACE ( 'NONE', ( #2924 ), #8043, .F. ) ;
#3989 = FACE_OUTER_BOUND ( 'NONE', #5319, .T. ) ;
#3990 = EDGE_CURVE ( 'NONE', #4941, #1481, #4145, .T. ) ;
#3991 = CARTESIAN_POINT ( 'NONE',  ( -0.1397575633515073801, -0.2177045801363404198, 0.7204724409438251209 ) ) ;
#3992 = LINE ( 'NONE', #3907, #4073 ) ;
#3993 = AXIS2_PLACEMENT_3D ( 'NONE', #4030, #82, #4749 ) ;
#3994 = VERTEX_POINT ( 'NONE', #2035 ) ;
#3995 = CARTESIAN_POINT ( 'NONE',  ( 0.05892000206242033189, -0.2489471927392379325, 0.6035194442680914539 ) ) ;
#3996 = VERTEX_POINT ( 'NONE', #7404 ) ;
#3997 = ORIENTED_EDGE ( 'NONE', *, *, #4525, .T. ) ;
#3998 = CARTESIAN_POINT ( 'NONE',  ( 0.1272766755748131751, -0.2512484758683970476, 0.2165354330698099627 ) ) ;
#3999 = VECTOR ( 'NONE', #4771, 39.37007874015748143 ) ;
#4000 = DIRECTION ( 'NONE',  ( -1.000000000000000000, 1.737850800384704371E-16, -3.330669073875469621E-16 ) ) ;
#4001 = EDGE_CURVE ( 'NONE', #3490, #7523, #5515, .T. ) ;
#4002 = DIRECTION ( 'NONE',  ( -1.000000000000000000, 1.737850800384704371E-16, -3.330669073875469621E-16 ) ) ;
#4003 = CARTESIAN_POINT ( 'NONE',  ( -0.1555055948475705663, -0.2344368636009073747, 0.1181102362194161454 ) ) ;
#4004 = CARTESIAN_POINT ( 'NONE',  ( -0.06495441374520848077, -0.3525470998213799945, 0.2027559055107547026 ) ) ;
#4005 = CIRCLE ( 'NONE', #4722, 0.01181102362204730985 ) ;
#4006 = ORIENTED_EDGE ( 'NONE', *, *, #1944, .F. ) ;
#4007 = CARTESIAN_POINT ( 'NONE',  ( -0.1256602571974678728, -0.2334526116324034117, 0.4945052008848328517 ) ) ;
#4008 = CARTESIAN_POINT ( 'NONE',  ( 0.2342581846799887679, -0.2334526116324033562, 0.7244094488178406399 ) ) ;
#4009 = ORIENTED_EDGE ( 'NONE', *, *, #2353, .T. ) ;
#4010 = DIRECTION ( 'NONE',  ( -1.000000000000000000, -0.000000000000000000, -0.000000000000000000 ) ) ;
#4011 = ADVANCED_FACE ( 'NONE', ( #2172 ), #851, .F. ) ;
#4012 = CARTESIAN_POINT ( 'NONE',  ( -0.05230383795112281825, -0.3810510654869872504, 0.2715517745000736172 ) ) ;
#4013 = CARTESIAN_POINT ( 'NONE',  ( 0.04134479885321683257, -0.2226258399788601239, 0.1909448818887074795 ) ) ;
#4014 = LINE ( 'NONE', #6704, #3496 ) ;
#4015 = CARTESIAN_POINT ( 'NONE',  ( -0.04330087043925325008, -0.2226258399788601239, -1.056269026750287463E-12 ) ) ;
#4016 = ORIENTED_EDGE ( 'NONE', *, *, #2383, .T. ) ;
#4017 = ORIENTED_EDGE ( 'NONE', *, *, #6966, .F. ) ;
#4018 = EDGE_LOOP ( 'NONE', ( #1431, #8447, #8338, #6395 ) ) ;
#4019 = CARTESIAN_POINT ( 'NONE',  ( 0.1343204626295833870, -0.3630573337524445887, 0.2633051886191077329 ) ) ;
#4020 = ADVANCED_FACE ( 'NONE', ( #6271, #4727 ), #6887, .F. ) ;
#4021 = DIRECTION ( 'NONE',  ( 9.117121629785412755E-17, -1.000000000000000000, -1.882801286680184389E-17 ) ) ;
#4022 = ORIENTED_EDGE ( 'NONE', *, *, #6184, .F. ) ;
#4023 = LINE ( 'NONE', #2662, #7748 ) ;
#4024 = DIRECTION ( 'NONE',  ( -1.000000000000000000, 0.000000000000000000, 0.000000000000000000 ) ) ;
#4025 = CARTESIAN_POINT ( 'NONE',  ( -0.1003874846113502334, -0.3909329265930331365, 0.7283464566918568250 ) ) ;
#4026 = DIRECTION ( 'NONE',  ( 0.02990391240740386189, 6.176641662078825206E-16, 0.9995527780076098878 ) ) ;
#4027 = ORIENTED_EDGE ( 'NONE', *, *, #5250, .T. ) ;
#4028 = ORIENTED_EDGE ( 'NONE', *, *, #4202, .F. ) ;
#4029 = LINE ( 'NONE', #1964, #7322 ) ;
#4030 = CARTESIAN_POINT ( 'NONE',  ( 0.1653605468847131055, -0.2334526116324033562, 0.4251968503926439880 ) ) ;
#4031 = LINE ( 'NONE', #4127, #5490 ) ;
#4032 =( NAMED_UNIT ( * ) SI_UNIT ( $, .STERADIAN. ) SOLID_ANGLE_UNIT ( ) );
#4033 = VERTEX_POINT ( 'NONE', #6224 ) ;
#4034 = DIRECTION ( 'NONE',  ( -1.000000000000000000, 0.000000000000000000, 0.000000000000000000 ) ) ;
#4035 = EDGE_CURVE ( 'NONE', #6434, #362, #320, .T. ) ;
#4036 = ORIENTED_EDGE ( 'NONE', *, *, #2948, .F. ) ;
#4037 = ORIENTED_EDGE ( 'NONE', *, *, #5721, .F. ) ;
#4038 = CYLINDRICAL_SURFACE ( 'NONE', #6777, 0.01574803149606289823 ) ;
#4039 = DIRECTION ( 'NONE',  ( 0.000000000000000000, 0.000000000000000000, 1.000000000000000000 ) ) ;
#4040 = FACE_OUTER_BOUND ( 'NONE', #6532, .T. ) ;
#4041 = CARTESIAN_POINT ( 'NONE',  ( 0.05233219495995350412, -0.4352242651757105563, 0.5852881671030556454 ) ) ;
#4042 = VECTOR ( 'NONE', #4442, 39.37007874015748143 ) ;
#4043 = DIRECTION ( 'NONE',  ( 1.737850800384706343E-16, 1.000000000000000000, -6.231570711506253061E-16 ) ) ;
#4044 = EDGE_CURVE ( 'NONE', #2181, #4941, #6399, .T. ) ;
#4045 = ORIENTED_EDGE ( 'NONE', *, *, #158, .T. ) ;
#4046 = CARTESIAN_POINT ( 'NONE',  ( 0.1356664086855323692, -0.3909329265930334141, 0.2887019751259460865 ) ) ;
#4047 = AXIS2_PLACEMENT_3D ( 'NONE', #4054, #4189, #856 ) ;
#4048 = CARTESIAN_POINT ( 'NONE',  ( 0.07087235790833486260, -0.4391612730497262418, 0.5984251968493373708 ) ) ;
#4049 = EDGE_LOOP ( 'NONE', ( #6408, #6881, #4847, #1833 ) ) ;
#4050 = DIRECTION ( 'NONE',  ( 1.737850800384704371E-16, 1.000000000000000000, -1.448216729911410023E-17 ) ) ;
#4051 = FACE_OUTER_BOUND ( 'NONE', #5425, .T. ) ;
#4052 = DIRECTION ( 'NONE',  ( -3.336006684570776199E-16, 0.000000000000000000, 1.000000000000000000 ) ) ;
#4053 = CIRCLE ( 'NONE', #267, 0.007874015748031449116 ) ;
#4054 = CARTESIAN_POINT ( 'NONE',  ( 0.04134479885321676318, -0.2226258399788601239, 0.2027559055107547303 ) ) ;
#4055 = EDGE_CURVE ( 'NONE', #3004, #4880, #942, .T. ) ;
#4056 = DIRECTION ( 'NONE',  ( -2.120119834909563265E-15, 1.696095867927650612E-14, -1.000000000000000000 ) ) ;
#4057 = EDGE_LOOP ( 'NONE', ( #269, #5455, #6280, #4855 ) ) ;
#4058 = ORIENTED_EDGE ( 'NONE', *, *, #8560, .T. ) ;
#4059 = LINE ( 'NONE', #3585, #2404 ) ;
#4060 = VECTOR ( 'NONE', #7032, 39.37007874015748143 ) ;
#4061 = ORIENTED_EDGE ( 'NONE', *, *, #4443, .F. ) ;
#4062 = CARTESIAN_POINT ( 'NONE',  ( 0.1358907330281905745, -0.3988069423410648406, 0.2952755905501241451 ) ) ;
#4063 = ORIENTED_EDGE ( 'NONE', *, *, #8211, .F. ) ;
#4064 = DIRECTION ( 'NONE',  ( -0.000000000000000000, -0.000000000000000000, -1.000000000000000000 ) ) ;
#4065 = CARTESIAN_POINT ( 'NONE',  ( 0.2086676334988864789, -0.2334526116324033562, 0.5078740157469746608 ) ) ;
#4066 = AXIS2_PLACEMENT_3D ( 'NONE', #1163, #2478, #3145 ) ;
#4067 = LINE ( 'NONE', #1439, #7288 ) ;
#4068 = EDGE_CURVE ( 'NONE', #6077, #6394, #270, .T. ) ;
#4069 = PLANE ( 'NONE',  #423 ) ;
#4070 = ORIENTED_EDGE ( 'NONE', *, *, #5152, .T. ) ;
#4071 = CARTESIAN_POINT ( 'NONE',  ( -0.1555055948475706495, -0.1242006431284664453, 0.7283464566918570471 ) ) ;
#4072 = ORIENTED_EDGE ( 'NONE', *, *, #5334, .T. ) ;
#4073 = VECTOR ( 'NONE', #484, 39.37007874015748143 ) ;
#4074 = CARTESIAN_POINT ( 'NONE',  ( 0.05013414984153252013, -0.4352242651757104452, 0.5866391230700157555 ) ) ;
#4075 = CARTESIAN_POINT ( 'NONE',  ( 0.1086164433147963626, -0.2443137815742076890, 0.6623925151578433645 ) ) ;
#4076 = CARTESIAN_POINT ( 'NONE',  ( 0.04134479885321683257, -0.2226258399788601239, -1.056269026750287463E-12 ) ) ;
#4077 = LINE ( 'NONE', #39, #890 ) ;
#4078 = CARTESIAN_POINT ( 'NONE',  ( 0.03626036590053320630, -0.4352242651757103897, 0.5877971290358935397 ) ) ;
#4079 = AXIS2_PLACEMENT_3D ( 'NONE', #4758, #6784, #1364 ) ;
#4080 = ADVANCED_FACE ( 'NONE', ( #6438 ), #7015, .T. ) ;
#4081 = CARTESIAN_POINT ( 'NONE',  ( 0.1813515671878479230, -0.2334526116324033562, 0.4251968503926439880 ) ) ;
#4082 = AXIS2_PLACEMENT_3D ( 'NONE', #4076, #4169, #5450 ) ;
#4083 = ORIENTED_EDGE ( 'NONE', *, *, #4274, .F. ) ;
#4084 = ORIENTED_EDGE ( 'NONE', *, *, #1043, .F. ) ;
#4085 = DIRECTION ( 'NONE',  ( -0.000000000000000000, -0.000000000000000000, -1.000000000000000000 ) ) ;
#4086 = B_SPLINE_CURVE_WITH_KNOTS ( 'NONE', 3,
 ( #6464, #4484, #7172, #3684, #6380, #348, #1134, #3815, #2360, #1625 ),
 .UNSPECIFIED., .F., .F.,
 ( 4, 2, 2, 2, 4 ),
 ( 0.000000000000000000, 0.2500000000000000000, 0.5000000000000000000, 0.7500000000000000000, 1.000000000000000000 ),
 .UNSPECIFIED. ) ;
#4087 = LINE ( 'NONE', #4849, #4229 ) ;
#4088 = VECTOR ( 'NONE', #1920, 39.37007874015748143 ) ;
#4089 = DIRECTION ( 'NONE',  ( -1.156482317317871764E-14, 1.000000000000000000, 0.000000000000000000 ) ) ;
#4090 = CYLINDRICAL_SURFACE ( 'NONE', #3823, 0.1082677165354331006 ) ;
#4091 = AXIS2_PLACEMENT_3D ( 'NONE', #6654, #7932, #6571 ) ;
#4092 = CARTESIAN_POINT ( 'NONE',  ( 0.1358907330281905190, -0.3988069423410648962, 0.2952755905501242006 ) ) ;
#4093 = ADVANCED_FACE ( 'NONE', ( #7145 ), #8320, .F. ) ;
#4094 = ORIENTED_EDGE ( 'NONE', *, *, #7603, .F. ) ;
#4095 = VECTOR ( 'NONE', #1504, 39.37007874015748143 ) ;
#4096 = LINE ( 'NONE', #8142, #3659 ) ;
#4097 = AXIS2_PLACEMENT_3D ( 'NONE', #4228, #4942, #364 ) ;
#4098 = FACE_BOUND ( 'NONE', #7390, .T. ) ;
#4099 = ORIENTED_EDGE ( 'NONE', *, *, #4596, .F. ) ;
#4100 = CARTESIAN_POINT ( 'NONE',  ( -0.04442897410153092558, -0.2241060518434480620, 0.4422916610307012775 ) ) ;
#4101 = LINE ( 'NONE', #7320, #8066 ) ;
#4102 = ADVANCED_FACE ( 'NONE', ( #2378 ), #3937, .F. ) ;
#4103 = DIRECTION ( 'NONE',  ( -0.000000000000000000, -0.000000000000000000, -1.000000000000000000 ) ) ;
#4104 = ADVANCED_FACE ( 'NONE', ( #7704 ), #6705, .T. ) ;
#4105 = DIRECTION ( 'NONE',  ( -1.084202172485501673E-15, -1.000000000000000000, 0.000000000000000000 ) ) ;
#4106 = CARTESIAN_POINT ( 'NONE',  ( 0.04792356635102962281, -0.4391612730497262418, 0.5746937882754090676 ) ) ;
#4107 = VERTEX_POINT ( 'NONE', #407 ) ;
#4108 = ORIENTED_EDGE ( 'NONE', *, *, #5164, .F. ) ;
#4109 = LINE ( 'NONE', #2182, #5779 ) ;
#4110 = VECTOR ( 'NONE', #5010, 39.37007874015748143 ) ;
#4111 = EDGE_LOOP ( 'NONE', ( #2423, #8623, #4496, #4273, #8674 ) ) ;
#4112 = CARTESIAN_POINT ( 'NONE',  ( -0.05320113532175550775, -0.3988069423410648406, 0.2952755905501240896 ) ) ;
#4113 = VERTEX_POINT ( 'NONE', #7795 ) ;
#4114 = CARTESIAN_POINT ( 'NONE',  ( 0.03740779097920127888, -0.2489471927392384598, 0.6035194442680914539 ) ) ;
#4115 = ADVANCED_FACE ( 'NONE', ( #367 ), #3008, .F. ) ;
#4116 = CARTESIAN_POINT ( 'NONE',  ( 0.1086164433147963904, -0.2364640387889066775, 0.6617747270025060580 ) ) ;
#4117 = AXIS2_PLACEMENT_3D ( 'NONE', #4231, #8237, #142 ) ;
#4118 = CARTESIAN_POINT ( 'NONE',  ( 0.05892000206242033189, -0.2489471927392379325, 0.6035194442680914539 ) ) ;
#4119 = LINE ( 'NONE', #3459, #4926 ) ;
#4120 = ORIENTED_EDGE ( 'NONE', *, *, #2300, .T. ) ;
#4121 = VECTOR ( 'NONE', #3065, 39.37007874015748143 ) ;
#4122 = CARTESIAN_POINT ( 'NONE',  ( -0.1476315790995390842, -0.2413266273804349216, 0.7007874015737463047 ) ) ;
#4123 = ORIENTED_EDGE ( 'NONE', *, *, #6007, .T. ) ;
#4124 = PLANE ( 'NONE',  #3528 ) ;
#4125 = ADVANCED_FACE ( 'NONE', ( #4413, #6358 ), #8366, .F. ) ;
#4126 = CARTESIAN_POINT ( 'NONE',  ( -0.06495441374520818933, -0.2334526116324034117, 0.6397637795265020966 ) ) ;
#4127 = CARTESIAN_POINT ( 'NONE',  ( 0.001974720113059306396, -0.3840431628135057562, 0.4606299212587862679 ) ) ;
#4128 = CARTESIAN_POINT ( 'NONE',  ( 0.1811085783807760141, -0.2177045801363403921, 0.4409448818887066190 ) ) ;
#4129 = DIRECTION ( 'NONE',  ( 1.000000000000000000, -1.737850800384704371E-16, 3.330669073875469621E-16 ) ) ;
#4130 = LINE ( 'NONE', #129, #4631 ) ;
#4131 = ORIENTED_EDGE ( 'NONE', *, *, #1599, .T. ) ;
#4132 = ORIENTED_EDGE ( 'NONE', *, *, #3087, .F. ) ;
#4133 = CARTESIAN_POINT ( 'NONE',  ( -0.001962287760956341401, -0.5730195407662619367, 0.3134432885639604205 ) ) ;
#4134 = CARTESIAN_POINT ( 'NONE',  ( 0.1830770823177836626, -1.445962891180036403, 0.3700787401564241130 ) ) ;
#4135 = EDGE_CURVE ( 'NONE', #2435, #8582, #1727, .T. ) ;
#4136 = CIRCLE ( 'NONE', #1617, 0.01574803149606293640 ) ;
#4137 = CARTESIAN_POINT ( 'NONE',  ( 0.04134479885321702686, -0.2489471927392382933, 0.6035194442680913429 ) ) ;
#4138 = FACE_OUTER_BOUND ( 'NONE', #1852, .T. ) ;
#4139 = DIRECTION ( 'NONE',  ( 0.000000000000000000, -1.000000000000000000, 0.000000000000000000 ) ) ;
#4140 = ORIENTED_EDGE ( 'NONE', *, *, #1835, .F. ) ;
#4141 = AXIS2_PLACEMENT_3D ( 'NONE', #4707, #7427, #2769 ) ;
#4142 = LINE ( 'NONE', #6882, #8299 ) ;
#4143 = CARTESIAN_POINT ( 'NONE',  ( -0.08857646098930285761, -0.3909329265930334141, 0.3700787401564238910 ) ) ;
#4144 = VERTEX_POINT ( 'NONE', #4550 ) ;
#4145 = LINE ( 'NONE', #2837, #7340 ) ;
#4146 = LINE ( 'NONE', #8064, #8347 ) ;
#4147 = CARTESIAN_POINT ( 'NONE',  ( 0.2231234417024575423, -0.2232961464224186565, 0.4325447551727849560 ) ) ;
#4148 = VECTOR ( 'NONE', #5583, 39.37007874015748143 ) ;
#4149 = DIRECTION ( 'NONE',  ( -0.000000000000000000, -0.000000000000000000, -1.000000000000000000 ) ) ;
#4150 = CARTESIAN_POINT ( 'NONE',  ( 0.04134479885321703380, -0.5730195407662621587, 0.1909448818887074517 ) ) ;
#4151 = EDGE_CURVE ( 'NONE', #8158, #6003, #2511, .T. ) ;
#4152 = EDGE_CURVE ( 'NONE', #1396, #2520, #6869, .T. ) ;
#4153 = ORIENTED_EDGE ( 'NONE', *, *, #1508, .T. ) ;
#4154 = VERTEX_POINT ( 'NONE', #5941 ) ;
#4155 = VECTOR ( 'NONE', #1459, 39.37007874015748143 ) ;
#4156 = CARTESIAN_POINT ( 'NONE',  ( 0.1284608703136276842, -0.2348794026851816485, 0.3974174252465248469 ) ) ;
#4157 = EDGE_LOOP ( 'NONE', ( #3462, #6864 ) ) ;
#4158 = DIRECTION ( 'NONE',  ( 0.000000000000000000, 1.000000000000000000, 0.000000000000000000 ) ) ;
#4159 = ORIENTED_EDGE ( 'NONE', *, *, #251, .F. ) ;
#4160 = CARTESIAN_POINT ( 'NONE',  ( 0.1594550350736892996, -0.3997911943095688314, 0.3562992125973689084 ) ) ;
#4161 = LINE ( 'NONE', #7550, #5661 ) ;
#4162 = CARTESIAN_POINT ( 'NONE',  ( 0.04134479885321676318, -0.4184919817111423246, 0.3885826771642975630 ) ) ;
#4163 = CARTESIAN_POINT ( 'NONE',  ( -0.1555055948475705663, -0.2167203281678364568, 0.7283464566918570471 ) ) ;
#4164 = EDGE_CURVE ( 'NONE', #2856, #1955, #8618, .T. ) ;
#4165 = ORIENTED_EDGE ( 'NONE', *, *, #578, .T. ) ;
#4166 = ORIENTED_EDGE ( 'NONE', *, *, #2504, .T. ) ;
#4167 = DIRECTION ( 'NONE',  ( -3.476302450662492151E-15, -0.07845909572784610930, -0.9969173337331278528 ) ) ;
#4168 = DIRECTION ( 'NONE',  ( -1.000000000000000000, 0.000000000000000000, 0.000000000000000000 ) ) ;
#4169 = DIRECTION ( 'NONE',  ( 0.000000000000000000, 0.000000000000000000, -1.000000000000000000 ) ) ;
#4170 = DIRECTION ( 'NONE',  ( 1.000000000000000000, 0.000000000000000000, 0.000000000000000000 ) ) ;
#4171 = DIRECTION ( 'NONE',  ( -9.117121629785411522E-17, 1.000000000000000000, 1.882801286680184389E-17 ) ) ;
#4172 = ADVANCED_FACE ( 'NONE', ( #2635 ), #1272, .F. ) ;
#4173 = ORIENTED_EDGE ( 'NONE', *, *, #2878, .F. ) ;
#4174 = EDGE_LOOP ( 'NONE', ( #7082, #1089, #6898, #5809 ) ) ;
#4175 = LINE ( 'NONE', #1455, #6625 ) ;
#4176 = CARTESIAN_POINT ( 'NONE',  ( -0.001962287760956614620, -0.3988069423410648406, 0.7401574803139043812 ) ) ;
#4177 = CARTESIAN_POINT ( 'NONE',  ( 0.04134479885321705461, -0.2337221370836234380, 0.5962556643246529342 ) ) ;
#4178 = LINE ( 'NONE', #6878, #6361 ) ;
#4179 = EDGE_CURVE ( 'NONE', #1202, #3358, #5202, .T. ) ;
#4180 = EDGE_LOOP ( 'NONE', ( #8018, #2510, #3257, #4061 ) ) ;
#4181 = CARTESIAN_POINT ( 'NONE',  ( 0.03777346792583276963, -0.4391612730497262418, 0.5894575678029682075 ) ) ;
#4182 = DIRECTION ( 'NONE',  ( -6.877516653755935973E-15, -0.9969173337331279638, 0.07845909572784580399 ) ) ;
#4183 = CARTESIAN_POINT ( 'NONE',  ( 0.04134479885321683951, -0.2226258399788601239, 0.1181102362194161731 ) ) ;
#4184 = EDGE_LOOP ( 'NONE', ( #2314, #7228, #3718, #7349 ) ) ;
#4185 = DIRECTION ( 'NONE',  ( 0.000000000000000000, 0.000000000000000000, -1.000000000000000000 ) ) ;
#4186 = CARTESIAN_POINT ( 'NONE',  ( -0.1555055948475705663, -0.2167203281678364568, 0.7283464566918570471 ) ) ;
#4187 = DIRECTION ( 'NONE',  ( -0.000000000000000000, -0.000000000000000000, -1.000000000000000000 ) ) ;
#4188 = AXIS2_PLACEMENT_3D ( 'NONE', #3766, #8036, #7255 ) ;
#4189 = DIRECTION ( 'NONE',  ( 1.411854421747038033E-17, 7.425991029036739954E-17, -1.000000000000000000 ) ) ;
#4190 = ADVANCED_FACE ( 'NONE', ( #618 ), #1858, .T. ) ;
#4191 = DIRECTION ( 'NONE',  ( -1.000000000000000000, 0.000000000000000000, 0.000000000000000000 ) ) ;
#4192 = ORIENTED_EDGE ( 'NONE', *, *, #1025, .T. ) ;
#4193 = CARTESIAN_POINT ( 'NONE',  ( 0.03777346792583276963, -0.4391612730497263528, 0.5878171478554615748 ) ) ;
#4194 = VERTEX_POINT ( 'NONE', #5896 ) ;
#4195 = CARTESIAN_POINT ( 'NONE',  ( -0.1555055948475705385, -0.4391612730497262418, 0.7283464566918570471 ) ) ;
#4196 = DIRECTION ( 'NONE',  ( 3.942553354492754871E-16, 0.000000000000000000, -1.000000000000000000 ) ) ;
#4197 = ORIENTED_EDGE ( 'NONE', *, *, #8240, .T. ) ;
#4198 = VECTOR ( 'NONE', #8282, 39.37007874015748143 ) ;
#4199 = DIRECTION ( 'NONE',  ( -8.673617379884036705E-17, 1.000000000000000000, 0.000000000000000000 ) ) ;
#4200 = ADVANCED_FACE ( 'NONE', ( #494 ), #7352, .T. ) ;
#4201 = DIRECTION ( 'NONE',  ( 0.000000000000000000, 0.07845909572784552644, 0.9969173337331278528 ) ) ;
#4202 = EDGE_CURVE ( 'NONE', #416, #1454, #4653, .T. ) ;
#4203 = LINE ( 'NONE', #2901, #8265 ) ;
#4204 = DIRECTION ( 'NONE',  ( 1.000000000000000000, 0.000000000000000000, 0.000000000000000000 ) ) ;
#4205 = VECTOR ( 'NONE', #5367, 39.37007874015748143 ) ;
#4206 = ORIENTED_EDGE ( 'NONE', *, *, #5287, .T. ) ;
#4207 = ORIENTED_EDGE ( 'NONE', *, *, #3504, .F. ) ;
#4208 = FACE_OUTER_BOUND ( 'NONE', #8446, .T. ) ;
#4209 = CARTESIAN_POINT ( 'NONE',  ( -0.09645047673733432581, -0.3210510368292537886, 0.7283464566918570471 ) ) ;
#4210 = LINE ( 'NONE', #2198, #1268 ) ;
#4211 = VECTOR ( 'NONE', #468, 39.37007874015748143 ) ;
#4212 = DIRECTION ( 'NONE',  ( -1.110223024625156294E-16, 1.000000000000000000, 7.425991029036739954E-17 ) ) ;
#4213 = ADVANCED_FACE ( 'NONE', ( #7267, #1156, #3833 ), #1898, .F. ) ;
#4214 = CARTESIAN_POINT ( 'NONE',  ( 0.03523594331953355807, -0.4352242651757104452, 0.5850403953401510648 ) ) ;
#4215 = DIRECTION ( 'NONE',  ( 0.2396740113195075794, 2.117163645918580316E-13, 0.9708534226638007025 ) ) ;
#4216 = VERTEX_POINT ( 'NONE', #3138 ) ;
#4217 = ORIENTED_EDGE ( 'NONE', *, *, #5865, .T. ) ;
#4218 = CIRCLE ( 'NONE', #1689, 0.01075610554160973814 ) ;
#4219 = PLANE ( 'NONE',  #3950 ) ;
#4220 = FACE_OUTER_BOUND ( 'NONE', #3876, .T. ) ;
#4221 = CARTESIAN_POINT ( 'NONE',  ( -0.003930791697964254421, -0.4391612730497262418, 0.1181102362194161731 ) ) ;
#4222 = CARTESIAN_POINT ( 'NONE',  ( 0.2381951925540042314, -0.2167203281678364291, 0.7283464566918570471 ) ) ;
#4223 =( NAMED_UNIT ( * ) PLANE_ANGLE_UNIT ( ) SI_UNIT ( $, .RADIAN. ) );
#4224 = ADVANCED_FACE ( 'NONE', ( #1933, #5282 ), #6524, .T. ) ;
#4225 = AXIS2_PLACEMENT_3D ( 'NONE', #5150, #7913, #8569 ) ;
#4226 = ORIENTED_EDGE ( 'NONE', *, *, #8068, .F. ) ;
#4227 = PLANE ( 'NONE',  #2680 ) ;
#4228 = CARTESIAN_POINT ( 'NONE',  ( 0.04134479885321683257, -0.2226258399788601239, 0.1909448818887074795 ) ) ;
#4229 = VECTOR ( 'NONE', #4039, 39.37007874015748143 ) ;
#4230 = VECTOR ( 'NONE', #1205, 39.37007874015748143 ) ;
#4231 = CARTESIAN_POINT ( 'NONE',  ( 0.04281434172285814022, -0.4391612730497262418, 0.5539493110225657269 ) ) ;
#4232 = ORIENTED_EDGE ( 'NONE', *, *, #2468, .T. ) ;
#4233 = LINE ( 'NONE', #6844, #5906 ) ;
#4234 = CARTESIAN_POINT ( 'NONE',  ( 0.2086676334988864789, -0.2177045801363403643, 0.5078740157469746608 ) ) ;
#4235 = LINE ( 'NONE', #1643, #6681 ) ;
#4236 = ADVANCED_FACE ( 'NONE', ( #3301 ), #5912, .T. ) ;
#4237 = ADVANCED_FACE ( 'NONE', ( #8697 ), #7462, .T. ) ;
#4238 = VECTOR ( 'NONE', #1388, 39.37007874015748143 ) ;
#4239 = VECTOR ( 'NONE', #132, 39.37007874015748143 ) ;
#4240 = DIRECTION ( 'NONE',  ( -1.228015396737279800E-16, -1.287490079826536515E-18, 1.000000000000000000 ) ) ;
#4241 = DIRECTION ( 'NONE',  ( -4.240239669819187273E-15, -1.000000000000000000, 6.742362171565640761E-30 ) ) ;
#4242 = ORIENTED_EDGE ( 'NONE', *, *, #4044, .F. ) ;
#4243 = DIRECTION ( 'NONE',  ( 0.000000000000000000, 1.000000000000000000, 0.000000000000000000 ) ) ;
#4244 = ORIENTED_EDGE ( 'NONE', *, *, #8486, .F. ) ;
#4245 = CARTESIAN_POINT ( 'NONE',  ( 0.05029562203062864362, -0.4391612730497385653, 0.5844440503952145205 ) ) ;
#4246 = VECTOR ( 'NONE', #5460, 39.37007874015748143 ) ;
#4247 = ADVANCED_FACE ( 'NONE', ( #1545 ), #6048, .F. ) ;
#4248 = EDGE_CURVE ( 'NONE', #7646, #4888, #7566, .T. ) ;
#4249 = LINE ( 'NONE', #1524, #3694 ) ;
#4250 = DIRECTION ( 'NONE',  ( -1.737850800384704371E-16, -1.000000000000000000, 3.511521488730090573E-17 ) ) ;
#4251 = COLOUR_RGB ( '',0.7921568627450980005, 0.8196078431372548767, 0.9333333333333333481 ) ;
#4252 = CARTESIAN_POINT ( 'NONE',  ( 0.05011933680159831594, -0.4352242651757104452, 0.5835708524705097711 ) ) ;
#4253 = VERTEX_POINT ( 'NONE', #840 ) ;
#4254 = CARTESIAN_POINT ( 'NONE',  ( 0.1929196020028235703, -0.2334526116324033562, 0.4976528653221187204 ) ) ;
#4255 = VERTEX_POINT ( 'NONE', #3518 ) ;
#4256 = CARTESIAN_POINT ( 'NONE',  ( -0.1555055948475705385, -0.2413266273804349216, 0.7007874015737463047 ) ) ;
#4257 = VECTOR ( 'NONE', #518, 39.37007874015748143 ) ;
#4258 = CARTESIAN_POINT ( 'NONE',  ( 0.03698336173357635870, -0.2502859420834767645, 0.5865090210097755330 ) ) ;
#4259 = LINE ( 'NONE', #7085, #4654 ) ;
#4260 = DIRECTION ( 'NONE',  ( 1.000000000000000000, 0.000000000000000000, 0.000000000000000000 ) ) ;
#4261 = DIRECTION ( 'NONE',  ( 1.000000000000000000, -1.239088197126290570E-16, 0.000000000000000000 ) ) ;
#4262 = ORIENTED_EDGE ( 'NONE', *, *, #7765, .F. ) ;
#4263 = AXIS2_PLACEMENT_3D ( 'NONE', #3800, #8377, #1786 ) ;
#4264 = EDGE_CURVE ( 'NONE', #1454, #416, #9, .T. ) ;
#4265 = EDGE_CURVE ( 'NONE', #7115, #3280, #1408, .T. ) ;
#4266 = CARTESIAN_POINT ( 'NONE',  ( 0.02890771065956629360, -0.4391612730497767014, 0.5877879193037308658 ) ) ;
#4267 = CARTESIAN_POINT ( 'NONE',  ( 0.1284608703136276842, -0.2412729130387990528, 0.4021483740409934060 ) ) ;
#4268 = DIRECTION ( 'NONE',  ( -1.000000000000000000, 1.737850800384704371E-16, -3.330669073875469621E-16 ) ) ;
#4269 = CARTESIAN_POINT ( 'NONE',  ( 0.2503739793486653431, -0.3277889557025917555, 0.2718573705992839984 ) ) ;
#4270 = LINE ( 'NONE', #3522, #6836 ) ;
#4271 = AXIS2_PLACEMENT_3D ( 'NONE', #3237, #7855, #8599 ) ;
#4272 = VERTEX_POINT ( 'NONE', #750 ) ;
#4273 = ORIENTED_EDGE ( 'NONE', *, *, #5125, .T. ) ;
#4274 = EDGE_CURVE ( 'NONE', #338, #2424, #3337, .T. ) ;
#4275 = CARTESIAN_POINT ( 'NONE',  ( -0.1712536263436331696, -0.6161297769867342122, 0.6574803149595732643 ) ) ;
#4276 = AXIS2_PLACEMENT_3D ( 'NONE', #2596, #5983, #4759 ) ;
#4277 = CARTESIAN_POINT ( 'NONE',  ( -0.1476315790995390842, -0.2334526116324034117, 0.7007874015737463047 ) ) ;
#4278 = ORIENTED_EDGE ( 'NONE', *, *, #4854, .T. ) ;
#4279 = CARTESIAN_POINT ( 'NONE',  ( 0.05245227682921673601, -0.4352242651757106118, 0.5859079909986513179 ) ) ;
#4280 = CARTESIAN_POINT ( 'NONE',  ( 0.03740779097920132745, -0.2386262973325888326, 0.6343006272539554180 ) ) ;
#4281 = CARTESIAN_POINT ( 'NONE',  ( 0.1791400744437681158, -0.04546048564815143717, 0.1909448818887075350 ) ) ;
#4282 = VECTOR ( 'NONE', #6646, 39.37007874015748143 ) ;
#4283 = DIRECTION ( 'NONE',  ( 0.000000000000000000, 0.000000000000000000, -1.000000000000000000 ) ) ;
#4284 = FACE_OUTER_BOUND ( 'NONE', #424, .T. ) ;
#4285 = EDGE_CURVE ( 'NONE', #3805, #1230, #6209, .T. ) ;
#4286 = EDGE_LOOP ( 'NONE', ( #7772, #6100, #4945, #7184 ) ) ;
#4287 = CARTESIAN_POINT ( 'NONE',  ( 0.06102983822329528102, -0.1249292841513667540, 2.078958154626092902 ) ) ;
#4288 = VERTEX_POINT ( 'NONE', #47 ) ;
#4289 = CARTESIAN_POINT ( 'NONE',  ( 0.04134479885321683257, -0.2226258399788601239, 0.4327231820675714324 ) ) ;
#4290 = CIRCLE ( 'NONE', #2037, 0.01181102362204724046 ) ;
#4291 = DIRECTION ( 'NONE',  ( -1.000000000000000000, -0.000000000000000000, -0.000000000000000000 ) ) ;
#4292 = PLANE ( 'NONE',  #3842 ) ;
#4293 = CARTESIAN_POINT ( 'NONE',  ( 0.03685073170536033033, -0.4391612730497421180, 0.5878171478554616858 ) ) ;
#4294 = AXIS2_PLACEMENT_3D ( 'NONE', #1777, #6603, #577 ) ;
#4295 = DIRECTION ( 'NONE',  ( -1.239088197126290817E-16, -1.000000000000000000, 0.000000000000000000 ) ) ;
#4296 = ORIENTED_EDGE ( 'NONE', *, *, #251, .T. ) ;
#4297 = EDGE_CURVE ( 'NONE', #1128, #1229, #705, .T. ) ;
#4298 = ORIENTED_EDGE ( 'NONE', *, *, #3086, .T. ) ;
#4299 = CARTESIAN_POINT ( 'NONE',  ( 0.03740779097920130664, -0.2411816698444640139, 0.6018315409408755423 ) ) ;
#4300 = ORIENTED_EDGE ( 'NONE', *, *, #5962, .F. ) ;
#4301 = DIRECTION ( 'NONE',  ( -1.000000000000000000, 0.000000000000000000, 0.000000000000000000 ) ) ;
#4302 = DIRECTION ( 'NONE',  ( 1.000000000000000000, 0.000000000000000000, 0.000000000000000000 ) ) ;
#4303 = FACE_OUTER_BOUND ( 'NONE', #3885, .T. ) ;
#4304 = DIRECTION ( 'NONE',  ( -1.411854421747038033E-17, -7.425991029036739954E-17, 1.000000000000000000 ) ) ;
#4305 = DIRECTION ( 'NONE',  ( 1.737850800384704371E-16, 1.000000000000000000, -3.511521488730090573E-17 ) ) ;
#4306 = EDGE_LOOP ( 'NONE', ( #1863, #6713, #6517, #5625 ) ) ;
#4307 = DIMENSIONAL_EXPONENTS ( 1.000000000000000000, 0.000000000000000000, 0.000000000000000000, 0.000000000000000000, 0.000000000000000000, 0.000000000000000000, 0.000000000000000000 ) ;
#4308 = EDGE_CURVE ( 'NONE', #3503, #6339, #4087, .T. ) ;
#4309 = CARTESIAN_POINT ( 'NONE',  ( 0.03495340991591260049, -0.4352242651757104452, 0.5862193597601034201 ) ) ;
#4310 = CARTESIAN_POINT ( 'NONE',  ( 0.1280134374784070717, -0.2267725482714618990, 0.4110748655131699070 ) ) ;
#4311 = DIRECTION ( 'NONE',  ( -3.330669073875468635E-16, 6.231570711506254047E-16, 1.000000000000000000 ) ) ;
#4312 = PLANE ( 'NONE',  #1854 ) ;
#4313 = EDGE_CURVE ( 'NONE', #4437, #4880, #7527, .T. ) ;
#4314 = EDGE_CURVE ( 'NONE', #5128, #6755, #5504, .T. ) ;
#4315 = ORIENTED_EDGE ( 'NONE', *, *, #8058, .T. ) ;
#4316 = ORIENTED_EDGE ( 'NONE', *, *, #7235, .T. ) ;
#4317 = VERTEX_POINT ( 'NONE', #91 ) ;
#4318 = CARTESIAN_POINT ( 'NONE',  ( 0.1358329878295947701, -0.2226258399788601239, 0.2165354330698099350 ) ) ;
#4319 = CARTESIAN_POINT ( 'NONE',  ( -0.07282842949323992121, -0.3525470998213799945, 0.1909448818887074517 ) ) ;
#4320 = ORIENTED_EDGE ( 'NONE', *, *, #3395, .T. ) ;
#4321 = DIRECTION ( 'NONE',  ( 1.000000000000000000, -1.737850800384704371E-16, 3.330669073875469621E-16 ) ) ;
#4322 = LINE ( 'NONE', #4186, #5405 ) ;
#4323 = CARTESIAN_POINT ( 'NONE',  ( 0.01181723979809859090, -0.4391612730497262418, 0.7283464566918570471 ) ) ;
#4324 = EDGE_CURVE ( 'NONE', #2630, #4437, #2733, .T. ) ;
#4325 = DIRECTION ( 'NONE',  ( -1.228015396737279800E-16, -1.287490079826536515E-18, 1.000000000000000000 ) ) ;
#4326 = CARTESIAN_POINT ( 'NONE',  ( -0.06495441374520848077, -0.1005785958843719852, 0.1909448818887074795 ) ) ;
#4327 = ORIENTED_EDGE ( 'NONE', *, *, #6474, .F. ) ;
#4328 = CARTESIAN_POINT ( 'NONE',  ( 0.03777346792583276963, -0.4391612730497262418, 0.5878171478554616858 ) ) ;
#4329 = ORIENTED_EDGE ( 'NONE', *, *, #5901, .T. ) ;
#4330 = CARTESIAN_POINT ( 'NONE',  ( 0.1247261970436229633, -0.2069255682782996653, 0.5304553114422921878 ) ) ;
#4331 = CARTESIAN_POINT ( 'NONE',  ( 0.001974720113059212287, -0.3909329265930334141, 0.5775590551170539655 ) ) ;
#4332 = B_SPLINE_CURVE_WITH_KNOTS ( 'NONE', 3,
 ( #4342, #7037, #342, #7725 ),
 .UNSPECIFIED., .F., .F.,
 ( 4, 4 ),
 ( 0.000000000000000000, 1.000000000000000000 ),
 .UNSPECIFIED. ) ;
#4333 = AXIS2_PLACEMENT_3D ( 'NONE', #8346, #3165, #3075 ) ;
#4334 = CARTESIAN_POINT ( 'NONE',  ( 0.1555180271996734476, -0.3525470998213799945, 0.2027559055107547303 ) ) ;
#4335 = ADVANCED_FACE ( 'NONE', ( #4220 ), #5457, .F. ) ;
#4336 = DIRECTION ( 'NONE',  ( 1.411854421747038033E-17, 7.425991029036739954E-17, -1.000000000000000000 ) ) ;
#4337 = CARTESIAN_POINT ( 'NONE',  ( 0.02165975948313831126, -0.2386262973325885550, 0.6343006272539548629 ) ) ;
#4338 = ORIENTED_EDGE ( 'NONE', *, *, #3820, .T. ) ;
#4339 = AXIS2_PLACEMENT_3D ( 'NONE', #2397, #334, #8293 ) ;
#4340 = LINE ( 'NONE', #5047, #4565 ) ;
#4341 = ORIENTED_EDGE ( 'NONE', *, *, #578, .F. ) ;
#4342 = CARTESIAN_POINT ( 'NONE',  ( 0.1284608703136276564, -0.2412089842648444948, 0.4021010692366928096 ) ) ;
#4343 = DIRECTION ( 'NONE',  ( -0.7239618166986742098, -0.6898400452005922778, -1.156482317317871478E-16 ) ) ;
#4344 = LINE ( 'NONE', #7041, #6079 ) ;
#4345 = EDGE_CURVE ( 'NONE', #6504, #4542, #2684, .T. ) ;
#4346 = AXIS2_PLACEMENT_3D ( 'NONE', #7110, #1075, #5122 ) ;
#4347 = LINE ( 'NONE', #6423, #4042 ) ;
#4348 = CARTESIAN_POINT ( 'NONE',  ( 0.04134479885321681175, -0.3988069423410648406, 0.4318897637784705479 ) ) ;
#4349 = ORIENTED_EDGE ( 'NONE', *, *, #954, .T. ) ;
#4350 = DIRECTION ( 'NONE',  ( -9.117121629785412755E-17, 1.000000000000000000, 1.882801286680184389E-17 ) ) ;
#4351 = AXIS2_PLACEMENT_3D ( 'NONE', #6414, #7719, #5135 ) ;
#4352 = CARTESIAN_POINT ( 'NONE',  ( 0.1282371099185014851, -0.2372048170275657397, 0.4076460902702918609 ) ) ;
#4353 = DIRECTION ( 'NONE',  ( -9.117121629785411522E-17, 1.000000000000000000, 1.882801286680184389E-17 ) ) ;
#4354 = DIRECTION ( 'NONE',  ( -1.228015396737279800E-16, -1.287490079826536515E-18, 1.000000000000000000 ) ) ;
#4355 = ADVANCED_FACE ( 'NONE', ( #8136 ), #3377, .T. ) ;
#4356 = VERTEX_POINT ( 'NONE', #4176 ) ;
#4357 = CIRCLE ( 'NONE', #2528, 0.02362204724409461970 ) ;
#4358 = VERTEX_POINT ( 'NONE', #2114 ) ;
#4359 = VERTEX_POINT ( 'NONE', #2823 ) ;
#4360 = ORIENTED_EDGE ( 'NONE', *, *, #3859, .T. ) ;
#4361 = CARTESIAN_POINT ( 'NONE',  ( 0.08662038940439795165, -0.4391612730497262418, 0.1181102362194161731 ) ) ;
#4362 = DIRECTION ( 'NONE',  ( 1.084202172485504280E-17, -1.000000000000000000, 0.000000000000000000 ) ) ;
#4363 = ORIENTED_EDGE ( 'NONE', *, *, #3363, .F. ) ;
#4364 = CARTESIAN_POINT ( 'NONE',  ( 0.05892000206241999188, -0.1327790269366666831, 2.079575942781430431 ) ) ;
#4365 = ADVANCED_FACE ( 'NONE', ( #259 ), #5377, .F. ) ;
#4366 = AXIS2_PLACEMENT_3D ( 'NONE', #5724, #2427, #6979 ) ;
#4367 = FACE_OUTER_BOUND ( 'NONE', #2969, .T. ) ;
#4368 = CARTESIAN_POINT ( 'NONE',  ( -0.001962287760956580359, -0.5730195407662619367, 0.7519685039359512713 ) ) ;
#4369 = CIRCLE ( 'NONE', #1971, 0.04330708661417310285 ) ;
#4370 = CARTESIAN_POINT ( 'NONE',  ( -0.02592684560836239910, -0.2433870993412016459, 0.6741671293357937023 ) ) ;
#4371 = LINE ( 'NONE', #8325, #7438 ) ;
#4372 = VECTOR ( 'NONE', #2068, 39.37007874015748143 ) ;
#4373 = CARTESIAN_POINT ( 'NONE',  ( 0.04134479885321676318, -0.2226258399788601239, 0.1909448818887074795 ) ) ;
#4374 = CIRCLE ( 'NONE', #2271, 0.01574803149606289823 ) ;
#4375 = ORIENTED_EDGE ( 'NONE', *, *, #476, .T. ) ;
#4376 = SURFACE_SIDE_STYLE ('',( #3624 ) ) ;
#4377 = VERTEX_POINT ( 'NONE', #1714 ) ;
#4378 = EDGE_CURVE ( 'NONE', #4113, #7544, #1569, .T. ) ;
#4379 = CARTESIAN_POINT ( 'NONE',  ( -0.1003874846113502334, -0.3988069423410648406, 0.7283464566918570471 ) ) ;
#4380 = ADVANCED_FACE ( 'NONE', ( #8351 ), #2248, .F. ) ;
#4381 = VECTOR ( 'NONE', #3547, 39.37007874015748143 ) ;
#4382 = AXIS2_PLACEMENT_3D ( 'NONE', #225, #7608, #1059 ) ;
#4383 = SURFACE_STYLE_USAGE ( .BOTH. , #3673 ) ;
#4384 = DIRECTION ( 'NONE',  ( -3.184051530367221417E-16, 0.07845909572784610930, 0.9969173337331278528 ) ) ;
#4385 = PLANE ( 'NONE',  #8003 ) ;
#4386 = ORIENTED_EDGE ( 'NONE', *, *, #4164, .F. ) ;
#4387 = ORIENTED_EDGE ( 'NONE', *, *, #909, .F. ) ;
#4388 = AXIS2_PLACEMENT_3D ( 'NONE', #5759, #309, #934 ) ;
#4389 = VECTOR ( 'NONE', #3753, 39.37007874015748143 ) ;
#4390 = EDGE_CURVE ( 'NONE', #7421, #1174, #5671, .T. ) ;
#4391 = ORIENTED_EDGE ( 'NONE', *, *, #7848, .F. ) ;
#4392 = CARTESIAN_POINT ( 'NONE',  ( 0.04753054907193950823, -0.4352242651757104452, 0.5730533683279025459 ) ) ;
#4393 = DIRECTION ( 'NONE',  ( -9.117121629785411522E-17, 1.000000000000000000, 1.882801286680184389E-17 ) ) ;
#4394 = CARTESIAN_POINT ( 'NONE',  ( -0.05791280915199532170, -0.2255785958843719574, 0.6737462924641005602 ) ) ;
#4395 = LINE ( 'NONE', #7087, #8677 ) ;
#4396 = FACE_OUTER_BOUND ( 'NONE', #1677, .T. ) ;
#4397 = ORIENTED_EDGE ( 'NONE', *, *, #2144, .T. ) ;
#4398 = ADVANCED_FACE ( 'NONE', ( #7092 ), #6969, .F. ) ;
#4399 = CARTESIAN_POINT ( 'NONE',  ( 0.03685073170536033033, -0.4391612730497262418, 0.5878171478554616858 ) ) ;
#4400 = CIRCLE ( 'NONE', #2293, 0.007874015748031449116 ) ;
#4401 = CARTESIAN_POINT ( 'NONE',  ( 0.04134479885321703380, -0.2307765545472892921, 0.6336828390986180004 ) ) ;
#4402 = FACE_OUTER_BOUND ( 'NONE', #2758, .T. ) ;
#4403 = DIRECTION ( 'NONE',  ( 1.000000000000000000, 1.110223024625156294E-16, 1.411854421747038957E-17 ) ) ;
#4404 = VERTEX_POINT ( 'NONE', #7650 ) ;
#4405 = VECTOR ( 'NONE', #8253, 39.37007874015748143 ) ;
#4406 = ORIENTED_EDGE ( 'NONE', *, *, #7088, .T. ) ;
#4407 = VERTEX_POINT ( 'NONE', #2366 ) ;
#4408 = VERTEX_POINT ( 'NONE', #2951 ) ;
#4409 = EDGE_CURVE ( 'NONE', #8573, #6457, #932, .T. ) ;
#4410 = LINE ( 'NONE', #5025, #7749 ) ;
#4411 = LINE ( 'NONE', #7103, #3282 ) ;
#4412 = EDGE_LOOP ( 'NONE', ( #2148, #4244 ) ) ;
#4413 = FACE_OUTER_BOUND ( 'NONE', #1155, .T. ) ;
#4414 = CIRCLE ( 'NONE', #4271, 0.007874015748031551465 ) ;
#4415 = DIRECTION ( 'NONE',  ( 1.000000000000000000, 0.000000000000000000, 0.000000000000000000 ) ) ;
#4416 = CARTESIAN_POINT ( 'NONE',  ( 0.03777346792583276963, -0.4352242651757104452, 0.5393700787391012552 ) ) ;
#4417 = APPLICATION_CONTEXT ( 'automotive_design' ) ;
#4418 =( BOUNDED_CURVE ( )  B_SPLINE_CURVE ( 3, ( #1613, #6238, #208, #5574 ),
 .UNSPECIFIED., .F., .T. ) 
 B_SPLINE_CURVE_WITH_KNOTS ( ( 4, 4 ),
 ( 0.0001324856092255169069, 0.0001951289851373240718 ),
 .UNSPECIFIED. ) 
 CURVE ( )  GEOMETRIC_REPRESENTATION_ITEM ( )  RATIONAL_B_SPLINE_CURVE ( ( 0.5034522725367643892, 0.5045516275917832916, 0.5059135448121855338, 0.5075380241979712270 ) ) 
 REPRESENTATION_ITEM ( '' )  );
#4419 = LINE ( 'NONE', #8462, #4498 ) ;
#4420 = CIRCLE ( 'NONE', #1612, 0.01574803149606289823 ) ;
#4421 = CARTESIAN_POINT ( 'NONE',  ( 0.1284608703136276842, -0.2348794026851816485, 0.3974174252465248469 ) ) ;
#4422 = ORIENTED_EDGE ( 'NONE', *, *, #1112, .T. ) ;
#4423 = CARTESIAN_POINT ( 'NONE',  ( 0.1555180271996734476, -0.09270458013634053085, 0.1909448818887074795 ) ) ;
#4424 = ORIENTED_EDGE ( 'NONE', *, *, #658, .T. ) ;
#4425 = DIRECTION ( 'NONE',  ( -3.165553788278845126E-17, -0.000000000000000000, -1.000000000000000000 ) ) ;
#4426 = DIRECTION ( 'NONE',  ( 1.000000000000000000, -1.239088197126290570E-16, 0.000000000000000000 ) ) ;
#4427 = UNCERTAINTY_MEASURE_WITH_UNIT (LENGTH_MEASURE( 1.000000000000000082E-05 ), #7570, 'distance_accuracy_value', 'NONE');
#4428 = CARTESIAN_POINT ( 'NONE',  ( 0.1555180271996734476, -0.3525470998213799945, 0.1909448818887074517 ) ) ;
#4429 = VECTOR ( 'NONE', #5672, 39.37007874015748143 ) ;
#4430 = EDGE_CURVE ( 'NONE', #2403, #5815, #5356, .T. ) ;
#4431 = DIRECTION ( 'NONE',  ( 1.000000000000000000, 0.000000000000000000, 0.000000000000000000 ) ) ;
#4432 = EDGE_CURVE ( 'NONE', #7980, #5987, #6386, .T. ) ;
#4433 = DIRECTION ( 'NONE',  ( -1.716572833537972315E-33, 1.882801286680184389E-17, -1.000000000000000000 ) ) ;
#4434 = ORIENTED_EDGE ( 'NONE', *, *, #1824, .T. ) ;
#4435 = ORIENTED_EDGE ( 'NONE', *, *, #7262, .T. ) ;
#4436 = AXIS2_PLACEMENT_3D ( 'NONE', #2060, #3906, #5449 ) ;
#4437 = VERTEX_POINT ( 'NONE', #3732 ) ;
#4438 = ORIENTED_EDGE ( 'NONE', *, *, #7276, .F. ) ;
#4439 = CARTESIAN_POINT ( 'NONE',  ( -0.06495441374520848077, -0.3446730840733485124, 0.1909448818887074517 ) ) ;
#4440 = CARTESIAN_POINT ( 'NONE',  ( -0.1515685869735546865, -0.2334526116324034117, 0.7283464566918566030 ) ) ;
#4441 = AXIS2_PLACEMENT_3D ( 'NONE', #5551, #6879, #7531 ) ;
#4442 = DIRECTION ( 'NONE',  ( -1.411854421747038033E-17, -7.425991029036739954E-17, 1.000000000000000000 ) ) ;
#4443 = EDGE_CURVE ( 'NONE', #1529, #8491, #227, .T. ) ;
#4444 = CARTESIAN_POINT ( 'NONE',  ( 0.08071487759337415968, -0.3909329265930334141, 0.5696850393690224834 ) ) ;
#4445 = ORIENTED_EDGE ( 'NONE', *, *, #1510, .F. ) ;
#4446 = CARTESIAN_POINT ( 'NONE',  ( -0.1555055948475705385, -0.3997911943095688869, 0.7283464566918570471 ) ) ;
#4447 = CARTESIAN_POINT ( 'NONE',  ( 0.04134479885321681175, -0.3751848950969702279, 0.3838502321687574104 ) ) ;
#4448 = CARTESIAN_POINT ( 'NONE',  ( -0.1555055948475705385, -0.2462478872229545701, 0.7283464566918570471 ) ) ;
#4449 = CARTESIAN_POINT ( 'NONE',  ( 0.1476440114516419932, -0.3525470998213799945, 0.1909448818887074517 ) ) ;
#4450 = APPLICATION_PROTOCOL_DEFINITION ( 'draft international standard', 'automotive_design', 1998, #5754 ) ;
#4451 = ORIENTED_EDGE ( 'NONE', *, *, #425, .F. ) ;
#4452 = EDGE_CURVE ( 'NONE', #7212, #2793, #3602, .T. ) ;
#4453 = ORIENTED_EDGE ( 'NONE', *, *, #1653, .T. ) ;
#4454 = ORIENTED_EDGE ( 'NONE', *, *, #4634, .T. ) ;
#4455 = ORIENTED_EDGE ( 'NONE', *, *, #86, .T. ) ;
#4456 = CARTESIAN_POINT ( 'NONE',  ( 0.1496125153886498638, -0.2226258399788601239, -1.056269026750287463E-12 ) ) ;
#4457 = DIRECTION ( 'NONE',  ( 9.117121629785411522E-17, -1.000000000000000000, -1.882801286680184389E-17 ) ) ;
#4458 = ORIENTED_EDGE ( 'NONE', *, *, #6578, .F. ) ;
#4459 = DIRECTION ( 'NONE',  ( 3.184051530367221417E-16, -0.07845909572784610930, -0.9969173337331278528 ) ) ;
#4460 = COLOUR_RGB ( '',0.7921568627450980005, 0.8196078431372548767, 0.9333333333333333481 ) ;
#4461 = LINE ( 'NONE', #3097, #620 ) ;
#4462 = FACE_OUTER_BOUND ( 'NONE', #6670, .T. ) ;
#4463 = PLANE ( 'NONE',  #7948 ) ;
#4464 = EDGE_CURVE ( 'NONE', #3994, #7100, #892, .T. ) ;
#4465 = CARTESIAN_POINT ( 'NONE',  ( 0.08071487759337428458, -0.3840431628135057562, 0.4763779527548483439 ) ) ;
#4466 = CARTESIAN_POINT ( 'NONE',  ( 0.04134479885321703380, -0.2414063440316069620, 0.5989767847201039608 ) ) ;
#4467 = ORIENTED_EDGE ( 'NONE', *, *, #1765, .T. ) ;
#4468 = LINE ( 'NONE', #1688, #3664 ) ;
#4469 = ORIENTED_EDGE ( 'NONE', *, *, #1190, .F. ) ;
#4470 = CARTESIAN_POINT ( 'NONE',  ( 0.1247261970436229633, -0.2073587640942069488, 0.5330439875618129264 ) ) ;
#4471 = CARTESIAN_POINT ( 'NONE',  ( -0.05207951360846464761, -0.3795698433511511261, 0.2604591342078426686 ) ) ;
#4472 = CARTESIAN_POINT ( 'NONE',  ( 0.02418092393617730929, -0.2492922836831590883, 0.5991346480820328724 ) ) ;
#4473 = FACE_OUTER_BOUND ( 'NONE', #8089, .T. ) ;
#4474 = EDGE_CURVE ( 'NONE', #7283, #5720, #1140, .T. ) ;
#4475 = LINE ( 'NONE', #7718, #2362 ) ;
#4476 = DIRECTION ( 'NONE',  ( 0.000000000000000000, -2.409338161078899674E-16, 1.000000000000000000 ) ) ;
#4477 = EDGE_LOOP ( 'NONE', ( #5874, #1764, #3553, #6947 ) ) ;
#4478 = VERTEX_POINT ( 'NONE', #1888 ) ;
#4479 = ORIENTED_EDGE ( 'NONE', *, *, #2772, .F. ) ;
#4480 = EDGE_CURVE ( 'NONE', #5238, #5044, #1844, .T. ) ;
#4481 = CARTESIAN_POINT ( 'NONE',  ( -0.1555055948475705385, -0.4391612730497262418, 0.7283464566918570471 ) ) ;
#4482 = EDGE_CURVE ( 'NONE', #1342, #7333, #573, .T. ) ;
#4483 = LENGTH_MEASURE_WITH_UNIT ( LENGTH_MEASURE( 0.02539999999999999897 ), #2451 );
#4484 = CARTESIAN_POINT ( 'NONE',  ( 0.04005559057283298446, -0.3751848950969702834, 0.3933151221598379932 ) ) ;
#4485 = CARTESIAN_POINT ( 'NONE',  ( 0.008739190377102192334, -0.3071064188523874861, 0.2165354330698098795 ) ) ;
#4486 = VECTOR ( 'NONE', #8579, 39.37007874015748143 ) ;
#4487 = VERTEX_POINT ( 'NONE', #5848 ) ;
#4488 = B_SPLINE_CURVE_WITH_KNOTS ( 'NONE', 3,
 ( #884, #3560, #8264, #2243, #4930, #6296, #7605, #1586, #256, #1839, #1796, #7131, #2454, #5187, #5102 ),
 .UNSPECIFIED., .F., .F.,
 ( 4, 2, 2, 2, 1, 2, 2, 4 ),
 ( 0.000000000000000000, 0.06250000000000288658, 0.1250000000000057732, 0.2500000000000049960, 0.3125000000000046629, 0.3437500000000044964, 0.3750000000000043299, 0.5000000016022738691 ),
 .UNSPECIFIED. ) ;
#4489 = LINE ( 'NONE', #2498, #1283 ) ;
#4490 = CARTESIAN_POINT ( 'NONE',  ( 0.1830770823177835793, -1.445962891180036403, 0.3582677165343765568 ) ) ;
#4491 = EDGE_CURVE ( 'NONE', #1955, #2181, #7296, .T. ) ;
#4492 = CARTESIAN_POINT ( 'NONE',  ( 0.03685073170536033033, -0.4352242651757104452, 0.5878171478554616858 ) ) ;
#4493 = CARTESIAN_POINT ( 'NONE',  ( 0.04355765701157205544, -0.4352242651757104452, 0.5501387521861702545 ) ) ;
#4494 = VECTOR ( 'NONE', #1540, 39.37007874015748143 ) ;
#4495 = VERTEX_POINT ( 'NONE', #4617 ) ;
#4496 = ORIENTED_EDGE ( 'NONE', *, *, #5381, .T. ) ;
#4497 = ORIENTED_EDGE ( 'NONE', *, *, #7276, .T. ) ;
#4498 = VECTOR ( 'NONE', #4953, 39.37007874015748143 ) ;
#4499 = VERTEX_POINT ( 'NONE', #1799 ) ;
#4500 = CARTESIAN_POINT ( 'NONE',  ( 0.07087235790833486260, -0.4352242651757104452, 0.5393700787391012552 ) ) ;
#4501 = DIRECTION ( 'NONE',  ( 1.411854421747038033E-17, 7.425991029036739954E-17, -1.000000000000000000 ) ) ;
#4502 = ORIENTED_EDGE ( 'NONE', *, *, #6958, .T. ) ;
#4503 = CARTESIAN_POINT ( 'NONE',  ( 0.04134479885321701992, -0.2450971055668612064, 0.6524394401324297155 ) ) ;
#4504 = EDGE_CURVE ( 'NONE', #7212, #2424, #5932, .T. ) ;
#4505 = CARTESIAN_POINT ( 'NONE',  ( -0.04470618950752147658, -0.2311701621704494725, 0.4325447551727851780 ) ) ;
#4506 = LINE ( 'NONE', #8409, #5920 ) ;
#4507 = PLANE ( 'NONE',  #2464 ) ;
#4508 = VECTOR ( 'NONE', #3327, 39.37007874015748143 ) ;
#4509 = CARTESIAN_POINT ( 'NONE',  ( 0.04356597094563638417, -0.2503259201562327840, 0.5860010514323806818 ) ) ;
#4510 = FACE_OUTER_BOUND ( 'NONE', #7960, .T. ) ;
#4511 = ORIENTED_EDGE ( 'NONE', *, *, #7278, .F. ) ;
#4512 = LINE ( 'NONE', #2168, #162 ) ;
#4513 = AXIS2_PLACEMENT_3D ( 'NONE', #2930, #5565, #5432 ) ;
#4514 = ORIENTED_EDGE ( 'NONE', *, *, #4285, .F. ) ;
#4515 = FACE_BOUND ( 'NONE', #7829, .T. ) ;
#4516 = ADVANCED_FACE ( 'NONE', ( #437 ), #7864, .T. ) ;
#4517 = CARTESIAN_POINT ( 'NONE',  ( 0.05556177173160704863, -0.4391612730497262418, 0.5894575678029682075 ) ) ;
#4518 = AXIS2_PLACEMENT_3D ( 'NONE', #1760, #8393, #5016 ) ;
#4519 = VECTOR ( 'NONE', #2151, 39.37007874015748143 ) ;
#4520 = CARTESIAN_POINT ( 'NONE',  ( 0.04134479885321721421, -0.2332477071686386016, 0.6022838679574166187 ) ) ;
#4521 = DIRECTION ( 'NONE',  ( -1.000000000000000000, 0.000000000000000000, 0.000000000000000000 ) ) ;
#4522 = ORIENTED_EDGE ( 'NONE', *, *, #7809, .F. ) ;
#4523 = ORIENTED_EDGE ( 'NONE', *, *, #667, .T. ) ;
#4524 = EDGE_LOOP ( 'NONE', ( #1806, #1286, #3687, #2399, #314, #3530 ) ) ;
#4525 = EDGE_CURVE ( 'NONE', #4317, #107, #4538, .T. ) ;
#4526 = AXIS2_PLACEMENT_3D ( 'NONE', #2534, #5840, #5923 ) ;
#4527 = EDGE_CURVE ( 'NONE', #4495, #5439, #8567, .T. ) ;
#4528 = ORIENTED_EDGE ( 'NONE', *, *, #3847, .F. ) ;
#4529 = VECTOR ( 'NONE', #2565, 39.37007874015748143 ) ;
#4530 = CARTESIAN_POINT ( 'NONE',  ( 0.1086164433147963626, -0.2433870993412013684, 0.6741671293357939243 ) ) ;
#4531 = B_SPLINE_CURVE_WITH_KNOTS ( 'NONE', 3,
 ( #1220, #430, #2537, #7859, #4575, #5841, #7253, #1093, #5100, #1053, #3121, #4394, #5051, #345, #4532 ),
 .UNSPECIFIED., .F., .F.,
 ( 4, 2, 2, 2, 1, 2, 2, 4 ),
 ( 0.000000000000000000, 0.06249999999999496236, 0.1249999999999899247, 0.2499999999999863998, 0.3124999999999846234, 0.3437499999999859002, 0.3749999999999871214, 0.5000000016022618787 ),
 .UNSPECIFIED. ) ;
#4532 = CARTESIAN_POINT ( 'NONE',  ( -0.06495441383132918856, -0.2255785958843719297, 0.6751968503927454623 ) ) ;
#4533 = DIRECTION ( 'NONE',  ( 1.084202172485504280E-17, -1.000000000000000000, 0.000000000000000000 ) ) ;
#4534 = VECTOR ( 'NONE', #8456, 39.37007874015748143 ) ;
#4535 = CARTESIAN_POINT ( 'NONE',  ( 0.01070100679560587707, -0.3078381138092690095, 0.2165354330698098795 ) ) ;
#4536 = AXIS2_PLACEMENT_3D ( 'NONE', #2776, #4085, #4801 ) ;
#4537 = ORIENTED_EDGE ( 'NONE', *, *, #1303, .T. ) ;
#4538 = LINE ( 'NONE', #5148, #5632 ) ;
#4539 = DIRECTION ( 'NONE',  ( 0.000000000000000000, -1.000000000000000000, 0.000000000000000000 ) ) ;
#4540 = CARTESIAN_POINT ( 'NONE',  ( 0.2381951925540042314, -0.04546048564815143717, 0.1909448818887075350 ) ) ;
#4541 = PRODUCT_CONTEXT ( 'NONE', #4417, 'mechanical' ) ;
#4542 = VERTEX_POINT ( 'NONE', #7219 ) ;
#4543 = ADVANCED_FACE ( 'NONE', ( #8648 ), #6591, .T. ) ;
#4544 = EDGE_CURVE ( 'NONE', #3287, #2421, #2585, .T. ) ;
#4545 = ORIENTED_EDGE ( 'NONE', *, *, #7434, .T. ) ;
#4546 = ORIENTED_EDGE ( 'NONE', *, *, #2925, .T. ) ;
#4547 = ORIENTED_EDGE ( 'NONE', *, *, #2911, .F. ) ;
#4548 = CARTESIAN_POINT ( 'NONE',  ( -0.1555055948475706495, -0.2344368636009073192, 0.6141732283454004460 ) ) ;
#4549 = ORIENTED_EDGE ( 'NONE', *, *, #1085, .F. ) ;
#4550 = CARTESIAN_POINT ( 'NONE',  ( -0.1259780357924523975, -0.2177045801363403921, 0.4976528653221189979 ) ) ;
#4551 = DIRECTION ( 'NONE',  ( 1.000000000000000000, 0.000000000000000000, 0.000000000000000000 ) ) ;
#4552 = CARTESIAN_POINT ( 'NONE',  ( 0.08465188546738984521, -0.4106179659631121748, 0.7401574803139043812 ) ) ;
#4553 = DIRECTION ( 'NONE',  ( 0.000000000000000000, 1.000000000000000000, 0.000000000000000000 ) ) ;
#4554 = VECTOR ( 'NONE', #2095, 39.37007874015748143 ) ;
#4555 = EDGE_CURVE ( 'NONE', #7523, #7104, #7134, .T. ) ;
#4556 = ORIENTED_EDGE ( 'NONE', *, *, #6501, .F. ) ;
#4557 = DIRECTION ( 'NONE',  ( 0.000000000000000000, 1.000000000000000000, -1.084202172485501673E-15 ) ) ;
#4558 = ORIENTED_EDGE ( 'NONE', *, *, #2591, .T. ) ;
#4559 = CARTESIAN_POINT ( 'NONE',  ( -0.1515685869735546865, -0.2177045801363403921, 0.4251968503926439880 ) ) ;
#4560 = TOROIDAL_SURFACE ( 'NONE', #4263, 0.003937007874015971756, 0.007874015748031270440 ) ;
#4561 = ORIENTED_EDGE ( 'NONE', *, *, #5675, .F. ) ;
#4562 = CARTESIAN_POINT ( 'NONE',  ( 0.2381951925540042869, -0.4391612730497262418, 0.1181102362194161454 ) ) ;
#4563 = CARTESIAN_POINT ( 'NONE',  ( -0.05320113532175550775, -0.3988856824985452243, 0.2952755905501241451 ) ) ;
#4564 = DIRECTION ( 'NONE',  ( -1.228015396737279800E-16, -1.287490079826536515E-18, 1.000000000000000000 ) ) ;
#4565 = VECTOR ( 'NONE', #340, 39.37007874015748143 ) ;
#4566 = CARTESIAN_POINT ( 'NONE',  ( 0.03534863969915230664, -0.4391612730497597705, 0.5874534286669548244 ) ) ;
#4567 = EDGE_CURVE ( 'NONE', #7186, #5344, #6634, .T. ) ;
#4568 = DIRECTION ( 'NONE',  ( -1.000000000000000000, -0.000000000000000000, 0.000000000000000000 ) ) ;
#4569 = EDGE_LOOP ( 'NONE', ( #6437, #1266, #1909, #5752 ) ) ;
#4570 = ORIENTED_EDGE ( 'NONE', *, *, #1278, .F. ) ;
#4571 = ORIENTED_EDGE ( 'NONE', *, *, #13, .F. ) ;
#4572 = DIRECTION ( 'NONE',  ( 1.716572833537972315E-33, -1.882801286680184389E-17, 1.000000000000000000 ) ) ;
#4573 = EDGE_LOOP ( 'NONE', ( #3934, #8284, #5679, #2923 ) ) ;
#4574 = CARTESIAN_POINT ( 'NONE',  ( 0.1331988409162924991, -0.3277889557025913669, 0.2718573705992837208 ) ) ;
#4575 = CARTESIAN_POINT ( 'NONE',  ( -0.04803542793722943849, -0.2255785958843719574, 0.6628704095188662215 ) ) ;
#4576 = PLANE ( 'NONE',  #2228 ) ;
#4577 = EDGE_CURVE ( 'NONE', #1151, #4317, #2625, .T. ) ;
#4578 = CIRCLE ( 'NONE', #4141, 0.007874015748031466463 ) ;
#4579 = ADVANCED_FACE ( 'NONE', ( #5311 ), #563, .F. ) ;
#4580 = CARTESIAN_POINT ( 'NONE',  ( 0.05035111456848101463, -0.4352242651757110559, 0.5852684807204737716 ) ) ;
#4581 = VERTEX_POINT ( 'NONE', #1926 ) ;
#4582 = DIRECTION ( 'NONE',  ( 0.000000000000000000, 0.000000000000000000, 1.000000000000000000 ) ) ;
#4583 = VECTOR ( 'NONE', #4564, 39.37007874015748143 ) ;
#4584 = DIRECTION ( 'NONE',  ( 5.593389691446116160E-16, -0.07845909572784610930, -0.9969173337331279638 ) ) ;
#4585 = CARTESIAN_POINT ( 'NONE',  ( -0.03964815091417140530, -0.1461389239612269908, 0.6124790495147548475 ) ) ;
#4586 = ORIENTED_EDGE ( 'NONE', *, *, #3923, .F. ) ;
#4587 = EDGE_CURVE ( 'NONE', #5939, #7333, #347, .T. ) ;
#4588 = ORIENTED_EDGE ( 'NONE', *, *, #1877, .T. ) ;
#4589 = VECTOR ( 'NONE', #7882, 39.37007874015748143 ) ;
#4590 = VERTEX_POINT ( 'NONE', #1491 ) ;
#4591 = EDGE_LOOP ( 'NONE', ( #4974, #5382, #68, #3306, #7141, #7699 ) ) ;
#4592 = CARTESIAN_POINT ( 'NONE',  ( -0.1003874846113500946, -0.3909329265930334141, 0.2952755905501244227 ) ) ;
#4593 = DIRECTION ( 'NONE',  ( -3.330669073875468635E-16, 6.231570711506254047E-16, 1.000000000000000000 ) ) ;
#4594 = FACE_OUTER_BOUND ( 'NONE', #7669, .T. ) ;
#4595 = DIRECTION ( 'NONE',  ( -1.000000000000000000, 0.000000000000000000, 0.000000000000000000 ) ) ;
#4596 = EDGE_CURVE ( 'NONE', #1206, #6667, #5447, .T. ) ;
#4597 = ORIENTED_EDGE ( 'NONE', *, *, #2831, .F. ) ;
#4598 = DIRECTION ( 'NONE',  ( -2.710505431213770946E-16, -0.9969173337331279638, 0.07845909572784554031 ) ) ;
#4599 = ORIENTED_EDGE ( 'NONE', *, *, #2613, .F. ) ;
#4600 = DIRECTION ( 'NONE',  ( -1.000000000000000000, 0.000000000000000000, 0.000000000000000000 ) ) ;
#4601 = ORIENTED_EDGE ( 'NONE', *, *, #5562, .F. ) ;
#4602 = CARTESIAN_POINT ( 'NONE',  ( -0.1003874846113500946, -0.3909329265930334141, 0.2952755905501241451 ) ) ;
#4603 = CARTESIAN_POINT ( 'NONE',  ( -0.01827017454495122317, -0.1541800374931982520, 0.2165354330698099627 ) ) ;
#4604 = ADVANCED_FACE ( 'NONE', ( #3505 ), #6680, .F. ) ;
#4605 = DIRECTION ( 'NONE',  ( -1.000000000000000000, -0.000000000000000000, 0.000000000000000000 ) ) ;
#4606 = LINE ( 'NONE', #19, #3796 ) ;
#4607 = ORIENTED_EDGE ( 'NONE', *, *, #1580, .F. ) ;
#4608 = ORIENTED_EDGE ( 'NONE', *, *, #4409, .F. ) ;
#4609 = EDGE_LOOP ( 'NONE', ( #6700, #3942 ) ) ;
#4610 = ORIENTED_EDGE ( 'NONE', *, *, #7305, .T. ) ;
#4611 = DIRECTION ( 'NONE',  ( 1.737850800384704371E-16, 1.000000000000000000, -1.448216729911410023E-17 ) ) ;
#4612 = ADVANCED_FACE ( 'NONE', ( #3989 ), #1003, .T. ) ;
#4613 = CARTESIAN_POINT ( 'NONE',  ( -0.04061438586688533720, -0.2519271926252571459, 0.5651404608681840358 ) ) ;
#4614 = CARTESIAN_POINT ( 'NONE',  ( 0.08628904527749259312, -0.1430268117371688574, 0.2165354330698099905 ) ) ;
#4615 = DIRECTION ( 'NONE',  ( 0.000000000000000000, 1.000000000000000000, 0.000000000000000000 ) ) ;
#4616 = ORIENTED_EDGE ( 'NONE', *, *, #4324, .F. ) ;
#4617 = CARTESIAN_POINT ( 'NONE',  ( -0.05511189406016910042, -0.3988069423410648406, 0.3582677165343768344 ) ) ;
#4618 = ADVANCED_FACE ( 'NONE', ( #652 ), #7974, .T. ) ;
#4619 = DIRECTION ( 'NONE',  ( 0.000000000000000000, 0.07845909572784552644, 0.9969173337331278528 ) ) ;
#4620 = CARTESIAN_POINT ( 'NONE',  ( -0.03964815091417130816, -0.1556272368074932966, 0.6055689140120833480 ) ) ;
#4621 = DIRECTION ( 'NONE',  ( -8.352213731973515028E-16, -0.9969173337331278528, 0.07845909572784755259 ) ) ;
#4622 = AXIS2_PLACEMENT_3D ( 'NONE', #2309, #4336, #4431 ) ;
#4623 = EDGE_LOOP ( 'NONE', ( #5535, #3135, #1344, #521 ) ) ;
#4624 = ORIENTED_EDGE ( 'NONE', *, *, #3990, .T. ) ;
#4625 = ORIENTED_EDGE ( 'NONE', *, *, #4378, .T. ) ;
#4626 = AXIS2_PLACEMENT_3D ( 'NONE', #1377, #5645, #5728 ) ;
#4627 = CARTESIAN_POINT ( 'NONE',  ( 0.03436276379173532070, -0.2452100591273379260, 0.6510042290673346832 ) ) ;
#4628 = CARTESIAN_POINT ( 'NONE',  ( -0.1712536263436331696, -0.5728226903725609498, 0.7007874015737466378 ) ) ;
#4629 = CARTESIAN_POINT ( 'NONE',  ( 0.2381951925540042314, -0.04546048564815143717, 0.5090551181091799160 ) ) ;
#4630 = CARTESIAN_POINT ( 'NONE',  ( 0.1437070035776262522, -0.2226258399788601239, 0.2086614173217784252 ) ) ;
#4631 = VECTOR ( 'NONE', #2816, 39.37007874015748143 ) ;
#4632 = ORIENTED_EDGE ( 'NONE', *, *, #7358, .F. ) ;
#4633 = CARTESIAN_POINT ( 'NONE',  ( 0.03529795481832579546, -0.2504916631275824201, 0.5838950873048411871 ) ) ;
#4634 = EDGE_CURVE ( 'NONE', #5793, #3545, #2102, .T. ) ;
#4635 = EDGE_LOOP ( 'NONE', ( #1595, #1587 ) ) ;
#4636 = CARTESIAN_POINT ( 'NONE',  ( -0.08121972311756149587, -0.2255785958843719297, 0.6645236015773815508 ) ) ;
#4637 = ORIENTED_EDGE ( 'NONE', *, *, #7741, .F. ) ;
#4638 = PLANE ( 'NONE',  #1695 ) ;
#4639 = CARTESIAN_POINT ( 'NONE',  ( 0.05011933680159831594, -0.4391612730497262418, 0.5835708524705097711 ) ) ;
#4640 = CIRCLE ( 'NONE', #1400, 0.007874015748031449116 ) ;
#4641 = CARTESIAN_POINT ( 'NONE',  ( -0.04337016434871533710, -0.1906351387317115620, 0.2165354330698099072 ) ) ;
#4642 = CARTESIAN_POINT ( 'NONE',  ( 0.03574310331223381348, -0.4391612730497599371, 0.5876800594459612448 ) ) ;
#4643 = DIRECTION ( 'NONE',  ( -1.737850800384704371E-16, -1.000000000000000000, 1.448216729911410023E-17 ) ) ;
#4644 = EDGE_CURVE ( 'NONE', #1747, #7760, #2861, .T. ) ;
#4645 = EDGE_CURVE ( 'NONE', #8340, #1876, #4029, .T. ) ;
#4646 = ORIENTED_EDGE ( 'NONE', *, *, #2089, .F. ) ;
#4647 = VERTEX_POINT ( 'NONE', #693 ) ;
#4648 = ORIENTED_EDGE ( 'NONE', *, *, #1944, .T. ) ;
#4649 = CARTESIAN_POINT ( 'NONE',  ( 0.03517155053414011689, -0.4391612730497263528, 0.5852554684244477556 ) ) ;
#4650 = DIRECTION ( 'NONE',  ( 0.000000000000000000, 0.000000000000000000, -1.000000000000000000 ) ) ;
#4651 = ORIENTED_EDGE ( 'NONE', *, *, #2672, .T. ) ;
#4652 = FACE_OUTER_BOUND ( 'NONE', #2503, .T. ) ;
#4653 = CIRCLE ( 'NONE', #8178, 0.08661417322834648325 ) ;
#4654 = VECTOR ( 'NONE', #7601, 39.37007874015748143 ) ;
#4655 = CARTESIAN_POINT ( 'NONE',  ( 0.08858889334140569727, -0.3909329265930334141, 0.4594488188965814013 ) ) ;
#4656 = CARTESIAN_POINT ( 'NONE',  ( 0.1243445317421888047, -0.1864127154095907013, 0.2165354330698099905 ) ) ;
#4657 = CARTESIAN_POINT ( 'NONE',  ( -0.05050924320985743926, -0.3341185372822549349, 0.2765410145894520166 ) ) ;
#4658 = EDGE_CURVE ( 'NONE', #154, #5836, #2722, .T. ) ;
#4659 = ORIENTED_EDGE ( 'NONE', *, *, #4854, .F. ) ;
#4660 = VECTOR ( 'NONE', #1579, 39.37007874015748143 ) ;
#4661 = AXIS2_PLACEMENT_3D ( 'NONE', #7575, #6791, #1509 ) ;
#4662 = CARTESIAN_POINT ( 'NONE',  ( 0.04983618802726678954, -0.4391612730497261863, 0.5871752277519244334 ) ) ;
#4663 = CARTESIAN_POINT ( 'NONE',  ( -0.1712536263436331696, -0.2177045801363404198, 0.6141732283453998908 ) ) ;
#4664 = CARTESIAN_POINT ( 'NONE',  ( -0.09645047673733443683, -0.2167203281678364568, 0.1909448818887075350 ) ) ;
#4665 = LINE ( 'NONE', #5451, #5518 ) ;
#4666 = VECTOR ( 'NONE', #4199, 39.37007874015748143 ) ;
#4667 = AXIS2_PLACEMENT_3D ( 'NONE', #4500, #1771, #8536 ) ;
#4668 = VERTEX_POINT ( 'NONE', #4794 ) ;
#4669 = CARTESIAN_POINT ( 'NONE',  ( 0.05680048318443055994, -0.2496308642923007470, 0.5948325735425806782 ) ) ;
#4670 = EDGE_CURVE ( 'NONE', #4581, #6205, #2768, .T. ) ;
#4671 = ORIENTED_EDGE ( 'NONE', *, *, #303, .T. ) ;
#4672 = ORIENTED_EDGE ( 'NONE', *, *, #4940, .F. ) ;
#4673 = DIRECTION ( 'NONE',  ( 0.03031934962942545858, -0.1649717273431036135, 0.9858321693957248222 ) ) ;
#4674 = AXIS2_PLACEMENT_3D ( 'NONE', #7389, #7300, #2106 ) ;
#4675 = CARTESIAN_POINT ( 'NONE',  ( 0.03374398931453225642, -0.2452320243906989383, 0.6507251339339873430 ) ) ;
#4676 = LINE ( 'NONE', #4629, #1992 ) ;
#4677 = FACE_OUTER_BOUND ( 'NONE', #7236, .T. ) ;
#4678 = B_SPLINE_SURFACE_WITH_KNOTS ( 'NONE', 3, 1, ( 
 ( #4399, #5712 ),
 ( #6426, #6968 ),
 ( #7091, #5546 ),
 ( #8350, #2915 ),
 ( #8227, #889 ),
 ( #2325, #8392 ),
 ( #6298, #1665 ),
 ( #2204, #4309 ),
 ( #7003, #5015 ),
 ( #4649, #3772 ),
 ( #481, #7981 ) ),
 .UNSPECIFIED., .F., .F., .F.,
 ( 4, 1, 1, 1, 1, 1, 1, 1, 4 ),
 ( 2, 2 ),
 ( 0.000000000000000000, 0.1528630169241088355, 0.2800421764808723180, 0.3850191225655726357, 0.4802976224317340170, 0.5807492916968586272, 0.6958216547084827841, 0.8352772148062453939, 1.000000000000000000 ),
 ( 0.000000000000000000, 1.000000000000000000 ),
 .UNSPECIFIED. ) ;
#4679 = EDGE_CURVE ( 'NONE', #2066, #6707, #5407, .T. ) ;
#4680 = ORIENTED_EDGE ( 'NONE', *, *, #642, .T. ) ;
#4681 = ADVANCED_FACE ( 'NONE', ( #7342 ), #4124, .T. ) ;
#4682 = DIRECTION ( 'NONE',  ( 0.000000000000000000, 1.000000000000000000, 0.000000000000000000 ) ) ;
#4683 = ORIENTED_EDGE ( 'NONE', *, *, #929, .F. ) ;
#4684 = DIRECTION ( 'NONE',  ( 0.2314036809250866467, 0.000000000000000000, -0.9728578192389268908 ) ) ;
#4685 = EDGE_LOOP ( 'NONE', ( #6512, #570, #3541, #7403 ) ) ;
#4686 = CARTESIAN_POINT ( 'NONE',  ( 0.04134479885321710319, -0.2464760401178890115, 0.6349184154092927246 ) ) ;
#4687 = CARTESIAN_POINT ( 'NONE',  ( -0.05297655343966511943, -0.3909329265930334141, 0.2886944281733345719 ) ) ;
#4688 = DIRECTION ( 'NONE',  ( -9.117121629785412755E-17, 1.000000000000000000, 1.882801286680184389E-17 ) ) ;
#4689 = CARTESIAN_POINT ( 'NONE',  ( -0.06495441374520818933, -0.2334526116324034117, 0.6574803149595729312 ) ) ;
#4690 = TOROIDAL_SURFACE ( 'NONE', #2011, 0.006046844034891076143, 0.01574803149606309946 ) ;
#4691 = DIRECTION ( 'NONE',  ( 1.000000000000000000, 0.000000000000000000, 0.000000000000000000 ) ) ;
#4692 = EDGE_LOOP ( 'NONE', ( #3214, #2017, #6709, #6376 ) ) ;
#4693 = ORIENTED_EDGE ( 'NONE', *, *, #2703, .T. ) ;
#4694 = VERTEX_POINT ( 'NONE', #4923 ) ;
#4695 = FACE_OUTER_BOUND ( 'NONE', #1466, .T. ) ;
#4696 = CARTESIAN_POINT ( 'NONE',  ( 0.1594550350736892996, -0.3210510368292537886, 0.1909448818887074795 ) ) ;
#4697 = ORIENTED_EDGE ( 'NONE', *, *, #2991, .T. ) ;
#4698 = DIRECTION ( 'NONE',  ( 1.146678109015832589E-15, -1.000000000000000000, -7.425991029036738721E-17 ) ) ;
#4699 = CIRCLE ( 'NONE', #4836, 0.03149606299212599769 ) ;
#4700 = LINE ( 'NONE', #4655, #5384 ) ;
#4701 = ADVANCED_FACE ( 'NONE', ( #6420 ), #3722, .F. ) ;
#4702 = DIRECTION ( 'NONE',  ( -0.7239618166986739878, -0.6898400452005926109, -8.979178797049476230E-17 ) ) ;
#4703 = DIRECTION ( 'NONE',  ( -0.9995402628398961653, -0.005004136067587792308, 0.02990353798747596298 ) ) ;
#4704 = ORIENTED_EDGE ( 'NONE', *, *, #6661, .F. ) ;
#4705 = VECTOR ( 'NONE', #3787, 39.37007874015748143 ) ;
#4706 = CARTESIAN_POINT ( 'NONE',  ( 0.04936935532510586949, -0.4352242651757104452, 0.5875699263431144459 ) ) ;
#4707 = CARTESIAN_POINT ( 'NONE',  ( 0.1476440114516419932, -0.3446730840733485124, 0.1909448818887074517 ) ) ;
#4708 = DIRECTION ( 'NONE',  ( -1.000000000000000000, -0.000000000000000000, -0.000000000000000000 ) ) ;
#4709 = EDGE_CURVE ( 'NONE', #5743, #5151, #7599, .T. ) ;
#4710 = VECTOR ( 'NONE', #5549, 39.37007874015748143 ) ;
#4711 = ORIENTED_EDGE ( 'NONE', *, *, #4264, .T. ) ;
#4712 = CARTESIAN_POINT ( 'NONE',  ( 0.04893055739004659177, -0.2501919868116106449, 0.5877028359301501581 ) ) ;
#4713 = VERTEX_POINT ( 'NONE', #5618 ) ;
#4714 = ORIENTED_EDGE ( 'NONE', *, *, #24, .T. ) ;
#4715 = CARTESIAN_POINT ( 'NONE',  ( 0.09381174371188825967, -0.2969044880066032954, 0.2165354330698099350 ) ) ;
#4716 = VECTOR ( 'NONE', #2197, 39.37007874015748143 ) ;
#4717 = DIRECTION ( 'NONE',  ( -1.000000000000000000, -0.000000000000000000, -0.000000000000000000 ) ) ;
#4718 = LINE ( 'NONE', #8007, #2025 ) ;
#4719 = DIRECTION ( 'NONE',  ( 0.000000000000000000, 0.000000000000000000, -1.000000000000000000 ) ) ;
#4720 = LINE ( 'NONE', #137, #8370 ) ;
#4721 = ADVANCED_FACE ( 'NONE', ( #8259 ), #1621, .T. ) ;
#4722 = AXIS2_PLACEMENT_3D ( 'NONE', #7964, #2474, #1935 ) ;
#4723 = VERTEX_POINT ( 'NONE', #2237 ) ;
#4724 = CARTESIAN_POINT ( 'NONE',  ( 0.04134479885321683951, -0.2226258399788601239, 0.1181102362194161731 ) ) ;
#4725 = CARTESIAN_POINT ( 'NONE',  ( 0.1235319728321143812, -0.2436212273193353595, 0.5589097512051701688 ) ) ;
#4726 = ORIENTED_EDGE ( 'NONE', *, *, #2383, .F. ) ;
#4727 = FACE_BOUND ( 'NONE', #4609, .T. ) ;
#4728 = PRODUCT_DEFINITION_FORMATION_WITH_SPECIFIED_SOURCE ( 'ANY', '', #169, .NOT_KNOWN. ) ;
#4729 = CARTESIAN_POINT ( 'NONE',  ( 0.001974720113059323309, -0.3840431628135057562, 0.5393700787391012552 ) ) ;
#4730 = EDGE_CURVE ( 'NONE', #4359, #8641, #250, .T. ) ;
#4731 = PLANE ( 'NONE',  #4626 ) ;
#4732 = LINE ( 'NONE', #200, #2963 ) ;
#4733 = ORIENTED_EDGE ( 'NONE', *, *, #6263, .T. ) ;
#4734 = ORIENTED_EDGE ( 'NONE', *, *, #8133, .T. ) ;
#4735 = DIRECTION ( 'NONE',  ( -1.000000000000000000, 0.000000000000000000, 0.000000000000000000 ) ) ;
#4736 = ORIENTED_EDGE ( 'NONE', *, *, #3468, .F. ) ;
#4737 = DIRECTION ( 'NONE',  ( -1.000000000000000000, -0.000000000000000000, -0.000000000000000000 ) ) ;
#4738 = VERTEX_POINT ( 'NONE', #8386 ) ;
#4739 = DIRECTION ( 'NONE',  ( -0.000000000000000000, -0.000000000000000000, -1.000000000000000000 ) ) ;
#4740 = EDGE_CURVE ( 'NONE', #6580, #1520, #1847, .T. ) ;
#4741 = CARTESIAN_POINT ( 'NONE',  ( -0.1555055948475706495, -0.1242006431284664453, 0.7283464566918570471 ) ) ;
#4742 = DIRECTION ( 'NONE',  ( 0.000000000000000000, 1.000000000000000000, 0.000000000000000000 ) ) ;
#4743 = CARTESIAN_POINT ( 'NONE',  ( 0.1271185718079657911, -0.2241060518434480620, 0.4422916610307004448 ) ) ;
#4744 = ORIENTED_EDGE ( 'NONE', *, *, #609, .T. ) ;
#4745 = EDGE_CURVE ( 'NONE', #2042, #3215, #6334, .T. ) ;
#4746 = CARTESIAN_POINT ( 'NONE',  ( -0.04077622020589145163, -0.2439091936912563541, 0.5606305703886543812 ) ) ;
#4747 = EDGE_LOOP ( 'NONE', ( #8359, #7587, #3133, #4637 ) ) ;
#4748 = CARTESIAN_POINT ( 'NONE',  ( 0.05018063384498162166, -0.4391612730497261863, 0.5838744766105881112 ) ) ;
#4749 = DIRECTION ( 'NONE',  ( 9.117121629785412755E-17, -1.000000000000000000, -1.882801286680184389E-17 ) ) ;
#4750 = LINE ( 'NONE', #695, #2536 ) ;
#4751 = CARTESIAN_POINT ( 'NONE',  ( 0.04134479885321676318, -0.2226258399788601239, 0.1909448818887074795 ) ) ;
#4752 = ORIENTED_EDGE ( 'NONE', *, *, #7000, .F. ) ;
#4753 = DIRECTION ( 'NONE',  ( -9.117121629785412755E-17, 1.000000000000000000, 1.882801286680184389E-17 ) ) ;
#4754 = VERTEX_POINT ( 'NONE', #2942 ) ;
#4755 = ORIENTED_EDGE ( 'NONE', *, *, #992, .T. ) ;
#4756 = ADVANCED_FACE ( 'NONE', ( #5581 ), #1006, .F. ) ;
#4757 = LINE ( 'NONE', #3336, #6213 ) ;
#4758 = CARTESIAN_POINT ( 'NONE',  ( 0.04134479885321696441, -0.2489471927392391259, 0.6035194442680921201 ) ) ;
#4759 = DIRECTION ( 'NONE',  ( -0.7239618166986742098, -0.6898400452005922778, -8.979178797083903845E-17 ) ) ;
#4760 = CARTESIAN_POINT ( 'NONE',  ( -0.04526937437512962986, -0.2226258399788601239, 0.1417322834635106887 ) ) ;
#4761 = VECTOR ( 'NONE', #2990, 39.37007874015748143 ) ;
#4762 = FACE_OUTER_BOUND ( 'NONE', #8406, .T. ) ;
#4763 = ORIENTED_EDGE ( 'NONE', *, *, #8661, .T. ) ;
#4764 = DIRECTION ( 'NONE',  ( -1.411854421747038033E-17, -7.425991029036739954E-17, 1.000000000000000000 ) ) ;
#4765 = CIRCLE ( 'NONE', #3913, 0.007874015748031499423 ) ;
#4766 = EDGE_CURVE ( 'NONE', #2589, #5368, #1051, .T. ) ;
#4767 = CARTESIAN_POINT ( 'NONE',  ( 0.08465188546738959541, -0.3525470998213799945, 0.2027559055107547026 ) ) ;
#4768 = ORIENTED_EDGE ( 'NONE', *, *, #7811, .T. ) ;
#4769 = CARTESIAN_POINT ( 'NONE',  ( -0.04577127260719273533, -0.2412089842648444116, 0.4021010692366926431 ) ) ;
#4770 = CARTESIAN_POINT ( 'NONE',  ( 0.04134479885321683951, -0.2226258399788601239, 0.007874015746975226299 ) ) ;
#4771 = DIRECTION ( 'NONE',  ( 0.000000000000000000, 0.000000000000000000, -1.000000000000000000 ) ) ;
#4772 = LINE ( 'NONE', #1516, #5601 ) ;
#4773 = CYLINDRICAL_SURFACE ( 'NONE', #147, 0.1082677165354330312 ) ;
#4774 = ORIENTED_EDGE ( 'NONE', *, *, #1325, .T. ) ;
#4775 = EDGE_CURVE ( 'NONE', #8032, #8012, #3535, .T. ) ;
#4776 = ORIENTED_EDGE ( 'NONE', *, *, #4202, .T. ) ;
#4777 = DIRECTION ( 'NONE',  ( 1.611116917564282895E-15, 0.9969173337331278528, -0.07845909572784610930 ) ) ;
#4778 = CIRCLE ( 'NONE', #8425, 0.007874015748031449116 ) ;
#4779 = VERTEX_POINT ( 'NONE', #7083 ) ;
#4780 = CARTESIAN_POINT ( 'NONE',  ( -0.1141670121704051050, -0.2334526116324034117, 0.6141732283453998908 ) ) ;
#4781 = CARTESIAN_POINT ( 'NONE',  ( -0.06495441374520820321, -0.2255785958843719297, 0.6574803149595729312 ) ) ;
#4782 = ORIENTED_EDGE ( 'NONE', *, *, #2674, .T. ) ;
#4783 = CARTESIAN_POINT ( 'NONE',  ( 0.04134479885321723502, -0.2464760401178897609, 0.6349184154092928356 ) ) ;
#4784 = CARTESIAN_POINT ( 'NONE',  ( -0.04058376903605225711, -0.2518866077872876086, 0.5661706348630681784 ) ) ;
#4785 = AXIS2_PLACEMENT_3D ( 'NONE', #1294, #678, #4643 ) ;
#4786 = FACE_OUTER_BOUND ( 'NONE', #3201, .T. ) ;
#4787 = DIRECTION ( 'NONE',  ( -1.000000000000000000, 1.737850800384704371E-16, -3.330669073875469621E-16 ) ) ;
#4788 = VERTEX_POINT ( 'NONE', #2315 ) ;
#4789 = ADVANCED_FACE ( 'NONE', ( #5008 ), #1575, .F. ) ;
#4790 = EDGE_CURVE ( 'NONE', #1955, #2793, #4332, .T. ) ;
#4791 = AXIS2_PLACEMENT_3D ( 'NONE', #7459, #2268, #6234 ) ;
#4792 = CARTESIAN_POINT ( 'NONE',  ( -0.001962287760956614620, -0.3525470998213799945, 0.1909448818887074517 ) ) ;
#4793 = ORIENTED_EDGE ( 'NONE', *, *, #1802, .T. ) ;
#4794 = CARTESIAN_POINT ( 'NONE',  ( 0.1204223545594031025, -0.2442865190214379423, 0.6627389187349651545 ) ) ;
#4795 = CARTESIAN_POINT ( 'NONE',  ( -0.07676543736725563449, -0.2226258399788601239, 0.1417322834635106887 ) ) ;
#4796 = CYLINDRICAL_SURFACE ( 'NONE', #3938, 0.1240157480314960647 ) ;
#4797 = AXIS2_PLACEMENT_3D ( 'NONE', #4592, #3914, #4000 ) ;
#4798 = CARTESIAN_POINT ( 'NONE',  ( 0.08465188546738984521, -0.4106179659631121748, 0.7519685039359516043 ) ) ;
#4799 = ORIENTED_EDGE ( 'NONE', *, *, #2934, .T. ) ;
#4800 = ORIENTED_EDGE ( 'NONE', *, *, #5942, .F. ) ;
#4801 = DIRECTION ( 'NONE',  ( -1.000000000000000000, 0.000000000000000000, 0.000000000000000000 ) ) ;
#4802 = CARTESIAN_POINT ( 'NONE',  ( -0.06495441374520818933, -0.2255785958843719852, 0.6574803149595732643 ) ) ;
#4803 = AXIS2_PLACEMENT_3D ( 'NONE', #866, #2227, #4914 ) ;
#4804 = FACE_OUTER_BOUND ( 'NONE', #4049, .T. ) ;
#4805 = DIRECTION ( 'NONE',  ( 1.000000000000000000, 0.000000000000000000, 0.000000000000000000 ) ) ;
#4806 = VECTOR ( 'NONE', #3783, 39.37007874015748143 ) ;
#4807 = LINE ( 'NONE', #3387, #3177 ) ;
#4808 = EDGE_CURVE ( 'NONE', #5768, #2066, #1657, .T. ) ;
#4809 = EDGE_CURVE ( 'NONE', #7346, #7897, #457, .T. ) ;
#4810 = ORIENTED_EDGE ( 'NONE', *, *, #5020, .T. ) ;
#4811 = AXIS2_PLACEMENT_3D ( 'NONE', #6212, #2779, #93 ) ;
#4812 = CARTESIAN_POINT ( 'NONE',  ( -0.1555055948475705663, -0.04546048564815143717, 0.1909448818887075350 ) ) ;
#4813 = AXIS2_PLACEMENT_3D ( 'NONE', #3531, #234, #4050 ) ;
#4814 = DIRECTION ( 'NONE',  ( -1.000000000000000000, 1.737850800384704371E-16, -3.330669073875469621E-16 ) ) ;
#4815 = ORIENTED_EDGE ( 'NONE', *, *, #303, .F. ) ;
#4816 = CARTESIAN_POINT ( 'NONE',  ( -0.04554751221194872773, -0.2371345572183391204, 0.4076073413691131964 ) ) ;
#4817 = CARTESIAN_POINT ( 'NONE',  ( -0.05140654058049012876, -0.3561653449186108489, 0.2632675982785004365 ) ) ;
#4818 = DIRECTION ( 'NONE',  ( -1.000000000000000000, 1.737850800384704371E-16, -3.330669073875469621E-16 ) ) ;
#4819 = EDGE_CURVE ( 'NONE', #6506, #4216, #5049, .T. ) ;
#4820 = DIRECTION ( 'NONE',  ( 0.000000000000000000, 0.2425356250363308874, -0.9701425001453324315 ) ) ;
#4821 = FACE_BOUND ( 'NONE', #1807, .T. ) ;
#4822 = ORIENTED_EDGE ( 'NONE', *, *, #8532, .F. ) ;
#4823 = ORIENTED_EDGE ( 'NONE', *, *, #2638, .T. ) ;
#4824 = CARTESIAN_POINT ( 'NONE',  ( 0.04134479885321683257, -0.2226258399788601239, 0.1181102362194161731 ) ) ;
#4825 = ORIENTED_EDGE ( 'NONE', *, *, #3429, .T. ) ;
#4826 = CARTESIAN_POINT ( 'NONE',  ( -0.05050924320985742538, -0.3277889557025912559, 0.2718573705992835543 ) ) ;
#4827 = LINE ( 'NONE', #4874, #56 ) ;
#4828 = EDGE_LOOP ( 'NONE', ( #6656, #2844, #772, #7919, #290, #2046 ) ) ;
#4829 = FACE_OUTER_BOUND ( 'NONE', #2796, .T. ) ;
#4830 = FILL_AREA_STYLE ('',( #5483 ) ) ;
#4831 = ADVANCED_FACE ( 'NONE', ( #4208 ), #6913, .F. ) ;
#4832 = VECTOR ( 'NONE', #3758, 39.37007874015748143 ) ;
#4833 = CARTESIAN_POINT ( 'NONE',  ( -0.05230383795112281825, -0.3811057794996316472, 0.2714917202275091146 ) ) ;
#4834 = CARTESIAN_POINT ( 'NONE',  ( 0.1712660586957365227, -0.3988069423410648406, 0.3700787401564238910 ) ) ;
#4835 = EDGE_LOOP ( 'NONE', ( #35, #4523, #3777, #6242 ) ) ;
#4836 = AXIS2_PLACEMENT_3D ( 'NONE', #492, #1109, #8452 ) ;
#4837 = LINE ( 'NONE', #5534, #6245 ) ;
#4838 = ORIENTED_EDGE ( 'NONE', *, *, #4679, .T. ) ;
#4839 = CARTESIAN_POINT ( 'NONE',  ( 0.04378436605461084874, -0.3751848950969702279, 0.3928530884773040466 ) ) ;
#4840 = CARTESIAN_POINT ( 'NONE',  ( 0.1840613342862877366, -0.3997911943095688869, 0.7283464566918570471 ) ) ;
#4841 = CARTESIAN_POINT ( 'NONE',  ( -0.03964815091417184245, -0.2798836905444686551, 0.5847755148485191956 ) ) ;
#4842 = LINE ( 'NONE', #6868, #4110 ) ;
#4843 = EDGE_CURVE ( 'NONE', #8258, #8158, #5879, .T. ) ;
#4844 =( CONVERSION_BASED_UNIT ( 'INCH', #2866 ) LENGTH_UNIT ( ) NAMED_UNIT ( #4307 ) );
#4845 = DIRECTION ( 'NONE',  ( 0.000000000000000000, 1.000000000000000000, 0.000000000000000000 ) ) ;
#4846 = ORIENTED_EDGE ( 'NONE', *, *, #4775, .F. ) ;
#4847 = ORIENTED_EDGE ( 'NONE', *, *, #1877, .F. ) ;
#4848 = CARTESIAN_POINT ( 'NONE',  ( 0.1209438270949285549, -0.2675700864031204107, 0.2165354330698099350 ) ) ;
#4849 = CARTESIAN_POINT ( 'NONE',  ( 0.02767463262399549873, -0.4391612730497262418, 0.5878171478554616858 ) ) ;
#4850 = AXIS2_PLACEMENT_3D ( 'NONE', #6515, #483, #3173 ) ;
#4851 = DIRECTION ( 'NONE',  ( -0.7239618166986742098, -0.6898400452005922778, -8.673617379884036705E-17 ) ) ;
#4852 = LINE ( 'NONE', #7398, #6069 ) ;
#4853 = DIRECTION ( 'NONE',  ( 0.000000000000000000, 1.000000000000000000, 0.000000000000000000 ) ) ;
#4854 = EDGE_CURVE ( 'NONE', #6667, #2424, #2656, .T. ) ;
#4855 = ORIENTED_EDGE ( 'NONE', *, *, #3912, .F. ) ;
#4856 = VECTOR ( 'NONE', #7539, 39.37007874015748143 ) ;
#4857 = CARTESIAN_POINT ( 'NONE',  ( 0.02851545937267592479, -0.4391612730497263528, 0.5878141391938361826 ) ) ;
#4858 = FACE_OUTER_BOUND ( 'NONE', #2947, .T. ) ;
#4859 = CARTESIAN_POINT ( 'NONE',  ( 0.04134479885321683257, -0.2226258399788601239, 0.2027559055107547858 ) ) ;
#4860 = ORIENTED_EDGE ( 'NONE', *, *, #5234, .T. ) ;
#4861 = CARTESIAN_POINT ( 'NONE',  ( -0.04577127260719273533, -0.2412729130387990528, 0.4021483740409934060 ) ) ;
#4862 = EDGE_CURVE ( 'NONE', #3319, #4779, #6508, .T. ) ;
#4863 = DIRECTION ( 'NONE',  ( 1.605724553287267758E-15, 0.9969173337331279638, -0.07845909572784619257 ) ) ;
#4864 = CARTESIAN_POINT ( 'NONE',  ( -0.1555055948475706495, -0.1242006431284664314, 0.4921259842509122517 ) ) ;
#4865 = VECTOR ( 'NONE', #4992, 39.37007874015748143 ) ;
#4866 = LINE ( 'NONE', #722, #3084 ) ;
#4867 = CARTESIAN_POINT ( 'NONE',  ( 0.1284608703136276564, -0.2412089842648444948, 0.4021010692366928096 ) ) ;
#4868 = VERTEX_POINT ( 'NONE', #4530 ) ;
#4869 = ORIENTED_EDGE ( 'NONE', *, *, #8233, .T. ) ;
#4870 = DIRECTION ( 'NONE',  ( 0.000000000000000000, 0.000000000000000000, 1.000000000000000000 ) ) ;
#4871 = ORIENTED_EDGE ( 'NONE', *, *, #4709, .T. ) ;
#4872 = DIRECTION ( 'NONE',  ( -1.716572833537972315E-33, 1.882801286680184389E-17, -1.000000000000000000 ) ) ;
#4873 = EDGE_CURVE ( 'NONE', #1279, #6803, #1752, .T. ) ;
#4874 = CARTESIAN_POINT ( 'NONE',  ( -0.1555055948475706495, -0.2167203281678364568, 0.5090551181091799160 ) ) ;
#4875 = VERTEX_POINT ( 'NONE', #5098 ) ;
#4876 = CARTESIAN_POINT ( 'NONE',  ( 0.1232733667424855822, -0.2518866077872790044, 0.5661706348631002639 ) ) ;
#4877 = DIRECTION ( 'NONE',  ( -0.02932891432752235059, 6.279779176844828935E-16, 0.9995698148625580259 ) ) ;
#4878 = PLANE ( 'NONE',  #2502 ) ;
#4879 = CARTESIAN_POINT ( 'NONE',  ( -0.06553932762788661215, -0.3244723033450893079, 0.007874015746975219360 ) ) ;
#4880 = VERTEX_POINT ( 'NONE', #7289 ) ;
#4881 = ADVANCED_FACE ( 'NONE', ( #5796, #3120 ), #7946, .T. ) ;
#4882 = ORIENTED_EDGE ( 'NONE', *, *, #8315, .T. ) ;
#4883 = CARTESIAN_POINT ( 'NONE',  ( -0.1712536263436331696, -0.6161297769867342122, 0.6574803149595732643 ) ) ;
#4884 = DIRECTION ( 'NONE',  ( 0.000000000000000000, 0.000000000000000000, -1.000000000000000000 ) ) ;
#4885 = CARTESIAN_POINT ( 'NONE',  ( -0.06495441374520848077, -0.1005785958843719852, 0.2027559055107547303 ) ) ;
#4886 = LINE ( 'NONE', #8262, #1870 ) ;
#4887 = DIRECTION ( 'NONE',  ( 0.000000000000000000, 0.000000000000000000, -1.000000000000000000 ) ) ;
#4888 = VERTEX_POINT ( 'NONE', #4481 ) ;
#4889 = ORIENTED_EDGE ( 'NONE', *, *, #7809, .T. ) ;
#4890 = EDGE_CURVE ( 'NONE', #6931, #5980, #8601, .T. ) ;
#4891 = PLANE ( 'NONE',  #6355 ) ;
#4892 = EDGE_CURVE ( 'NONE', #2752, #7713, #1133, .T. ) ;
#4893 = DIRECTION ( 'NONE',  ( -1.000000000000000000, -9.117121629785412755E-17, 9.282927046011350088E-49 ) ) ;
#4894 = CARTESIAN_POINT ( 'NONE',  ( 0.04134479885321685338, -0.2226258399788601239, 0.007874015746975231503 ) ) ;
#4895 = CARTESIAN_POINT ( 'NONE',  ( -0.1161355161074131004, -0.2167203281678364568, 0.6141732283454004460 ) ) ;
#4896 = ORIENTED_EDGE ( 'NONE', *, *, #3782, .F. ) ;
#4897 = CARTESIAN_POINT ( 'NONE',  ( 0.02376959564401356917, -0.2386262973325882775, 0.6343006272539554180 ) ) ;
#4898 = ADVANCED_FACE ( 'NONE', ( #5268 ), #3163, .F. ) ;
#4899 = DIRECTION ( 'NONE',  ( 1.411854421747038033E-17, 7.425991029036739954E-17, -1.000000000000000000 ) ) ;
#4900 = CYLINDRICAL_SURFACE ( 'NONE', #8057, 0.1181102362204724671 ) ;
#4901 = VERTEX_POINT ( 'NONE', #1254 ) ;
#4902 = CARTESIAN_POINT ( 'NONE',  ( 0.2086676334988864789, -0.2334526116324033562, 0.5078740157469746608 ) ) ;
#4903 = DIRECTION ( 'NONE',  ( -9.117121629785412755E-17, 1.000000000000000000, 1.882801286680184389E-17 ) ) ;
#4904 = CARTESIAN_POINT ( 'NONE',  ( -0.1013717365798540299, -0.3997911943095688314, 0.7283464566918570471 ) ) ;
#4905 = CIRCLE ( 'NONE', #5738, 0.007874015748031466463 ) ;
#4906 = CARTESIAN_POINT ( 'NONE',  ( -0.09645047673733433968, -0.3210510368292537886, 0.1909448818887074795 ) ) ;
#4907 = DIRECTION ( 'NONE',  ( -1.000000000000000000, 0.000000000000000000, 0.000000000000000000 ) ) ;
#4908 = ORIENTED_EDGE ( 'NONE', *, *, #3929, .T. ) ;
#4909 = CARTESIAN_POINT ( 'NONE',  ( 0.05486971956625271568, -0.4391612730497288508, 0.5878171478554616858 ) ) ;
#4910 = VERTEX_POINT ( 'NONE', #474 ) ;
#4911 = CARTESIAN_POINT ( 'NONE',  ( -0.1003874846113501362, -0.3988069423410648406, 0.3582677165343768344 ) ) ;
#4912 = LINE ( 'NONE', #7589, #7786 ) ;
#4913 = CIRCLE ( 'NONE', #7430, 0.1082677165354331006 ) ;
#4914 = DIRECTION ( 'NONE',  ( -9.117121629785412755E-17, 1.000000000000000000, 1.882801286680184389E-17 ) ) ;
#4915 = CARTESIAN_POINT ( 'NONE',  ( 0.1830770823177834128, -1.445962891180035736, 0.7283464566918568250 ) ) ;
#4916 = EDGE_CURVE ( 'NONE', #8691, #4033, #3671, .T. ) ;
#4917 = CARTESIAN_POINT ( 'NONE',  ( 0.1830770823177736983, -0.1173739479030056071, 2.074599576736768647 ) ) ;
#4918 = ADVANCED_FACE ( 'NONE', ( #517, #6585 ), #3936, .F. ) ;
#4919 = CARTESIAN_POINT ( 'NONE',  ( -0.1555055948475705663, -0.04546048564815143717, 0.7283464566918570471 ) ) ;
#4920 = AXIS2_PLACEMENT_3D ( 'NONE', #373, #5776, #5076 ) ;
#4921 = ORIENTED_EDGE ( 'NONE', *, *, #4645, .F. ) ;
#4922 = ORIENTED_EDGE ( 'NONE', *, *, #236, .T. ) ;
#4923 = CARTESIAN_POINT ( 'NONE',  ( 0.08858889334140569727, -0.3988069423410645631, 0.4673228346446128278 ) ) ;
#4924 = FACE_OUTER_BOUND ( 'NONE', #6581, .T. ) ;
#4925 = CARTESIAN_POINT ( 'NONE',  ( -0.04058376903605123709, -0.2440207090068406137, 0.5657581280896920584 ) ) ;
#4926 = VECTOR ( 'NONE', #8166, 39.37007874015748143 ) ;
#4927 = CARTESIAN_POINT ( 'NONE',  ( 0.03529795481832588566, -0.2332477071686386294, 0.6022838679574169518 ) ) ;
#4928 = VERTEX_POINT ( 'NONE', #7776 ) ;
#4929 = EDGE_CURVE ( 'NONE', #6077, #3376, #3816, .T. ) ;
#4930 = CARTESIAN_POINT ( 'NONE',  ( -0.08187339955321124019, -0.2255785958843718741, 0.6520902204003048430 ) ) ;
#4931 = ORIENTED_EDGE ( 'NONE', *, *, #3756, .T. ) ;
#4932 = VECTOR ( 'NONE', #812, 39.37007874015748143 ) ;
#4933 = DIRECTION ( 'NONE',  ( -0.000000000000000000, -0.000000000000000000, -1.000000000000000000 ) ) ;
#4934 = CARTESIAN_POINT ( 'NONE',  ( 0.08854537979795074065, -0.4339880642482045192, 1.696497111494602583 ) ) ;
#4935 = DIRECTION ( 'NONE',  ( 1.000000000000000000, -2.266997840165394896E-15, -5.819973929678367867E-16 ) ) ;
#4936 = DIRECTION ( 'NONE',  ( 1.000000000000000000, -1.737850800384704371E-16, 3.330669073875469621E-16 ) ) ;
#4937 = CYLINDRICAL_SURFACE ( 'NONE', #4441, 0.007874015748031449116 ) ;
#4938 = VECTOR ( 'NONE', #3608, 39.37007874015748143 ) ;
#4939 = VECTOR ( 'NONE', #6531, 39.37007874015748143 ) ;
#4940 = EDGE_CURVE ( 'NONE', #6922, #837, #5182, .T. ) ;
#4941 = VERTEX_POINT ( 'NONE', #4574 ) ;
#4942 = DIRECTION ( 'NONE',  ( 0.000000000000000000, 0.000000000000000000, 1.000000000000000000 ) ) ;
#4943 = AXIS2_PLACEMENT_3D ( 'NONE', #3598, #8300, #6290 ) ;
#4944 = COLOUR_RGB ( '',0.7921568627450980005, 0.8196078431372548767, 0.9333333333333333481 ) ;
#4945 = ORIENTED_EDGE ( 'NONE', *, *, #6848, .T. ) ;
#4946 = CARTESIAN_POINT ( 'NONE',  ( 0.05400306971146191098, -0.4391612730497263528, 0.5876822668573333797 ) ) ;
#4947 = CARTESIAN_POINT ( 'NONE',  ( 0.1791400744437680326, -0.2344368636009073192, 0.6141732283454004460 ) ) ;
#4948 = LINE ( 'NONE', #8369, #4865 ) ;
#4949 = EDGE_CURVE ( 'NONE', #6707, #3576, #6926, .T. ) ;
#4950 = VECTOR ( 'NONE', #5660, 39.37007874015748143 ) ;
#4951 = EDGE_CURVE ( 'NONE', #338, #1206, #2374, .T. ) ;
#4952 = VECTOR ( 'NONE', #3472, 39.37007874015748143 ) ;
#4953 = DIRECTION ( 'NONE',  ( -1.000000000000000000, -2.336475967786409359E-12, 0.000000000000000000 ) ) ;
#4954 = DIRECTION ( 'NONE',  ( 0.7239618166986740988, 0.6898400452005923889, 7.885106708985485336E-17 ) ) ;
#4955 = ORIENTED_EDGE ( 'NONE', *, *, #8506, .F. ) ;
#4956 = DIRECTION ( 'NONE',  ( 3.184051530367221417E-16, -0.07845909572784610930, -0.9969173337331278528 ) ) ;
#4957 = ORIENTED_EDGE ( 'NONE', *, *, #6861, .T. ) ;
#4958 = CARTESIAN_POINT ( 'NONE',  ( 0.05013414984153253401, -0.4391612730497385653, 0.5866391230700158665 ) ) ;
#4959 = CIRCLE ( 'NONE', #882, 0.01574803149606299191 ) ;
#4960 = LINE ( 'NONE', #870, #2572 ) ;
#4961 = EDGE_CURVE ( 'NONE', #5980, #5140, #7126, .T. ) ;
#4962 = DIRECTION ( 'NONE',  ( 0.000000000000000000, 1.000000000000000000, 0.000000000000000000 ) ) ;
#4963 = CARTESIAN_POINT ( 'NONE',  ( -0.1003874846113502334, -0.3909329265930331365, 0.7401574803139041592 ) ) ;
#4964 = ORIENTED_EDGE ( 'NONE', *, *, #2018, .T. ) ;
#4965 = VERTEX_POINT ( 'NONE', #4160 ) ;
#4966 = ADVANCED_FACE ( 'NONE', ( #2140 ), #113, .T. ) ;
#4967 = CARTESIAN_POINT ( 'NONE',  ( 0.1378014917666029737, -0.2125571138850911312, 0.5641081009960576820 ) ) ;
#4968 = EDGE_CURVE ( 'NONE', #7186, #5467, #2759, .T. ) ;
#4969 = VECTOR ( 'NONE', #2199, 39.37007874015748143 ) ;
#4970 = DIRECTION ( 'NONE',  ( -1.000000000000000000, 0.000000000000000000, 0.000000000000000000 ) ) ;
#4971 = PLANE ( 'NONE',  #5804 ) ;
#4972 = DIRECTION ( 'NONE',  ( 1.000000000000000000, 0.000000000000000000, 0.000000000000000000 ) ) ;
#4973 = CARTESIAN_POINT ( 'NONE',  ( 0.1830770823177838014, -0.3988069423410648406, 0.3700787401564238910 ) ) ;
#4974 = ORIENTED_EDGE ( 'NONE', *, *, #344, .F. ) ;
#4975 = VECTOR ( 'NONE', #8513, 39.37007874015748143 ) ;
#4976 = FACE_OUTER_BOUND ( 'NONE', #8205, .T. ) ;
#4977 = DIRECTION ( 'NONE',  ( -2.883227197219675818E-14, -0.9969173337331276308, 0.07845909572784839914 ) ) ;
#4978 = EDGE_CURVE ( 'NONE', #2465, #7100, #2712, .T. ) ;
#4979 = CARTESIAN_POINT ( 'NONE',  ( 0.06496684609731118165, -0.5730195407662619367, 0.7362204724398888622 ) ) ;
#4980 = CARTESIAN_POINT ( 'NONE',  ( 0.1840613342862877366, -0.3997911943095688869, 0.3562992125973689084 ) ) ;
#4981 = CARTESIAN_POINT ( 'NONE',  ( -0.1555055948475702610, -0.5492006431284662815, 0.6574803149595729312 ) ) ;
#4982 = CIRCLE ( 'NONE', #1042, 0.05118110236220482778 ) ;
#4983 = ORIENTED_EDGE ( 'NONE', *, *, #559, .T. ) ;
#4984 = ORIENTED_EDGE ( 'NONE', *, *, #8334, .T. ) ;
#4985 = VECTOR ( 'NONE', #6483, 39.37007874015748143 ) ;
#4986 = DIRECTION ( 'NONE',  ( 1.000000000000000000, 0.000000000000000000, 0.000000000000000000 ) ) ;
#4987 = ORIENTED_EDGE ( 'NONE', *, *, #6639, .T. ) ;
#4988 = CARTESIAN_POINT ( 'NONE',  ( 0.04134479885321683257, -0.2226258399788601239, -1.056269026750287463E-12 ) ) ;
#4989 = ADVANCED_FACE ( 'NONE', ( #4829 ), #7985, .T. ) ;
#4990 = CARTESIAN_POINT ( 'NONE',  ( 0.1279589720815632325, -0.2226258399788601239, 0.2027559055107547303 ) ) ;
#4991 = DIMENSIONAL_EXPONENTS ( 1.000000000000000000, 0.000000000000000000, 0.000000000000000000, 0.000000000000000000, 0.000000000000000000, 0.000000000000000000, 0.000000000000000000 ) ;
#4992 = DIRECTION ( 'NONE',  ( 1.445602896647339410E-16, -1.000000000000000000, 0.000000000000000000 ) ) ;
#4993 = AXIS2_PLACEMENT_3D ( 'NONE', #5017, #4353, #6260 ) ;
#4994 = DIRECTION ( 'NONE',  ( -0.7239618166986739878, -0.6898400452005926109, -8.979178797049476230E-17 ) ) ;
#4995 = CARTESIAN_POINT ( 'NONE',  ( 0.04735112814018097721, -0.4391612730497262418, 0.5894575678029682075 ) ) ;
#4996 = ORIENTED_EDGE ( 'NONE', *, *, #4968, .T. ) ;
#4997 = DIRECTION ( 'NONE',  ( 1.000000000000000000, 1.110223024625156294E-16, 1.411854421747038957E-17 ) ) ;
#4998 = ORIENTED_EDGE ( 'NONE', *, *, #2029, .T. ) ;
#4999 = FACE_OUTER_BOUND ( 'NONE', #8001, .T. ) ;
#5000 = EDGE_CURVE ( 'NONE', #5852, #4487, #4023, .T. ) ;
#5001 = CIRCLE ( 'NONE', #1201, 0.01181102362204720403 ) ;
#5002 = LINE ( 'NONE', #3548, #4405 ) ;
#5003 = DIRECTION ( 'NONE',  ( 1.716572833537972657E-33, -1.882801286680184389E-17, 1.000000000000000000 ) ) ;
#5004 = CARTESIAN_POINT ( 'NONE',  ( -0.07676543736725563449, -0.2226258399788601239, 0.1417322834635106887 ) ) ;
#5005 = ORIENTED_EDGE ( 'NONE', *, *, #591, .F. ) ;
#5006 = EDGE_CURVE ( 'NONE', #7681, #650, #7469, .T. ) ;
#5007 = VERTEX_POINT ( 'NONE', #686 ) ;
#5008 = FACE_OUTER_BOUND ( 'NONE', #3026, .T. ) ;
#5009 = CARTESIAN_POINT ( 'NONE',  ( 0.2342581846799887679, -0.2334526116324033562, 0.6141732283453995578 ) ) ;
#5010 = DIRECTION ( 'NONE',  ( -9.117121629785412755E-17, 1.000000000000000000, 1.882801286680184389E-17 ) ) ;
#5011 = CARTESIAN_POINT ( 'NONE',  ( 0.1830770823177838014, -0.3988069423410648406, 0.2952755905501244227 ) ) ;
#5012 = DIRECTION ( 'NONE',  ( -0.2321272411244070799, 0.000000000000000000, 0.9726854290714811446 ) ) ;
#5013 = ADVANCED_FACE ( 'NONE', ( #646, #7379 ), #777, .T. ) ;
#5014 = ORIENTED_EDGE ( 'NONE', *, *, #1634, .F. ) ;
#5015 = CARTESIAN_POINT ( 'NONE',  ( 0.03505264232792779100, -0.4352242651757106118, 0.5856526240141930462 ) ) ;
#5016 = DIRECTION ( 'NONE',  ( 1.000000000000000000, 0.000000000000000000, 0.000000000000000000 ) ) ;
#5017 = CARTESIAN_POINT ( 'NONE',  ( 0.04134479885321703380, -0.2334526116324034117, 0.4881889763768958446 ) ) ;
#5018 = LINE ( 'NONE', #8442, #1584 ) ;
#5019 = ORIENTED_EDGE ( 'NONE', *, *, #5126, .T. ) ;
#5020 = EDGE_CURVE ( 'NONE', #1229, #2482, #5482, .T. ) ;
#5021 = ADVANCED_FACE ( 'NONE', ( #4652 ), #3362, .T. ) ;
#5022 = ORIENTED_EDGE ( 'NONE', *, *, #1902, .T. ) ;
#5023 = EDGE_LOOP ( 'NONE', ( #7940, #7132, #166, #6256 ) ) ;
#5024 = ORIENTED_EDGE ( 'NONE', *, *, #4766, .F. ) ;
#5025 = CARTESIAN_POINT ( 'NONE',  ( 0.08071487759337421519, -0.3909329265930334141, 0.4594488188965814013 ) ) ;
#5026 = DIRECTION ( 'NONE',  ( -1.110223024625156294E-16, 1.000000000000000000, 7.425991029036739954E-17 ) ) ;
#5027 = VERTEX_POINT ( 'NONE', #2801 ) ;
#5028 = DIRECTION ( 'NONE',  ( -9.117121629785412755E-17, 1.000000000000000000, 1.882801286680184389E-17 ) ) ;
#5029 = FACE_OUTER_BOUND ( 'NONE', #479, .T. ) ;
#5030 = FACE_OUTER_BOUND ( 'NONE', #4569, .T. ) ;
#5031 = CARTESIAN_POINT ( 'NONE',  ( -0.08857646098930302414, -1.445962891180036403, 0.3700787401564238910 ) ) ;
#5032 = ADVANCED_FACE ( 'NONE', ( #2619 ), #580, .T. ) ;
#5033 = DIRECTION ( 'NONE',  ( 0.000000000000000000, -1.000000000000000000, 0.000000000000000000 ) ) ;
#5034 = ORIENTED_EDGE ( 'NONE', *, *, #7819, .F. ) ;
#5035 = DIRECTION ( 'NONE',  ( -9.117121629785411522E-17, 1.000000000000000000, 1.882801286680184389E-17 ) ) ;
#5036 = ORIENTED_EDGE ( 'NONE', *, *, #13, .T. ) ;
#5037 = CARTESIAN_POINT ( 'NONE',  ( 0.1247261970436226303, -0.2742311473858297655, 0.5191922202287104771 ) ) ;
#5038 = FACE_BOUND ( 'NONE', #181, .T. ) ;
#5039 = CIRCLE ( 'NONE', #1239, 0.01574803149606310293 ) ;
#5040 = CARTESIAN_POINT ( 'NONE',  ( -0.001962287760956648447, -0.4106179659631121748, 0.7401574803139043812 ) ) ;
#5041 = LINE ( 'NONE', #3024, #6161 ) ;
#5042 = ADVANCED_FACE ( 'NONE', ( #8161 ), #3324, .T. ) ;
#5043 = PLANE ( 'NONE',  #4351 ) ;
#5044 = VERTEX_POINT ( 'NONE', #1436 ) ;
#5045 = EDGE_LOOP ( 'NONE', ( #375, #3832, #2553, #6710 ) ) ;
#5046 = CIRCLE ( 'NONE', #685, 0.007874015748031516770 ) ;
#5047 = CARTESIAN_POINT ( 'NONE',  ( -0.09645047673733456173, -0.2226258399788598463, 0.1181102362194161731 ) ) ;
#5048 = ORIENTED_EDGE ( 'NONE', *, *, #2283, .F. ) ;
#5049 = LINE ( 'NONE', #4392, #8305 ) ;
#5050 = PLANE ( 'NONE',  #6911 ) ;
#5051 = CARTESIAN_POINT ( 'NONE',  ( -0.06051401729466498319, -0.2255785958843719297, 0.6747795418466006057 ) ) ;
#5052 = VECTOR ( 'NONE', #7022, 39.37007874015748143 ) ;
#5053 = LINE ( 'NONE', #7730, #2935 ) ;
#5054 = EDGE_CURVE ( 'NONE', #3227, #1241, #7461, .T. ) ;
#5055 = CARTESIAN_POINT ( 'NONE',  ( 0.03559431186634125915, -0.3131783471453750134, 0.2165354330698099350 ) ) ;
#5056 = ORIENTED_EDGE ( 'NONE', *, *, #5006, .T. ) ;
#5057 = CARTESIAN_POINT ( 'NONE',  ( -0.09645047673733433968, -0.2344368636009073192, 0.1909448818887074795 ) ) ;
#5058 = CIRCLE ( 'NONE', #3364, 0.04330708661417324162 ) ;
#5059 = DIRECTION ( 'NONE',  ( -3.330669073875469621E-16, 1.448216729911419884E-17, 1.000000000000000000 ) ) ;
#5060 = PLANE ( 'NONE',  #1016 ) ;
#5061 = ORIENTED_EDGE ( 'NONE', *, *, #123, .T. ) ;
#5062 = AXIS2_PLACEMENT_3D ( 'NONE', #1605, #5124, #4954 ) ;
#5063 = ORIENTED_EDGE ( 'NONE', *, *, #1954, .F. ) ;
#5064 = VERTEX_POINT ( 'NONE', #3410 ) ;
#5065 = ORIENTED_EDGE ( 'NONE', *, *, #2978, .F. ) ;
#5066 = FACE_BOUND ( 'NONE', #1106, .T. ) ;
#5067 = ORIENTED_EDGE ( 'NONE', *, *, #6914, .T. ) ;
#5068 = CARTESIAN_POINT ( 'NONE',  ( 0.05291018644192458514, -0.4352242651757106118, 0.5869099608424707126 ) ) ;
#5069 = AXIS2_PLACEMENT_3D ( 'NONE', #463, #6322, #2390 ) ;
#5070 = LINE ( 'NONE', #5771, #207 ) ;
#5071 = DIRECTION ( 'NONE',  ( 1.347081331646036669E-16, -0.07845909572784587338, -0.9969173337331279638 ) ) ;
#5072 = AXIS2_PLACEMENT_3D ( 'NONE', #4897, #7445, #2211 ) ;
#5073 = EDGE_CURVE ( 'NONE', #6621, #2445, #6094, .T. ) ;
#5074 = CARTESIAN_POINT ( 'NONE',  ( -0.09645047673733447846, -0.2344368636009073192, 0.7283464566918570471 ) ) ;
#5075 = ADVANCED_FACE ( 'NONE', ( #5304 ), #8583, .T. ) ;
#5076 = DIRECTION ( 'NONE',  ( -1.000000000000000000, 0.000000000000000000, 0.000000000000000000 ) ) ;
#5077 = AXIS2_PLACEMENT_3D ( 'NONE', #4802, #3473, #133 ) ;
#5078 = CARTESIAN_POINT ( 'NONE',  ( 0.03740779097920131357, -0.2386262973325888326, 0.6343006272539554180 ) ) ;
#5079 = VECTOR ( 'NONE', #1607, 39.37007874015748143 ) ;
#5080 = ORIENTED_EDGE ( 'NONE', *, *, #7763, .T. ) ;
#5081 = DIRECTION ( 'NONE',  ( 0.000000000000000000, 1.000000000000000000, 0.000000000000000000 ) ) ;
#5082 = ORIENTED_EDGE ( 'NONE', *, *, #5073, .F. ) ;
#5083 = DIRECTION ( 'NONE',  ( -0.000000000000000000, -0.000000000000000000, -1.000000000000000000 ) ) ;
#5084 = DIRECTION ( 'NONE',  ( 3.330669073875469621E-16, -3.511521488730100433E-17, -1.000000000000000000 ) ) ;
#5085 = CARTESIAN_POINT ( 'NONE',  ( 0.1378014917666040839, -0.3988069423410648406, 0.3582677165343768344 ) ) ;
#5086 = ADVANCED_FACE ( 'NONE', ( #8115 ), #720, .T. ) ;
#5087 = AXIS2_PLACEMENT_3D ( 'NONE', #2898, #2473, #206 ) ;
#5088 = AXIS2_PLACEMENT_3D ( 'NONE', #1477, #243, #5609 ) ;
#5089 = DIRECTION ( 'NONE',  ( 1.807003620809164032E-16, 1.000000000000000000, 0.000000000000000000 ) ) ;
#5090 = CARTESIAN_POINT ( 'NONE',  ( 0.06496684609731165350, -0.5730195407662621587, 0.2027559055107547026 ) ) ;
#5091 = CARTESIAN_POINT ( 'NONE',  ( -0.1555055948475706495, -0.2167203281678364568, 0.1181102362194161454 ) ) ;
#5092 = ORIENTED_EDGE ( 'NONE', *, *, #2335, .T. ) ;
#5093 = ORIENTED_EDGE ( 'NONE', *, *, #4324, .T. ) ;
#5094 = VECTOR ( 'NONE', #6345, 39.37007874015748143 ) ;
#5095 = VECTOR ( 'NONE', #4010, 39.37007874015748143 ) ;
#5096 = DIRECTION ( 'NONE',  ( 1.000000000000000000, 0.000000000000000000, 0.000000000000000000 ) ) ;
#5097 = ORIENTED_EDGE ( 'NONE', *, *, #7791, .F. ) ;
#5098 = CARTESIAN_POINT ( 'NONE',  ( 0.04134479885321683951, -0.1517596982465766464, 0.1968503936997311743 ) ) ;
#5099 = EDGE_CURVE ( 'NONE', #1454, #120, #1072, .T. ) ;
#5100 = CARTESIAN_POINT ( 'NONE',  ( -0.05468081022172874284, -0.2255785958843719297, 0.6720076559439731589 ) ) ;
#5101 = DIRECTION ( 'NONE',  ( 0.7239618166986740988, 0.6898400452005923889, 8.979178796992105088E-17 ) ) ;
#5102 = CARTESIAN_POINT ( 'NONE',  ( -0.06495441365908720399, -0.2255785958843719574, 0.6397637795264008442 ) ) ;
#5103 = ORIENTED_EDGE ( 'NONE', *, *, #739, .T. ) ;
#5104 = LINE ( 'NONE', #3169, #5922 ) ;
#5105 = DIRECTION ( 'NONE',  ( -1.737850800384706343E-16, -1.000000000000000000, 6.231570711506253061E-16 ) ) ;
#5106 = ADVANCED_FACE ( 'NONE', ( #3056 ), #1680, .F. ) ;
#5107 = CARTESIAN_POINT ( 'NONE',  ( 0.04134479885321677012, -0.3909329265930334141, 0.4397637795265024185 ) ) ;
#5108 = CARTESIAN_POINT ( 'NONE',  ( 0.07087235790833486260, -0.4352242651757104452, 0.5878171478554616858 ) ) ;
#5109 = ORIENTED_EDGE ( 'NONE', *, *, #1590, .F. ) ;
#5110 = ORIENTED_EDGE ( 'NONE', *, *, #6488, .T. ) ;
#5111 = ORIENTED_EDGE ( 'NONE', *, *, #2729, .F. ) ;
#5112 = VERTEX_POINT ( 'NONE', #4368 ) ;
#5113 = CARTESIAN_POINT ( 'NONE',  ( -0.1436945712255233154, -0.2344368636009073192, 0.6141732283454004460 ) ) ;
#5114 = LINE ( 'NONE', #7793, #475 ) ;
#5115 = ORIENTED_EDGE ( 'NONE', *, *, #6027, .F. ) ;
#5116 = CARTESIAN_POINT ( 'NONE',  ( 0.07087235790833486260, -0.4352242651757104452, 0.5393700787391012552 ) ) ;
#5117 = AXIS2_PLACEMENT_3D ( 'NONE', #4071, #119, #2766 ) ;
#5118 = CARTESIAN_POINT ( 'NONE',  ( 0.1378014917666029737, -0.2125571138850911312, 0.5641081009960576820 ) ) ;
#5119 = ADVANCED_FACE ( 'NONE', ( #1030 ), #5161, .F. ) ;
#5120 = CARTESIAN_POINT ( 'NONE',  ( 0.08662038940439793777, 0.1002088056904311825, 0.4606299212587862679 ) ) ;
#5121 = LINE ( 'NONE', #3746, #7526 ) ;
#5122 = DIRECTION ( 'NONE',  ( 1.000000000000000000, 0.000000000000000000, 0.000000000000000000 ) ) ;
#5123 = AXIS2_PLACEMENT_3D ( 'NONE', #6080, #3313, #59 ) ;
#5124 = DIRECTION ( 'NONE',  ( 1.228015396737279800E-16, 1.287490079826536515E-18, -1.000000000000000000 ) ) ;
#5125 = EDGE_CURVE ( 'NONE', #2658, #6922, #4506, .T. ) ;
#5126 = EDGE_CURVE ( 'NONE', #3896, #3227, #7755, .T. ) ;
#5127 = EDGE_LOOP ( 'NONE', ( #7318, #541, #7383, #4921 ) ) ;
#5128 = VERTEX_POINT ( 'NONE', #2187 ) ;
#5129 = CARTESIAN_POINT ( 'NONE',  ( 0.1223377486206055353, -0.2854942385994126974, 0.5864977993362401332 ) ) ;
#5130 = CARTESIAN_POINT ( 'NONE',  ( -0.05163086492314829939, -0.3639715024657075859, 0.2552326621315255673 ) ) ;
#5131 = CARTESIAN_POINT ( 'NONE',  ( 0.03263106659928307479, -0.2501598317557242601, 0.5881114046535456108 ) ) ;
#5132 = AXIS2_PLACEMENT_3D ( 'NONE', #8270, #184, #6344 ) ;
#5133 = LINE ( 'NONE', #6499, #4975 ) ;
#5134 = DIRECTION ( 'NONE',  ( 0.000000000000000000, -1.000000000000000000, 0.000000000000000000 ) ) ;
#5135 = DIRECTION ( 'NONE',  ( 1.000000000000000000, 8.673617379884037937E-17, 0.000000000000000000 ) ) ;
#5136 = EDGE_CURVE ( 'NONE', #1368, #6667, #1713, .T. ) ;
#5137 = ORIENTED_EDGE ( 'NONE', *, *, #5675, .T. ) ;
#5138 = ORIENTED_EDGE ( 'NONE', *, *, #3299, .T. ) ;
#5139 = VECTOR ( 'NONE', #2746, 39.37007874015748143 ) ;
#5140 = VERTEX_POINT ( 'NONE', #1114 ) ;
#5141 = CARTESIAN_POINT ( 'NONE',  ( 0.1235319728321143534, -0.2513872556778958822, 0.5576101637574480963 ) ) ;
#5142 = VECTOR ( 'NONE', #8322, 39.37007874015748143 ) ;
#5143 = FACE_OUTER_BOUND ( 'NONE', #5392, .T. ) ;
#5144 = CARTESIAN_POINT ( 'NONE',  ( -0.01385165878127614554, -0.2954839557882934509, 0.2165354330698099072 ) ) ;
#5145 = EDGE_CURVE ( 'NONE', #1866, #1241, #5572, .T. ) ;
#5146 = VERTEX_POINT ( 'NONE', #1523 ) ;
#5147 = CARTESIAN_POINT ( 'NONE',  ( 0.1336474896016088543, -0.3396848627535758447, 0.2602415932277414301 ) ) ;
#5148 = CARTESIAN_POINT ( 'NONE',  ( 0.08071487759337428458, -0.3840431628135057562, 0.4725006102157096599 ) ) ;
#5149 = CARTESIAN_POINT ( 'NONE',  ( 0.2086676334988864789, -0.2334526116324033562, 0.4976528653221187204 ) ) ;
#5150 = CARTESIAN_POINT ( 'NONE',  ( 0.04134479885321683257, -0.2226258399788601239, 0.03937007873910121358 ) ) ;
#5151 = VERTEX_POINT ( 'NONE', #3139 ) ;
#5152 = EDGE_CURVE ( 'NONE', #6393, #5439, #1813, .T. ) ;
#5153 = ORIENTED_EDGE ( 'NONE', *, *, #179, .F. ) ;
#5154 = ORIENTED_EDGE ( 'NONE', *, *, #6992, .T. ) ;
#5155 = ORIENTED_EDGE ( 'NONE', *, *, #7325, .F. ) ;
#5156 = CARTESIAN_POINT ( 'NONE',  ( -0.1555055948475702610, -0.5728226903725609498, 0.6141732283453998908 ) ) ;
#5157 = ORIENTED_EDGE ( 'NONE', *, *, #393, .F. ) ;
#5158 = DIRECTION ( 'NONE',  ( 0.000000000000000000, 0.000000000000000000, 1.000000000000000000 ) ) ;
#5159 = CLOSED_SHELL ( 'NONE', ( #7396, #5753, #3142, #4721, #7048, #6025, #945, #413, #4247, #6411, #442, #7159, #2154, #7370, #5075, #2845, #3886, #6099, #7129, #600, #7149, #5263, #1746, #5520, #1249, #2244, #4543, #5688, #4898, #6191, #7707, #7516, #8341, #4681, #1449, #1013, #4200, #1853, #6264, #8525, #8294, #3911, #1560, #5469, #8352, #3620, #8660, #6892, #4213, #4020, #7659, #2253, #3827, #7386, #3197, #1182, #2820, #4365, #3988, #4918, #2940, #4080, #4398, #1413, #8479, #3726, #2495, #1913, #4237, #45, #2292, #4756, #1346, #3686, #6628, #6132, #6748, #444, #2364, #5032, #5370, #855, #6229, #699, #2057 ) ) ;
#5160 = DIRECTION ( 'NONE',  ( 0.000000000000000000, 1.000000000000000000, 0.000000000000000000 ) ) ;
#5161 = PLANE ( 'NONE',  #5087 ) ;
#5162 = FACE_OUTER_BOUND ( 'NONE', #2056, .T. ) ;
#5163 = CARTESIAN_POINT ( 'NONE',  ( 0.05892000206242034577, -0.2490345908075767833, 0.6024089465182352887 ) ) ;
#5164 = EDGE_CURVE ( 'NONE', #1647, #6504, #6237, .T. ) ;
#5165 = EDGE_CURVE ( 'NONE', #4359, #4779, #874, .T. ) ;
#5166 = DIRECTION ( 'NONE',  ( -1.000000000000000000, -1.084202172485504280E-17, -0.000000000000000000 ) ) ;
#5167 = ORIENTED_EDGE ( 'NONE', *, *, #6475, .T. ) ;
#5168 = CARTESIAN_POINT ( 'NONE',  ( -0.07373831352057991229, -0.2255785958843718741, 0.6730602254867448231 ) ) ;
#5169 = EDGE_LOOP ( 'NONE', ( #6743, #139, #5199, #8586 ) ) ;
#5170 = CARTESIAN_POINT ( 'NONE',  ( 0.1223377486206058684, -0.2186218553077898530, 0.6003495666693433597 ) ) ;
#5171 = CARTESIAN_POINT ( 'NONE',  ( -0.05140654058049009406, -0.3553392864513308935, 0.2551855802299157205 ) ) ;
#5172 = CARTESIAN_POINT ( 'NONE',  ( -0.1555055948475706495, -0.2167203281678364568, 0.6141732283454004460 ) ) ;
#5173 = SURFACE_STYLE_FILL_AREA ( #4830 ) ;
#5174 = CARTESIAN_POINT ( 'NONE',  ( 0.03523594331953355807, -0.4391612730497176376, 0.5850403953401510648 ) ) ;
#5175 = FACE_OUTER_BOUND ( 'NONE', #8571, .T. ) ;
#5176 = ORIENTED_EDGE ( 'NONE', *, *, #5509, .F. ) ;
#5177 = ORIENTED_EDGE ( 'NONE', *, *, #8617, .T. ) ;
#5178 = ORIENTED_EDGE ( 'NONE', *, *, #4949, .F. ) ;
#5179 = DIRECTION ( 'NONE',  ( -1.000000000000000000, 0.000000000000000000, 0.000000000000000000 ) ) ;
#5180 = VERTEX_POINT ( 'NONE', #7107 ) ;
#5181 = TOROIDAL_SURFACE ( 'NONE', #6309, 0.008053341928726658397, 0.05118110236220455023 ) ;
#5182 = LINE ( 'NONE', #8559, #1143 ) ;
#5183 = EDGE_CURVE ( 'NONE', #877, #5768, #5230, .T. ) ;
#5184 = CARTESIAN_POINT ( 'NONE',  ( 0.06496684609731165350, -0.5730195407662621587, 0.1909448818887074517 ) ) ;
#5185 = EDGE_CURVE ( 'NONE', #8693, #794, #4959, .T. ) ;
#5186 = DIRECTION ( 'NONE',  ( 1.000000000000000000, 1.084202172485504280E-17, 0.000000000000000000 ) ) ;
#5187 = CARTESIAN_POINT ( 'NONE',  ( -0.06719355800754371610, -0.2255785958843719297, 0.6397664196721267738 ) ) ;
#5188 = VECTOR ( 'NONE', #3400, 39.37007874015748143 ) ;
#5189 = ORIENTED_EDGE ( 'NONE', *, *, #7917, .T. ) ;
#5190 = DIRECTION ( 'NONE',  ( -1.239088197126290817E-16, -1.000000000000000000, 0.000000000000000000 ) ) ;
#5191 = DIRECTION ( 'NONE',  ( 1.716572833537972657E-33, -1.882801286680184389E-17, 1.000000000000000000 ) ) ;
#5192 = LINE ( 'NONE', #7260, #8017 ) ;
#5193 = VECTOR ( 'NONE', #275, 39.37007874015748854 ) ;
#5194 = EDGE_CURVE ( 'NONE', #6230, #3070, #2700, .T. ) ;
#5195 = ORIENTED_EDGE ( 'NONE', *, *, #8516, .T. ) ;
#5196 = ORIENTED_EDGE ( 'NONE', *, *, #868, .F. ) ;
#5197 = ORIENTED_EDGE ( 'NONE', *, *, #4285, .T. ) ;
#5198 = VECTOR ( 'NONE', #2488, 39.37007874015748143 ) ;
#5199 = ORIENTED_EDGE ( 'NONE', *, *, #7995, .T. ) ;
#5200 = DIRECTION ( 'NONE',  ( -3.330669073875468635E-16, 6.231570711506254047E-16, 1.000000000000000000 ) ) ;
#5201 = EDGE_LOOP ( 'NONE', ( #1215, #96, #725, #2236 ) ) ;
#5202 = LINE ( 'NONE', #7306, #1267 ) ;
#5203 = DIRECTION ( 'NONE',  ( -4.336808689941884419E-15, -1.000000000000000000, 0.000000000000000000 ) ) ;
#5204 = CARTESIAN_POINT ( 'NONE',  ( 0.03105705592539717563, -0.4352242651757102787, 0.5858886784004088133 ) ) ;
#5205 = PLANE ( 'NONE',  #226 ) ;
#5206 = EDGE_CURVE ( 'NONE', #1404, #5597, #5772, .T. ) ;
#5207 = VECTOR ( 'NONE', #7372, 39.37007874015748143 ) ;
#5208 = CARTESIAN_POINT ( 'NONE',  ( 0.04134479885321682563, -0.2226258399788601239, 0.2165354330698099350 ) ) ;
#5209 = VERTEX_POINT ( 'NONE', #1776 ) ;
#5210 = DIRECTION ( 'NONE',  ( 0.9728578192389270018, 0.000000000000000000, 0.2314036809250866744 ) ) ;
#5211 = ORIENTED_EDGE ( 'NONE', *, *, #1510, .T. ) ;
#5212 = CYLINDRICAL_SURFACE ( 'NONE', #6482, 0.01574803149606289823 ) ;
#5213 = CARTESIAN_POINT ( 'NONE',  ( -0.07690676959112228983, -0.2098305643883089100, 0.6574803149595732643 ) ) ;
#5214 = ADVANCED_FACE ( 'NONE', ( #4462 ), #2853, .T. ) ;
#5215 = VECTOR ( 'NONE', #3865, 39.37007874015748143 ) ;
#5216 = VECTOR ( 'NONE', #8111, 39.37007874015748143 ) ;
#5217 = DIRECTION ( 'NONE',  ( 1.411854421747038033E-17, 7.425991029036739954E-17, -1.000000000000000000 ) ) ;
#5218 = DIRECTION ( 'NONE',  ( -0.000000000000000000, -0.000000000000000000, -1.000000000000000000 ) ) ;
#5219 = VERTEX_POINT ( 'NONE', #2 ) ;
#5220 = EDGE_LOOP ( 'NONE', ( #5895, #4445, #2021, #4391 ) ) ;
#5221 = ORIENTED_EDGE ( 'NONE', *, *, #5099, .T. ) ;
#5222 = AXIS2_PLACEMENT_3D ( 'NONE', #3202, #7213, #2493 ) ;
#5223 = DIRECTION ( 'NONE',  ( -1.000000000000000000, 0.000000000000000000, 0.000000000000000000 ) ) ;
#5224 = ORIENTED_EDGE ( 'NONE', *, *, #2232, .T. ) ;
#5225 = VECTOR ( 'NONE', #5291, 39.37007874015748143 ) ;
#5226 = CARTESIAN_POINT ( 'NONE',  ( 0.03777346792583276963, -0.4391612730497262418, 0.5878171478554616858 ) ) ;
#5227 = EDGE_CURVE ( 'NONE', #6665, #5209, #7269, .T. ) ;
#5228 = CARTESIAN_POINT ( 'NONE',  ( 0.04134479885321681175, -0.3751848950969702279, 0.3838502321687574104 ) ) ;
#5229 = DIRECTION ( 'NONE',  ( 0.000000000000000000, -1.000000000000000000, 0.000000000000000000 ) ) ;
#5230 = CIRCLE ( 'NONE', #2554, 0.04330708661417310285 ) ;
#5231 = DIRECTION ( 'NONE',  ( -1.737850800384704371E-16, -1.000000000000000000, 1.448216729911410023E-17 ) ) ;
#5232 = CIRCLE ( 'NONE', #2694, 0.01181102362204720403 ) ;
#5233 = EDGE_LOOP ( 'NONE', ( #1770, #7914, #7303, #3954 ) ) ;
#5234 = EDGE_CURVE ( 'NONE', #5823, #470, #4676, .T. ) ;
#5235 = DIRECTION ( 'NONE',  ( -9.117121629785412755E-17, 1.000000000000000000, 1.882801286680184389E-17 ) ) ;
#5236 = DIRECTION ( 'NONE',  ( -0.7239618166986742098, -0.6898400452005922778, -8.673617379884036705E-17 ) ) ;
#5237 = CARTESIAN_POINT ( 'NONE',  ( -0.03964815091417157183, -0.2181886594918891475, 0.5977608905498215108 ) ) ;
#5238 = VERTEX_POINT ( 'NONE', #622 ) ;
#5239 = ORIENTED_EDGE ( 'NONE', *, *, #1962, .T. ) ;
#5240 = VERTEX_POINT ( 'NONE', #1198 ) ;
#5241 = ADVANCED_FACE ( 'NONE', ( #3262 ), #6602, .F. ) ;
#5242 = ORIENTED_EDGE ( 'NONE', *, *, #6737, .T. ) ;
#5243 = DIRECTION ( 'NONE',  ( -0.7239618166986739878, -0.6898400452005926109, -9.856383386231856362E-17 ) ) ;
#5244 = LINE ( 'NONE', #8455, #914 ) ;
#5245 = DIRECTION ( 'NONE',  ( 1.000000000000000000, -1.737850800384704371E-16, 3.330669073875469621E-16 ) ) ;
#5246 = DIRECTION ( 'NONE',  ( 1.000000000000000000, 9.117121629785412755E-17, -6.842277657836020854E-49 ) ) ;
#5247 = AXIS2_PLACEMENT_3D ( 'NONE', #2170, #7535, #3654 ) ;
#5248 = ORIENTED_EDGE ( 'NONE', *, *, #2446, .T. ) ;
#5249 = FACE_OUTER_BOUND ( 'NONE', #6543, .T. ) ;
#5250 = EDGE_CURVE ( 'NONE', #1068, #6394, #3956, .T. ) ;
#5251 = ORIENTED_EDGE ( 'NONE', *, *, #4297, .T. ) ;
#5252 = CARTESIAN_POINT ( 'NONE',  ( -0.1013717365798540299, -0.3997911943095688314, 0.3562992125973689084 ) ) ;
#5253 = VECTOR ( 'NONE', #6101, 39.37007874015748143 ) ;
#5254 = EDGE_LOOP ( 'NONE', ( #3761, #4704, #5056, #106 ) ) ;
#5255 = LINE ( 'NONE', #7242, #8461 ) ;
#5256 = DIRECTION ( 'NONE',  ( -1.000000000000000000, 0.000000000000000000, 0.000000000000000000 ) ) ;
#5257 = AXIS2_PLACEMENT_3D ( 'NONE', #235, #3703, #2298 ) ;
#5258 = CYLINDRICAL_SURFACE ( 'NONE', #8551, 0.007874015748031468198 ) ;
#5259 = DIRECTION ( 'NONE',  ( 1.611116917564282895E-15, 0.9969173337331278528, -0.07845909572784610930 ) ) ;
#5260 = ORIENTED_EDGE ( 'NONE', *, *, #5480, .F. ) ;
#5261 = EDGE_CURVE ( 'NONE', #6457, #4359, #533, .T. ) ;
#5262 = ORIENTED_EDGE ( 'NONE', *, *, #371, .T. ) ;
#5263 = ADVANCED_FACE ( 'NONE', ( #1979 ), #7308, .T. ) ;
#5264 = ORIENTED_EDGE ( 'NONE', *, *, #358, .T. ) ;
#5265 = VECTOR ( 'NONE', #7567, 39.37007874015748143 ) ;
#5266 = DIRECTION ( 'NONE',  ( -1.301042606982605518E-15, 0.07845909572784527664, 0.9969173337331279638 ) ) ;
#5267 = ORIENTED_EDGE ( 'NONE', *, *, #6475, .F. ) ;
#5268 = FACE_OUTER_BOUND ( 'NONE', #8091, .T. ) ;
#5269 = LINE ( 'NONE', #8643, #187 ) ;
#5270 = FACE_OUTER_BOUND ( 'NONE', #7978, .T. ) ;
#5271 = CIRCLE ( 'NONE', #6976, 0.007874015748031482076 ) ;
#5272 = DIRECTION ( 'NONE',  ( 1.737850800384706343E-16, 1.000000000000000000, -6.231570711506253061E-16 ) ) ;
#5273 = ORIENTED_EDGE ( 'NONE', *, *, #1131, .T. ) ;
#5274 = DIRECTION ( 'NONE',  ( 0.000000000000000000, 0.2529366883064121385, -0.9674828327720265131 ) ) ;
#5275 = VECTOR ( 'NONE', #3891, 39.37007874015748143 ) ;
#5276 = CARTESIAN_POINT ( 'NONE',  ( 0.03529795481832596893, -0.2489471927392392925, 0.6035194442680920091 ) ) ;
#5277 = ORIENTED_EDGE ( 'NONE', *, *, #1240, .F. ) ;
#5278 = EDGE_CURVE ( 'NONE', #5833, #5545, #6647, .T. ) ;
#5279 = ORIENTED_EDGE ( 'NONE', *, *, #6421, .F. ) ;
#5280 = AXIS2_PLACEMENT_3D ( 'NONE', #7665, #984, #3660 ) ;
#5281 = EDGE_LOOP ( 'NONE', ( #433, #4349, #7081, #4341 ) ) ;
#5282 = FACE_BOUND ( 'NONE', #668, .T. ) ;
#5283 = CARTESIAN_POINT ( 'NONE',  ( 0.01181723979809859958, -0.4391612730497262418, 0.5984251968493373708 ) ) ;
#5284 = CARTESIAN_POINT ( 'NONE',  ( 0.1235319728321143812, -0.2436212273193353595, 0.5589097512051701688 ) ) ;
#5285 = CARTESIAN_POINT ( 'NONE',  ( -0.1259780357924523975, -0.2334526116324034117, 0.5078740157469746608 ) ) ;
#5286 = EDGE_CURVE ( 'NONE', #5209, #2370, #3220, .T. ) ;
#5287 = EDGE_CURVE ( 'NONE', #3157, #1973, #2609, .T. ) ;
#5288 = ORIENTED_EDGE ( 'NONE', *, *, #1705, .T. ) ;
#5289 = CARTESIAN_POINT ( 'NONE',  ( 0.02962854358191055471, -0.4352242651757106118, 0.5875662237741490213 ) ) ;
#5290 = ORIENTED_EDGE ( 'NONE', *, *, #1539, .F. ) ;
#5291 = DIRECTION ( 'NONE',  ( 0.000000000000000000, 0.000000000000000000, 1.000000000000000000 ) ) ;
#5292 = ORIENTED_EDGE ( 'NONE', *, *, #7763, .F. ) ;
#5293 = CARTESIAN_POINT ( 'NONE',  ( 0.1811085783807759586, -0.2226258399788600961, -1.056252046356581452E-12 ) ) ;
#5294 = LINE ( 'NONE', #544, #5553 ) ;
#5295 = EDGE_CURVE ( 'NONE', #3227, #1930, #6693, .T. ) ;
#5296 = DIRECTION ( 'NONE',  ( 5.059610138265688673E-16, 0.000000000000000000, -1.000000000000000000 ) ) ;
#5297 = CARTESIAN_POINT ( 'NONE',  ( -0.06495441374520818933, -0.2334526116324034117, 0.6751968503926437659 ) ) ;
#5298 = ORIENTED_EDGE ( 'NONE', *, *, #801, .T. ) ;
#5299 = ORIENTED_EDGE ( 'NONE', *, *, #4274, .T. ) ;
#5300 = ORIENTED_EDGE ( 'NONE', *, *, #2704, .T. ) ;
#5301 = DIRECTION ( 'NONE',  ( -1.000000000000000000, -0.000000000000000000, -0.000000000000000000 ) ) ;
#5302 = CYLINDRICAL_SURFACE ( 'NONE', #3569, 0.03149606299212599769 ) ;
#5303 = ORIENTED_EDGE ( 'NONE', *, *, #1232, .F. ) ;
#5304 = FACE_OUTER_BOUND ( 'NONE', #5201, .T. ) ;
#5305 = FACE_OUTER_BOUND ( 'NONE', #7970, .T. ) ;
#5306 = EDGE_CURVE ( 'NONE', #1174, #4356, #5898, .T. ) ;
#5307 =( BOUNDED_CURVE ( )  B_SPLINE_CURVE ( 3, ( #3368, #79, #4746, #1531 ),
 .UNSPECIFIED., .F., .F. ) 
 B_SPLINE_CURVE_WITH_KNOTS ( ( 4, 4 ),
 ( 6.264337592126281739E-05, 0.0001951289851373175395 ),
 .UNSPECIFIED. ) 
 CURVE ( )  GEOMETRIC_REPRESENTATION_ITEM ( )  RATIONAL_B_SPLINE_CURVE ( ( 0.5034522725362784445, 0.5011507575120942581, 0.5000000000000014433, 0.5000000000000000000 ) ) 
 REPRESENTATION_ITEM ( '' )  );
#5308 = CARTESIAN_POINT ( 'NONE',  ( 0.04134479885321685338, -0.2226258399788601239, -1.056269026750287463E-12 ) ) ;
#5309 = LINE ( 'NONE', #604, #6897 ) ;
#5310 = ORIENTED_EDGE ( 'NONE', *, *, #24, .F. ) ;
#5311 = FACE_OUTER_BOUND ( 'NONE', #679, .T. ) ;
#5312 = DIRECTION ( 'NONE',  ( 0.000000000000000000, -1.000000000000000000, 0.000000000000000000 ) ) ;
#5313 = FACE_BOUND ( 'NONE', #7597, .T. ) ;
#5314 = ADVANCED_FACE ( 'NONE', ( #4594 ), #8055, .T. ) ;
#5315 = AXIS2_PLACEMENT_3D ( 'NONE', #7818, #6999, #7643 ) ;
#5316 = VERTEX_POINT ( 'NONE', #4003 ) ;
#5317 = LINE ( 'NONE', #5977, #690 ) ;
#5318 = ORIENTED_EDGE ( 'NONE', *, *, #2558, .T. ) ;
#5319 = EDGE_LOOP ( 'NONE', ( #1473, #8082, #8533, #7199 ) ) ;
#5320 = PLANE ( 'NONE',  #8170 ) ;
#5321 = CIRCLE ( 'NONE', #4339, 0.1397637795275590566 ) ;
#5322 = DIRECTION ( 'NONE',  ( 0.2333729524752995999, 0.000000000000000000, 0.9723873019805234774 ) ) ;
#5323 = DIRECTION ( 'NONE',  ( -9.117121629785412755E-17, 1.000000000000000000, 1.882801286680184389E-17 ) ) ;
#5324 = CARTESIAN_POINT ( 'NONE',  ( -0.1013717365798540299, -0.3879801706875215528, 0.3562992125973689084 ) ) ;
#5325 = CARTESIAN_POINT ( 'NONE',  ( 0.1331988409162924991, -0.3277889557025913669, 0.2718573705992837208 ) ) ;
#5326 = VECTOR ( 'NONE', #5012, 39.37007874015748143 ) ;
#5327 = ORIENTED_EDGE ( 'NONE', *, *, #898, .T. ) ;
#5328 = CARTESIAN_POINT ( 'NONE',  ( 0.03989234369136207548, -0.4352242651757104452, 0.5489938757644728939 ) ) ;
#5329 = VERTEX_POINT ( 'NONE', #2513 ) ;
#5330 = CARTESIAN_POINT ( 'NONE',  ( 0.02376959564401360386, -0.2410974499539377258, 0.6029016561127540363 ) ) ;
#5331 = VERTEX_POINT ( 'NONE', #7924 ) ;
#5332 = EDGE_CURVE ( 'NONE', #3091, #487, #2538, .T. ) ;
#5333 = CARTESIAN_POINT ( 'NONE',  ( -0.1555055948475705385, -0.4391612730497262418, 0.5984251968493373708 ) ) ;
#5334 = EDGE_CURVE ( 'NONE', #8598, #5128, #1860, .T. ) ;
#5335 = DIRECTION ( 'NONE',  ( 1.200973030310050651E-16, -1.289290469611919642E-18, -1.000000000000000000 ) ) ;
#5336 = VECTOR ( 'NONE', #8295, 39.37007874015748854 ) ;
#5337 = CARTESIAN_POINT ( 'NONE',  ( 0.006564305318562526498, -0.1390168868211380249, 0.2165354330698099627 ) ) ;
#5338 = CARTESIAN_POINT ( 'NONE',  ( 0.03495340991591260049, -0.4391612730497597705, 0.5862193597601035311 ) ) ;
#5339 = FACE_BOUND ( 'NONE', #5616, .T. ) ;
#5340 = AXIS2_PLACEMENT_3D ( 'NONE', #3059, #1780, #5729 ) ;
#5341 = ADVANCED_BREP_SHAPE_REPRESENTATION ( 'CUI_DEVICES_MJ-3536NG', ( #6308, #2927, #6221, #5966, #5747, #4, #2475 ), #1767 ) ;
#5342 = EDGE_LOOP ( 'NONE', ( #2603, #3851, #4838, #1136, #2794, #7607, #6986, #5036, #3769, #5080, #7871, #3367 ) ) ;
#5343 = ORIENTED_EDGE ( 'NONE', *, *, #1478, .F. ) ;
#5344 = VERTEX_POINT ( 'NONE', #753 ) ;
#5345 = CARTESIAN_POINT ( 'NONE',  ( 0.1334234227983829013, -0.3380331626272809475, 0.2712507020620332776 ) ) ;
#5346 = EDGE_CURVE ( 'NONE', #1202, #6494, #8096, .T. ) ;
#5347 = DIRECTION ( 'NONE',  ( 9.117121629785412755E-17, -1.000000000000000000, -1.882801286680184389E-17 ) ) ;
#5348 = ORIENTED_EDGE ( 'NONE', *, *, #5531, .T. ) ;
#5349 = CARTESIAN_POINT ( 'NONE',  ( -0.04064527127870964235, -0.2519271926252485416, 0.5641081009960603465 ) ) ;
#5350 = VECTOR ( 'NONE', #2437, 39.37007874015748143 ) ;
#5351 = VECTOR ( 'NONE', #8046, 39.37007874015748143 ) ;
#5352 = DIRECTION ( 'NONE',  ( 4.536190176947079922E-15, 0.9969173337331278528, -0.07845909572784616481 ) ) ;
#5353 = CARTESIAN_POINT ( 'NONE',  ( 0.1249537520109382793, -0.1878453464442042531, 0.2165354330698099627 ) ) ;
#5354 = CARTESIAN_POINT ( 'NONE',  ( 0.04936935532510586949, -0.4352242651757109448, 0.5875699263431144459 ) ) ;
#5355 = ORIENTED_EDGE ( 'NONE', *, *, #6244, .F. ) ;
#5356 = CIRCLE ( 'NONE', #4518, 0.08661417322834648325 ) ;
#5357 = AXIS2_PLACEMENT_3D ( 'NONE', #6840, #2695, #5380 ) ;
#5358 = EDGE_CURVE ( 'NONE', #2424, #3157, #8138, .T. ) ;
#5359 = DIRECTION ( 'NONE',  ( -3.336006684570776199E-16, 0.000000000000000000, 1.000000000000000000 ) ) ;
#5360 = CARTESIAN_POINT ( 'NONE',  ( 0.05029562203062863668, -0.4391612730497261863, 0.5844440503952145205 ) ) ;
#5361 = DIRECTION ( 'NONE',  ( -1.000000000000000000, 6.505213034913026604E-15, 0.000000000000000000 ) ) ;
#5362 = CARTESIAN_POINT ( 'NONE',  ( -0.1436945712255233154, -0.2344368636009073192, 0.7283464566918570471 ) ) ;
#5363 = FILL_AREA_STYLE_COLOUR ( '', #4251 ) ;
#5364 = AXIS2_PLACEMENT_3D ( 'NONE', #296, #2986, #2194 ) ;
#5365 = AXIS2_PLACEMENT_3D ( 'NONE', #7446, #2742, #8101 ) ;
#5366 = ORIENTED_EDGE ( 'NONE', *, *, #6678, .T. ) ;
#5367 = DIRECTION ( 'NONE',  ( -1.559642300769533830E-16, -1.000000000000000000, 6.226165060520852374E-16 ) ) ;
#5368 = VERTEX_POINT ( 'NONE', #4760 ) ;
#5369 = EDGE_LOOP ( 'NONE', ( #1038, #1804, #1386, #2357 ) ) ;
#5370 = ADVANCED_FACE ( 'NONE', ( #6117 ), #894, .T. ) ;
#5371 = CARTESIAN_POINT ( 'NONE',  ( 0.1258253777267442641, -0.2552314484549748630, 0.2165354330698099350 ) ) ;
#5372 = AXIS2_PLACEMENT_3D ( 'NONE', #799, #4719, #3567 ) ;
#5373 = CARTESIAN_POINT ( 'NONE',  ( -0.1555055948475705385, -0.2344368636009073192, 0.7283464566918570471 ) ) ;
#5374 = DIRECTION ( 'NONE',  ( 1.716572833537972315E-33, -1.882801286680184389E-17, 1.000000000000000000 ) ) ;
#5375 = DIRECTION ( 'NONE',  ( 1.000000000000000000, -4.510573100380431801E-15, 3.330669073875498711E-16 ) ) ;
#5376 = DIRECTION ( 'NONE',  ( 0.000000000000000000, 0.000000000000000000, 1.000000000000000000 ) ) ;
#5377 = B_SPLINE_SURFACE_WITH_KNOTS ( 'NONE', 1, 3, ( 
 ( #2996, #5590, #7004, #1589, #1666, #5628 ),
 ( #7690, #3041, #4310, #8310, #6924, #6427 ),
 ( #3565, #7736, #3081, #306, #3646, #8269 ),
 ( #4267, #4352, #2288, #1015, #7047, #5713 ) ),
 .UNSPECIFIED., .F., .F., .F.,
 ( 2, 1, 1, 2 ),
 ( 4, 2, 4 ),
 ( -0.01000000000000000021, 0.000000000000000000, 1.000000000000000000, 1.010099999999999998 ),
 ( 0.000000000000000000, 0.5000000000000000000, 1.000000000000000000 ),
 .UNSPECIFIED. ) ;
#5378 = ORIENTED_EDGE ( 'NONE', *, *, #1734, .T. ) ;
#5379 = CARTESIAN_POINT ( 'NONE',  ( 0.02880767597414023856, -0.4391612730497263528, 0.5878082297108082610 ) ) ;
#5380 = DIRECTION ( 'NONE',  ( -9.117121629785412755E-17, 1.000000000000000000, 1.882801286680184389E-17 ) ) ;
#5381 = EDGE_CURVE ( 'NONE', #5331, #2658, #229, .T. ) ;
#5382 = ORIENTED_EDGE ( 'NONE', *, *, #3283, .T. ) ;
#5383 = DIRECTION ( 'NONE',  ( 1.716572833537972315E-33, -1.882801286680184389E-17, 1.000000000000000000 ) ) ;
#5384 = VECTOR ( 'NONE', #647, 39.37007874015748143 ) ;
#5385 = CARTESIAN_POINT ( 'NONE',  ( -0.09645047673733436744, -0.1242006431284664314, 0.4921259842509122517 ) ) ;
#5386 = LINE ( 'NONE', #4864, #5139 ) ;
#5387 = PLANE ( 'NONE',  #1669 ) ;
#5388 = ADVANCED_FACE ( 'NONE', ( #6786 ), #3475, .F. ) ;
#5389 = VECTOR ( 'NONE', #3136, 39.37007874015748143 ) ;
#5390 = CARTESIAN_POINT ( 'NONE',  ( -0.07676543736725569000, -0.3210510368292537886, 0.1909448818887074795 ) ) ;
#5391 = ORIENTED_EDGE ( 'NONE', *, *, #222, .T. ) ;
#5392 = EDGE_LOOP ( 'NONE', ( #1820, #366, #7099, #6721 ) ) ;
#5393 = CARTESIAN_POINT ( 'NONE',  ( 0.05400306971146191098, -0.4391612730497047590, 0.5876822668573333797 ) ) ;
#5394 = ORIENTED_EDGE ( 'NONE', *, *, #6243, .T. ) ;
#5395 = DIRECTION ( 'NONE',  ( 9.117121629785412755E-17, -1.000000000000000000, -1.882801286680184389E-17 ) ) ;
#5396 = PLANE ( 'NONE',  #1604 ) ;
#5397 = ORIENTED_EDGE ( 'NONE', *, *, #8434, .T. ) ;
#5398 = CARTESIAN_POINT ( 'NONE',  ( 0.1653605468847131055, -0.2334526116324034117, 0.6122047244083919093 ) ) ;
#5399 = AXIS2_PLACEMENT_3D ( 'NONE', #6957, #8339, #6332 ) ;
#5400 = DIRECTION ( 'NONE',  ( -1.000000000000000000, 2.266997840165394896E-15, 5.819973929678367867E-16 ) ) ;
#5401 = DIRECTION ( 'NONE',  ( -1.000000000000000000, -9.117121629785412755E-17, 9.282927046011350088E-49 ) ) ;
#5402 = EDGE_CURVE ( 'NONE', #1529, #6018, #3129, .T. ) ;
#5403 = LINE ( 'NONE', #7989, #138 ) ;
#5404 = ORIENTED_EDGE ( 'NONE', *, *, #5234, .F. ) ;
#5405 = VECTOR ( 'NONE', #5641, 39.37007874015748143 ) ;
#5406 = ORIENTED_EDGE ( 'NONE', *, *, #1099, .T. ) ;
#5407 = LINE ( 'NONE', #7472, #6201 ) ;
#5408 = PLANE ( 'NONE',  #4436 ) ;
#5409 = CARTESIAN_POINT ( 'NONE',  ( -0.03964815091417157183, -0.2177554636759813367, 0.5951722144303011053 ) ) ;
#5410 = LINE ( 'NONE', #6061, #1722 ) ;
#5411 = VECTOR ( 'NONE', #5506, 39.37007874015748143 ) ;
#5412 = EDGE_LOOP ( 'NONE', ( #7815, #3910, #6466, #1175 ) ) ;
#5413 = EDGE_CURVE ( 'NONE', #2101, #2705, #8271, .T. ) ;
#5414 = DIRECTION ( 'NONE',  ( -3.330669073875469621E-16, 3.511521488730100433E-17, 1.000000000000000000 ) ) ;
#5415 = ORIENTED_EDGE ( 'NONE', *, *, #5261, .T. ) ;
#5416 = EDGE_LOOP ( 'NONE', ( #4099, #1443, #5299, #4659 ) ) ;
#5417 = CARTESIAN_POINT ( 'NONE',  ( 0.06398370238123624043, -0.3110551118654554803, 0.2165354330698099072 ) ) ;
#5418 = AXIS2_PLACEMENT_3D ( 'NONE', #4729, #6171, #102 ) ;
#5419 = DIRECTION ( 'NONE',  ( -9.117121629785412755E-17, 1.000000000000000000, 1.882801286680184389E-17 ) ) ;
#5420 = DIRECTION ( 'NONE',  ( 1.716572833537972315E-33, -1.882801286680184389E-17, 1.000000000000000000 ) ) ;
#5421 = DIRECTION ( 'NONE',  ( 3.476302450662492940E-15, 0.07845909572784612318, 0.9969173337331279638 ) ) ;
#5422 = CARTESIAN_POINT ( 'NONE',  ( -0.005899295634972235962, -0.3909329265930334141, 0.4594488188965814013 ) ) ;
#5423 = EDGE_CURVE ( 'NONE', #5219, #7698, #185, .T. ) ;
#5424 = AXIS2_PLACEMENT_3D ( 'NONE', #8542, #6528, #1159 ) ;
#5425 = EDGE_LOOP ( 'NONE', ( #8128, #4651, #3255, #5701 ) ) ;
#5426 = DIRECTION ( 'NONE',  ( 0.000000000000000000, 0.000000000000000000, -1.000000000000000000 ) ) ;
#5427 = ORIENTED_EDGE ( 'NONE', *, *, #1610, .T. ) ;
#5428 = DIRECTION ( 'NONE',  ( -3.378141148887369964E-16, -0.8038568606172578068, 0.5948227867512865252 ) ) ;
#5429 = LINE ( 'NONE', #2080, #3999 ) ;
#5430 = EDGE_CURVE ( 'NONE', #1216, #5823, #842, .T. ) ;
#5431 = CARTESIAN_POINT ( 'NONE',  ( -0.04487567358772805853, -0.2226258399788601239, 0.2322834645658728991 ) ) ;
#5432 = DIRECTION ( 'NONE',  ( 0.000000000000000000, 1.000000000000000000, 0.000000000000000000 ) ) ;
#5433 = ORIENTED_EDGE ( 'NONE', *, *, #1085, .T. ) ;
#5434 = ORIENTED_EDGE ( 'NONE', *, *, #5164, .T. ) ;
#5435 = LINE ( 'NONE', #5476, #5216 ) ;
#5436 = ORIENTED_EDGE ( 'NONE', *, *, #887, .F. ) ;
#5437 = LINE ( 'NONE', #2088, #3392 ) ;
#5438 = PLANE ( 'NONE',  #3009 ) ;
#5439 = VERTEX_POINT ( 'NONE', #2874 ) ;
#5440 = DIRECTION ( 'NONE',  ( -1.000000000000000000, 0.000000000000000000, 0.000000000000000000 ) ) ;
#5441 = DIRECTION ( 'NONE',  ( 1.000000000000000000, 0.000000000000000000, 0.000000000000000000 ) ) ;
#5442 = CYLINDRICAL_SURFACE ( 'NONE', #537, 0.1476377952755905387 ) ;
#5443 = CARTESIAN_POINT ( 'NONE',  ( 0.05556177173160704863, -0.4391612730497263528, 0.5894575678029682075 ) ) ;
#5444 = ORIENTED_EDGE ( 'NONE', *, *, #1269, .T. ) ;
#5445 = ORIENTED_EDGE ( 'NONE', *, *, #4313, .T. ) ;
#5446 = EDGE_CURVE ( 'NONE', #918, #4487, #2981, .T. ) ;
#5447 = LINE ( 'NONE', #6771, #7052 ) ;
#5448 = ADVANCED_FACE ( 'NONE', ( #1458 ), #4090, .F. ) ;
#5449 = DIRECTION ( 'NONE',  ( 1.411854421747038033E-17, 7.425991029036739954E-17, -1.000000000000000000 ) ) ;
#5450 = DIRECTION ( 'NONE',  ( -1.000000000000000000, 0.000000000000000000, 0.000000000000000000 ) ) ;
#5451 = CARTESIAN_POINT ( 'NONE',  ( 0.2083498549039016767, -0.2177045801363403643, 0.4945052008848331293 ) ) ;
#5452 = ORIENTED_EDGE ( 'NONE', *, *, #5646, .F. ) ;
#5453 = CARTESIAN_POINT ( 'NONE',  ( -0.001962287760956580359, -0.3988069423410648406, 0.7283464566918570471 ) ) ;
#5454 = ORIENTED_EDGE ( 'NONE', *, *, #2877, .F. ) ;
#5455 = ORIENTED_EDGE ( 'NONE', *, *, #7729, .F. ) ;
#5456 = CARTESIAN_POINT ( 'NONE',  ( 0.05284577282696793082, -0.3131743689529166152, 0.2165354330698099072 ) ) ;
#5457 = PLANE ( 'NONE',  #7190 ) ;
#5458 = ADVANCED_FACE ( 'NONE', ( #4138 ), #6834, .T. ) ;
#5459 = LINE ( 'NONE', #6116, #6964 ) ;
#5460 = DIRECTION ( 'NONE',  ( 0.000000000000000000, 0.000000000000000000, 1.000000000000000000 ) ) ;
#5461 = VECTOR ( 'NONE', #4250, 39.37007874015748143 ) ;
#5462 = DIRECTION ( 'NONE',  ( -1.000000000000000000, -5.647259913396834467E-15, 5.647259913396834467E-14 ) ) ;
#5463 = ORIENTED_EDGE ( 'NONE', *, *, #7138, .T. ) ;
#5464 = CARTESIAN_POINT ( 'NONE',  ( 0.1340961382869252372, -0.3561653449186111264, 0.2632675982785002700 ) ) ;
#5465 = VECTOR ( 'NONE', #5472, 39.37007874015748143 ) ;
#5466 = CARTESIAN_POINT ( 'NONE',  ( 0.04134479885321696441, -0.2489471927392391259, 0.6035194442680921201 ) ) ;
#5467 = VERTEX_POINT ( 'NONE', #2825 ) ;
#5468 = DIRECTION ( 'NONE',  ( 1.000000000000000000, 0.000000000000000000, 0.000000000000000000 ) ) ;
#5469 = ADVANCED_FACE ( 'NONE', ( #1547 ), #8185, .F. ) ;
#5470 = CARTESIAN_POINT ( 'NONE',  ( -0.05320113532175550775, -0.3908533990339783659, 0.2952755905501241451 ) ) ;
#5471 = CARTESIAN_POINT ( 'NONE',  ( 0.1791400744437680603, -0.3210510368292537886, 0.1909448818887074795 ) ) ;
#5472 = DIRECTION ( 'NONE',  ( -1.737850800384704371E-16, -1.000000000000000000, 3.511521488730090573E-17 ) ) ;
#5473 = DIRECTION ( 'NONE',  ( -1.411854421747038033E-17, -7.425991029036739954E-17, 1.000000000000000000 ) ) ;
#5474 = ORIENTED_EDGE ( 'NONE', *, *, #822, .F. ) ;
#5475 = VERTEX_POINT ( 'NONE', #4041 ) ;
#5476 = CARTESIAN_POINT ( 'NONE',  ( 0.03523594331953355807, -0.4391612730497262418, 0.5850403953401510648 ) ) ;
#5477 = CIRCLE ( 'NONE', #6468, 0.01075610554160973814 ) ;
#5478 = ORIENTED_EDGE ( 'NONE', *, *, #1489, .T. ) ;
#5479 = CARTESIAN_POINT ( 'NONE',  ( -0.05207951360846464761, -0.3795698433511514591, 0.2604591342078425575 ) ) ;
#5480 = EDGE_CURVE ( 'NONE', #117, #112, #4852, .T. ) ;
#5481 = ORIENTED_EDGE ( 'NONE', *, *, #7877, .T. ) ;
#5482 = LINE ( 'NONE', #6714, #4238 ) ;
#5483 = FILL_AREA_STYLE_COLOUR ( '', #2869 ) ;
#5484 = VECTOR ( 'NONE', #2385, 39.37007874015748143 ) ;
#5485 = CARTESIAN_POINT ( 'NONE',  ( 0.07087235790833486260, -0.4352242651757104452, 0.5878171478554616858 ) ) ;
#5486 = CARTESIAN_POINT ( 'NONE',  ( 0.1378014917666040839, -0.3988069423410648406, 0.3582677165343768344 ) ) ;
#5487 = ORIENTED_EDGE ( 'NONE', *, *, #5798, .F. ) ;
#5488 = CIRCLE ( 'NONE', #3259, 0.007874015748031449116 ) ;
#5489 = ORIENTED_EDGE ( 'NONE', *, *, #929, .T. ) ;
#5490 = VECTOR ( 'NONE', #6013, 39.37007874015748143 ) ;
#5491 = DIRECTION ( 'NONE',  ( -0.000000000000000000, -1.000000000000000000, -0.000000000000000000 ) ) ;
#5492 = LINE ( 'NONE', #7558, #8360 ) ;
#5493 = CARTESIAN_POINT ( 'NONE',  ( -0.03964815091417157183, -0.2190550511237039644, 0.6029382427888626550 ) ) ;
#5494 = DIRECTION ( 'NONE',  ( 0.000000000000000000, 0.000000000000000000, 1.000000000000000000 ) ) ;
#5495 = DIRECTION ( 'NONE',  ( 1.411854421747038033E-17, 7.425991029036739954E-17, -1.000000000000000000 ) ) ;
#5496 = VECTOR ( 'NONE', #6733, 39.37007874015748143 ) ;
#5497 = CYLINDRICAL_SURFACE ( 'NONE', #7171, 0.04330708661417310285 ) ;
#5498 =( GEOMETRIC_REPRESENTATION_CONTEXT ( 3 ) GLOBAL_UNCERTAINTY_ASSIGNED_CONTEXT ( ( #2196 ) ) GLOBAL_UNIT_ASSIGNED_CONTEXT ( ( #7025, #3751, #989 ) ) REPRESENTATION_CONTEXT ( 'NONE', 'WORKASPACE' ) );
#5499 = PRODUCT_DEFINITION ( 'UNKNOWN', '', #4728, #2392 ) ;
#5500 = EDGE_CURVE ( 'NONE', #4253, #8426, #7530, .T. ) ;
#5501 = ORIENTED_EDGE ( 'NONE', *, *, #8250, .F. ) ;
#5502 = ORIENTED_EDGE ( 'NONE', *, *, #7995, .F. ) ;
#5503 = DIRECTION ( 'NONE',  ( 0.000000000000000000, 0.000000000000000000, 1.000000000000000000 ) ) ;
#5504 = LINE ( 'NONE', #2872, #1977 ) ;
#5505 = VECTOR ( 'NONE', #922, 39.37007874015748143 ) ;
#5506 = DIRECTION ( 'NONE',  ( -1.228015396737279800E-16, -1.287490079826536515E-18, 1.000000000000000000 ) ) ;
#5507 = CARTESIAN_POINT ( 'NONE',  ( 0.05556177173160704863, -0.4352242651757104452, 0.5393700787391012552 ) ) ;
#5508 = PLANE ( 'NONE',  #3305 ) ;
#5509 = EDGE_CURVE ( 'NONE', #2993, #501, #4178, .T. ) ;
#5510 = ORIENTED_EDGE ( 'NONE', *, *, #2164, .T. ) ;
#5511 = CARTESIAN_POINT ( 'NONE',  ( 0.1334231652589507044, -0.3380286735278963950, 0.2712567687316671527 ) ) ;
#5512 = AXIS2_PLACEMENT_3D ( 'NONE', #4988, #5769, #7663 ) ;
#5513 = CARTESIAN_POINT ( 'NONE',  ( -0.1555055948475706495, -0.2167203281678364568, 0.6141732283454004460 ) ) ;
#5514 = ORIENTED_EDGE ( 'NONE', *, *, #1190, .T. ) ;
#5515 = LINE ( 'NONE', #4902, #7596 ) ;
#5516 = CARTESIAN_POINT ( 'NONE',  ( -0.05073382509194772350, -0.3380331626272790602, 0.2712507020620357756 ) ) ;
#5517 = CARTESIAN_POINT ( 'NONE',  ( 0.05233219495995350412, -0.4352242651757105563, 0.5852881671030556454 ) ) ;
#5518 = VECTOR ( 'NONE', #6774, 39.37007874015748854 ) ;
#5519 = FACE_BOUND ( 'NONE', #862, .T. ) ;
#5520 = ADVANCED_FACE ( 'NONE', ( #2998 ), #5060, .T. ) ;
#5521 = FACE_OUTER_BOUND ( 'NONE', #4828, .T. ) ;
#5522 = ORIENTED_EDGE ( 'NONE', *, *, #7848, .T. ) ;
#5523 = VERTEX_POINT ( 'NONE', #439 ) ;
#5524 = CARTESIAN_POINT ( 'NONE',  ( 0.05266301068548249337, -0.4391612730497047590, 0.5864525608117530098 ) ) ;
#5525 = ORIENTED_EDGE ( 'NONE', *, *, #4544, .F. ) ;
#5526 = CARTESIAN_POINT ( 'NONE',  ( 0.1358907330281905745, -0.3908533990339783659, 0.2952755905501241451 ) ) ;
#5527 = VERTEX_POINT ( 'NONE', #2329 ) ;
#5528 = DIRECTION ( 'NONE',  ( -0.000000000000000000, 0.000000000000000000, 1.000000000000000000 ) ) ;
#5529 = DIRECTION ( 'NONE',  ( 1.000000000000000000, -1.825023553845299301E-16, 2.223034220989088086E-16 ) ) ;
#5530 = CARTESIAN_POINT ( 'NONE',  ( 0.2231234417024574035, -0.2823512645326549109, 0.4325447551727850115 ) ) ;
#5531 = EDGE_CURVE ( 'NONE', #8635, #4358, #6430, .T. ) ;
#5532 = CARTESIAN_POINT ( 'NONE',  ( 0.2086676334988864789, -0.2334526116324033562, 0.4960629921249273266 ) ) ;
#5533 = ORIENTED_EDGE ( 'NONE', *, *, #222, .F. ) ;
#5534 = CARTESIAN_POINT ( 'NONE',  ( 0.2381951925540043147, -0.2344368636009073747, 0.5090551181091799160 ) ) ;
#5535 = ORIENTED_EDGE ( 'NONE', *, *, #6027, .T. ) ;
#5536 = CARTESIAN_POINT ( 'NONE',  ( 0.04804318030553531016, -0.4391612730497262418, 0.5878171478554616858 ) ) ;
#5537 = FACE_OUTER_BOUND ( 'NONE', #6559, .T. ) ;
#5538 = CARTESIAN_POINT ( 'NONE',  ( 0.07087235790833486260, -0.4352242651757104452, 0.5894575678029682075 ) ) ;
#5539 = CARTESIAN_POINT ( 'NONE',  ( 0.1122109405856148850, -0.2226258399788601239, 0.02362204724382238955 ) ) ;
#5540 = DIRECTION ( 'NONE',  ( 1.000000000000000000, 9.117121629785412755E-17, -9.282927046011350088E-49 ) ) ;
#5541 = VECTOR ( 'NONE', #8578, 39.37007874015748143 ) ;
#5542 = EDGE_CURVE ( 'NONE', #1481, #1955, #3734, .T. ) ;
#5543 = DIRECTION ( 'NONE',  ( 0.000000000000000000, 1.000000000000000000, 0.000000000000000000 ) ) ;
#5544 = EDGE_LOOP ( 'NONE', ( #7456, #991, #8554, #8092 ) ) ;
#5545 = VERTEX_POINT ( 'NONE', #6388 ) ;
#5546 = CARTESIAN_POINT ( 'NONE',  ( 0.03626036590053320630, -0.4352242651757105563, 0.5877971290358935397 ) ) ;
#5547 = DIRECTION ( 'NONE',  ( 1.000000000000000000, -1.551310282504226230E-15, 1.025482459315277241E-16 ) ) ;
#5548 = VECTOR ( 'NONE', #5323, 39.37007874015748143 ) ;
#5549 = DIRECTION ( 'NONE',  ( -1.411854421747038033E-17, -7.425991029036739954E-17, 1.000000000000000000 ) ) ;
#5550 = DIRECTION ( 'NONE',  ( 1.411854421747038033E-17, 7.425991029036739954E-17, -1.000000000000000000 ) ) ;
#5551 = CARTESIAN_POINT ( 'NONE',  ( -0.06495441374520848077, -0.3446730840733485124, 0.1909448818887074517 ) ) ;
#5552 = ORIENTED_EDGE ( 'NONE', *, *, #402, .T. ) ;
#5553 = VECTOR ( 'NONE', #7321, 39.37007874015748143 ) ;
#5554 = DIRECTION ( 'NONE',  ( -1.737850800384704371E-16, -1.000000000000000000, 1.448216729911410023E-17 ) ) ;
#5555 = CARTESIAN_POINT ( 'NONE',  ( 0.02836668478934982474, -0.4352242651757105563, 0.5878171478554616858 ) ) ;
#5556 = CARTESIAN_POINT ( 'NONE',  ( -0.1555055948475705385, -0.4391612730497262418, 0.7283464566918570471 ) ) ;
#5557 = ORIENTED_EDGE ( 'NONE', *, *, #5605, .T. ) ;
#5558 = CARTESIAN_POINT ( 'NONE',  ( 0.04488392353242972449, -0.2384681915560548371, 0.6363095516205685698 ) ) ;
#5559 = CARTESIAN_POINT ( 'NONE',  ( -0.02592684560836239910, -0.2443137815742074115, 0.6623925151578433645 ) ) ;
#5560 = EDGE_CURVE ( 'NONE', #1420, #1481, #5018, .T. ) ;
#5561 = CARTESIAN_POINT ( 'NONE',  ( 0.08662038940439795165, -0.3997911943095688314, 0.1909448818887074795 ) ) ;
#5562 = EDGE_CURVE ( 'NONE', #8062, #941, #6062, .T. ) ;
#5563 = VECTOR ( 'NONE', #5631, 39.37007874015748143 ) ;
#5564 = LINE ( 'NONE', #2082, #7021 ) ;
#5565 = DIRECTION ( 'NONE',  ( 1.716572833537972315E-33, -1.882801286680184389E-17, 1.000000000000000000 ) ) ;
#5566 = ORIENTED_EDGE ( 'NONE', *, *, #3637, .T. ) ;
#5567 = DIRECTION ( 'NONE',  ( 1.587382151871932196E-15, 0.07845909572784497132, 0.9969173337331279638 ) ) ;
#5568 = ORIENTED_EDGE ( 'NONE', *, *, #1303, .F. ) ;
#5569 = CARTESIAN_POINT ( 'NONE',  ( -0.05095789189517377360, -0.3396848627535755116, 0.2602415932277410970 ) ) ;
#5570 = LINE ( 'NONE', #8251, #1891 ) ;
#5571 = ORIENTED_EDGE ( 'NONE', *, *, #4264, .F. ) ;
#5572 = LINE ( 'NONE', #5120, #6210 ) ;
#5573 = EDGE_CURVE ( 'NONE', #7584, #598, #1063, .T. ) ;
#5574 = CARTESIAN_POINT ( 'NONE',  ( 0.1232430638470952133, -0.2439560850262929848, 0.5665792536174073524 ) ) ;
#5575 = CARTESIAN_POINT ( 'NONE',  ( 0.04134479885321685338, -0.2226258399788601239, -1.056269026750287463E-12 ) ) ;
#5576 = CARTESIAN_POINT ( 'NONE',  ( 0.1318959799555790291, -0.2226258399788601239, 0.2165354330698099350 ) ) ;
#5577 = ORIENTED_EDGE ( 'NONE', *, *, #1234, .T. ) ;
#5578 = CLOSED_SHELL ( 'NONE', ( #8106, #4380, #6381, #8276, #3676, #7837, #1843, #4093, #5775, #6370, #6788, #1414, #7965, #4831, #3308, #6219, #8384, #8581, #8602, #260, #8382, #8469, #4579, #6589, #6372, #1794, #5855, #1045, #3213, #5119, #6510, #6449, #8025, #7647, #1735, #2456, #7443, #4125, #1681, #1122, #8120, #5891, #2687, #2407, #4701, #4011, #5314, #1162, #4224, #1942, #2762, #5388, #7175, #2958, #145, #188, #1865, #6708, #3532, #6925, #7424, #2039, #4618, #919, #7071, #4516, #8008, #2749, #4104, #5214, #134, #2091, #2323, #3458, #3001, #332, #3456, #5458, #7916, #1065, #6459, #3054, #238, #6331, #4190, #1380 ) ) ;
#5579 = PLANE ( 'NONE',  #5117 ) ;
#5580 = ORIENTED_EDGE ( 'NONE', *, *, #7993, .T. ) ;
#5581 = FACE_OUTER_BOUND ( 'NONE', #7788, .T. ) ;
#5582 = EDGE_CURVE ( 'NONE', #8050, #120, #729, .T. ) ;
#5583 = DIRECTION ( 'NONE',  ( 1.000000000000000000, 0.000000000000000000, 0.000000000000000000 ) ) ;
#5584 = CARTESIAN_POINT ( 'NONE',  ( 0.1813515671878479230, -0.2334526116324033562, 0.4409448818887066190 ) ) ;
#5585 = FACE_OUTER_BOUND ( 'NONE', #5677, .T. ) ;
#5586 = CARTESIAN_POINT ( 'NONE',  ( 0.1476440114516419932, -0.1005785958843719852, 0.1909448818887074795 ) ) ;
#5587 = CARTESIAN_POINT ( 'NONE',  ( -0.1397575633515073801, -0.2177045801363404198, 0.7283464566918566030 ) ) ;
#5588 = ORIENTED_EDGE ( 'NONE', *, *, #7542, .F. ) ;
#5589 = LINE ( 'NONE', #2287, #2550 ) ;
#5590 = CARTESIAN_POINT ( 'NONE',  ( 0.1282371099065962028, -0.2301085762956885938, 0.4037324512512316388 ) ) ;
#5591 = EDGE_CURVE ( 'NONE', #1663, #2265, #6505, .T. ) ;
#5592 = CARTESIAN_POINT ( 'NONE',  ( -0.04084237512568004991, -0.2513872556778999345, 0.5576101637574478742 ) ) ;
#5593 = EDGE_CURVE ( 'NONE', #7142, #4255, #1763, .T. ) ;
#5594 = DIRECTION ( 'NONE',  ( -3.136176690908557745E-15, 0.9862856015372137852, 0.1650476058607828200 ) ) ;
#5595 = ORIENTED_EDGE ( 'NONE', *, *, #5605, .F. ) ;
#5596 = CIRCLE ( 'NONE', #1803, 0.1082677165354330312 ) ;
#5597 = VERTEX_POINT ( 'NONE', #4449 ) ;
#5598 = CARTESIAN_POINT ( 'NONE',  ( 0.05237393860806556500, -0.4352242651757105563, 0.5855036343567547874 ) ) ;
#5599 = CARTESIAN_POINT ( 'NONE',  ( 0.04134479885321665910, -0.5730195407662619367, 0.7519685039359512713 ) ) ;
#5600 = DIRECTION ( 'NONE',  ( 1.737850800384706343E-16, 1.000000000000000000, -6.231570711506253061E-16 ) ) ;
#5601 = VECTOR ( 'NONE', #6038, 39.37007874015748143 ) ;
#5602 = LINE ( 'NONE', #7623, #2516 ) ;
#5603 = CARTESIAN_POINT ( 'NONE',  ( 0.1840613342862876811, -0.3997911943095688314, 0.1909448818887074795 ) ) ;
#5604 = EDGE_CURVE ( 'NONE', #1616, #5368, #5643, .T. ) ;
#5605 = EDGE_CURVE ( 'NONE', #6223, #4941, #3775, .T. ) ;
#5606 = ORIENTED_EDGE ( 'NONE', *, *, #1489, .F. ) ;
#5607 = FILL_AREA_STYLE ('',( #6366 ) ) ;
#5608 = ORIENTED_EDGE ( 'NONE', *, *, #4474, .T. ) ;
#5609 = DIRECTION ( 'NONE',  ( -1.000000000000000000, 0.000000000000000000, 0.000000000000000000 ) ) ;
#5610 = CARTESIAN_POINT ( 'NONE',  ( 0.1358907330281905745, -0.3909329265930334141, 0.2952755905501241451 ) ) ;
#5611 = DIRECTION ( 'NONE',  ( 2.312964634635740689E-15, 1.000000000000000000, -1.156482317317870344E-15 ) ) ;
#5612 = DIRECTION ( 'NONE',  ( -1.000000000000000000, 2.266997840165394896E-15, 5.819973929678367867E-16 ) ) ;
#5613 = LINE ( 'NONE', #6814, #3790 ) ;
#5614 = ADVANCED_FACE ( 'NONE', ( #262, #6471 ), #4312, .T. ) ;
#5615 = ORIENTED_EDGE ( 'NONE', *, *, #5730, .F. ) ;
#5616 = EDGE_LOOP ( 'NONE', ( #1721, #5454, #6907, #826, #7327, #6053 ) ) ;
#5617 = ORIENTED_EDGE ( 'NONE', *, *, #1893, .F. ) ;
#5618 = CARTESIAN_POINT ( 'NONE',  ( -0.09866196948141356393, -0.2177045801363403921, 0.4251968503926439880 ) ) ;
#5619 = CARTESIAN_POINT ( 'NONE',  ( -0.1161355161074131004, -0.2167203281678364568, 0.6141732283454003349 ) ) ;
#5620 = AXIS2_PLACEMENT_3D ( 'NONE', #3804, #7676, #4295 ) ;
#5621 = CARTESIAN_POINT ( 'NONE',  ( -0.1256602571974678728, -0.2334526116324034117, 0.4945052008848331293 ) ) ;
#5622 = ORIENTED_EDGE ( 'NONE', *, *, #7415, .F. ) ;
#5623 = LINE ( 'NONE', #178, #6028 ) ;
#5624 = EDGE_CURVE ( 'NONE', #7723, #2497, #2316, .T. ) ;
#5625 = ORIENTED_EDGE ( 'NONE', *, *, #4409, .T. ) ;
#5626 = AXIS2_PLACEMENT_3D ( 'NONE', #1733, #7667, #6985 ) ;
#5627 = CARTESIAN_POINT ( 'NONE',  ( 0.03076968417840268352, -0.4391612730497717609, 0.5864960667117576909 ) ) ;
#5628 = CARTESIAN_POINT ( 'NONE',  ( 0.1271185718079657079, -0.2240283915598630382, 0.4423046569051795607 ) ) ;
#5629 = DIRECTION ( 'NONE',  ( 4.453238516487719912E-15, 0.9862856015372372109, 0.1650476058606417662 ) ) ;
#5630 = LINE ( 'NONE', #972, #175 ) ;
#5631 = DIRECTION ( 'NONE',  ( 1.000000000000000000, -2.266997840165394896E-15, -5.819973929678367867E-16 ) ) ;
#5632 = VECTOR ( 'NONE', #7954, 39.37007874015748143 ) ;
#5633 = VECTOR ( 'NONE', #6696, 39.37007874015748143 ) ;
#5634 = EDGE_CURVE ( 'NONE', #1270, #3091, #5630, .T. ) ;
#5635 = ORIENTED_EDGE ( 'NONE', *, *, #4432, .F. ) ;
#5636 = VERTEX_POINT ( 'NONE', #4980 ) ;
#5637 = AXIS2_PLACEMENT_3D ( 'NONE', #5726, #5528, #454 ) ;
#5638 = CIRCLE ( 'NONE', #5914, 0.007874015748031468198 ) ;
#5639 = ORIENTED_EDGE ( 'NONE', *, *, #8434, .F. ) ;
#5640 = DIRECTION ( 'NONE',  ( 0.03031934962942783862, -0.5945493246125967968, -0.8034872977469859068 ) ) ;
#5641 = DIRECTION ( 'NONE',  ( -0.000000000000000000, -0.000000000000000000, -1.000000000000000000 ) ) ;
#5642 = CARTESIAN_POINT ( 'NONE',  ( -0.001962287760956785056, -1.445962891180035736, 0.7598425196839830864 ) ) ;
#5643 = CIRCLE ( 'NONE', #589, 0.08661417322834646937 ) ;
#5644 = VECTOR ( 'NONE', #1407, 39.37007874015748143 ) ;
#5645 = DIRECTION ( 'NONE',  ( 0.000000000000000000, 0.000000000000000000, -1.000000000000000000 ) ) ;
#5646 = EDGE_CURVE ( 'NONE', #247, #2497, #7653, .T. ) ;
#5647 = DIRECTION ( 'NONE',  ( -0.9727089748914140577, 0.000000000000000000, -0.2320285546343258953 ) ) ;
#5648 = VERTEX_POINT ( 'NONE', #1668 ) ;
#5649 = LINE ( 'NONE', #4423, #3944 ) ;
#5650 = EDGE_LOOP ( 'NONE', ( #6419, #2860 ) ) ;
#5651 = CARTESIAN_POINT ( 'NONE',  ( 0.04134479885321699910, -0.2386262973325885550, 0.6343006272539554180 ) ) ;
#5652 = LINE ( 'NONE', #2899, #1874 ) ;
#5653 = EDGE_CURVE ( 'NONE', #120, #8050, #1290, .T. ) ;
#5654 = PLANE ( 'NONE',  #7990 ) ;
#5655 = CIRCLE ( 'NONE', #5938, 0.01181102362204724046 ) ;
#5656 = LINE ( 'NONE', #7812, #7304 ) ;
#5657 = ORIENTED_EDGE ( 'NONE', *, *, #6439, .F. ) ;
#5658 = CARTESIAN_POINT ( 'NONE',  ( 0.1476440114516419932, -0.3446730840733485124, 0.2027559055107547303 ) ) ;
#5659 = ORIENTED_EDGE ( 'NONE', *, *, #7111, .T. ) ;
#5660 = DIRECTION ( 'NONE',  ( -1.000000000000000000, -9.117121629785412755E-17, 9.282927046011350088E-49 ) ) ;
#5661 = VECTOR ( 'NONE', #6858, 39.37007874015748143 ) ;
#5662 = DIRECTION ( 'NONE',  ( -1.000000000000000000, 0.000000000000000000, 0.000000000000000000 ) ) ;
#5663 = EDGE_CURVE ( 'NONE', #8518, #5852, #3691, .T. ) ;
#5664 = DIRECTION ( 'NONE',  ( -0.000000000000000000, -0.000000000000000000, -1.000000000000000000 ) ) ;
#5665 = EDGE_CURVE ( 'NONE', #242, #1818, #8460, .T. ) ;
#5666 = CARTESIAN_POINT ( 'NONE',  ( -0.1555055948475705663, -0.1242006431284664453, 0.7283464566918570471 ) ) ;
#5667 = PLANE ( 'NONE',  #696 ) ;
#5668 = EDGE_LOOP ( 'NONE', ( #4438, #5825, #727, #4454 ) ) ;
#5669 = MECHANICAL_DESIGN_GEOMETRIC_PRESENTATION_REPRESENTATION (  '', ( #6083 ), #2719 ) ;
#5670 = CARTESIAN_POINT ( 'NONE',  ( 0.02991018923765903156, -0.4391612730497742034, 0.5873879059678724923 ) ) ;
#5671 = LINE ( 'NONE', #395, #2685 ) ;
#5672 = DIRECTION ( 'NONE',  ( 0.000000000000000000, 1.000000000000000000, 0.000000000000000000 ) ) ;
#5673 = CARTESIAN_POINT ( 'NONE',  ( -0.04442897410153096027, -0.2318720802020088345, 0.4409920735829792049 ) ) ;
#5674 = DIRECTION ( 'NONE',  ( 0.03031934962942967396, 0.1649717273430683917, -0.9858321693957305953 ) ) ;
#5675 = EDGE_CURVE ( 'NONE', #7830, #1340, #4077, .T. ) ;
#5676 = AXIS2_PLACEMENT_3D ( 'NONE', #8383, #2356, #5266 ) ;
#5677 = EDGE_LOOP ( 'NONE', ( #7500, #6507, #4120, #5702, #8391, #5812, #5434, #552, #629, #3737, #1672, #3132, #2085, #3073, #1769, #4987, #7563 ) ) ;
#5678 = ORIENTED_EDGE ( 'NONE', *, *, #6110, .T. ) ;
#5679 = ORIENTED_EDGE ( 'NONE', *, *, #5183, .F. ) ;
#5680 = ORIENTED_EDGE ( 'NONE', *, *, #1219, .T. ) ;
#5681 = CARTESIAN_POINT ( 'NONE',  ( 0.03113489345076716000, -0.4352242651757104452, 0.5857068159438255650 ) ) ;
#5682 = VECTOR ( 'NONE', #6235, 39.37007874015748854 ) ;
#5683 =( LENGTH_UNIT ( ) NAMED_UNIT ( * ) SI_UNIT ( $, .METRE. ) );
#5684 = EDGE_LOOP ( 'NONE', ( #360, #8519, #5110, #4027, #1252, #901, #4329, #4869 ) ) ;
#5685 = CARTESIAN_POINT ( 'NONE',  ( 0.05400306971146191098, -0.4352242651757106118, 0.5876822668573333797 ) ) ;
#5686 = CYLINDRICAL_SURFACE ( 'NONE', #2169, 0.03149606299212695526 ) ;
#5687 = LINE ( 'NONE', #2299, #8511 ) ;
#5688 = ADVANCED_FACE ( 'NONE', ( #3293 ), #7998, .T. ) ;
#5689 = VECTOR ( 'NONE', #3043, 39.37007874015748143 ) ;
#5690 = CYLINDRICAL_SURFACE ( 'NONE', #3501, 0.08661417322834648325 ) ;
#5691 = FACE_OUTER_BOUND ( 'NONE', #315, .T. ) ;
#5692 = ORIENTED_EDGE ( 'NONE', *, *, #1645, .T. ) ;
#5693 = DIRECTION ( 'NONE',  ( 3.330669073875469621E-16, -1.448216729911419884E-17, -1.000000000000000000 ) ) ;
#5694 = ORIENTED_EDGE ( 'NONE', *, *, #4152, .F. ) ;
#5695 = CARTESIAN_POINT ( 'NONE',  ( 0.1223377486206058545, -0.2181886594918836797, 0.5977608905498228431 ) ) ;
#5696 = AXIS2_PLACEMENT_3D ( 'NONE', #7766, #217, #6149 ) ;
#5697 = ADVANCED_FACE ( 'NONE', ( #2062 ), #1448, .F. ) ;
#5698 = LENGTH_MEASURE_WITH_UNIT ( LENGTH_MEASURE( 0.02539999999999999897 ), #3022 );
#5699 = CARTESIAN_POINT ( 'NONE',  ( -0.09866196948141356393, -0.2177045801363403921, 0.4409448818887066190 ) ) ;
#5700 = DIRECTION ( 'NONE',  ( 0.000000000000000000, 0.000000000000000000, 1.000000000000000000 ) ) ;
#5701 = ORIENTED_EDGE ( 'NONE', *, *, #6122, .F. ) ;
#5702 = ORIENTED_EDGE ( 'NONE', *, *, #5865, .F. ) ;
#5703 = ORIENTED_EDGE ( 'NONE', *, *, #7088, .F. ) ;
#5704 = CARTESIAN_POINT ( 'NONE',  ( -0.04506121720771467248, -0.2232961464224180181, 0.4200044957834555559 ) ) ;
#5705 = CARTESIAN_POINT ( 'NONE',  ( 0.1273957872144106107, -0.2232961464224183512, 0.4325447551727847340 ) ) ;
#5706 = DIRECTION ( 'NONE',  ( 1.737850800384704371E-16, 1.000000000000000000, -1.448216729911410023E-17 ) ) ;
#5707 = CARTESIAN_POINT ( 'NONE',  ( 0.08465188546738984521, -0.3988069423410648406, 0.7283464566918570471 ) ) ;
#5708 = CYLINDRICAL_SURFACE ( 'NONE', #2806, 0.01181102362204720403 ) ;
#5709 = EDGE_LOOP ( 'NONE', ( #1360, #1868, #2879, #1687 ) ) ;
#5710 = EDGE_CURVE ( 'NONE', #5527, #5743, #4665, .T. ) ;
#5711 = EDGE_CURVE ( 'NONE', #5316, #6190, #5410, .T. ) ;
#5712 = CARTESIAN_POINT ( 'NONE',  ( 0.03685073170536033033, -0.4352242651757104452, 0.5878171478554616858 ) ) ;
#5713 = CARTESIAN_POINT ( 'NONE',  ( 0.1271185718079656801, -0.2319505170884307577, 0.4409789477497578214 ) ) ;
#5714 = PLANE ( 'NONE',  #2031 ) ;
#5715 = DIRECTION ( 'NONE',  ( 1.611116917564282895E-15, 0.9969173337331278528, -0.07845909572784610930 ) ) ;
#5716 = LINE ( 'NONE', #7612, #5563 ) ;
#5717 = ORIENTED_EDGE ( 'NONE', *, *, #5332, .T. ) ;
#5718 = ORIENTED_EDGE ( 'NONE', *, *, #7629, .F. ) ;
#5719 = ORIENTED_EDGE ( 'NONE', *, *, #2948, .T. ) ;
#5720 = VERTEX_POINT ( 'NONE', #1967 ) ;
#5721 = EDGE_CURVE ( 'NONE', #2730, #5919, #1862, .T. ) ;
#5722 = FACE_OUTER_BOUND ( 'NONE', #1986, .T. ) ;
#5723 = ORIENTED_EDGE ( 'NONE', *, *, #4978, .T. ) ;
#5724 = CARTESIAN_POINT ( 'NONE',  ( 0.2165416492469179333, -0.5728226903725608388, 0.6574803149595729312 ) ) ;
#5725 = CARTESIAN_POINT ( 'NONE',  ( 0.1378014917666029737, -0.2125571138850911312, 0.5641081009960576820 ) ) ;
#5726 = CARTESIAN_POINT ( 'NONE',  ( 0.04134479885321683257, -0.2226258399788601239, 0.2086614173217784252 ) ) ;
#5727 = CARTESIAN_POINT ( 'NONE',  ( 0.05442722076817591709, -0.4352242651757101122, 0.5878007555141834262 ) ) ;
#5728 = DIRECTION ( 'NONE',  ( -1.000000000000000000, 0.000000000000000000, 0.000000000000000000 ) ) ;
#5729 = DIRECTION ( 'NONE',  ( 0.000000000000000000, -1.000000000000000000, 0.000000000000000000 ) ) ;
#5730 = EDGE_CURVE ( 'NONE', #6582, #4901, #6823, .T. ) ;
#5731 = ORIENTED_EDGE ( 'NONE', *, *, #3771, .T. ) ;
#5732 = PLANE ( 'NONE',  #1703 ) ;
#5733 = ORIENTED_EDGE ( 'NONE', *, *, #7950, .T. ) ;
#5734 = CARTESIAN_POINT ( 'NONE',  ( 0.1223377486206055631, -0.2798836905444656020, 0.5847755148485339616 ) ) ;
#5735 = LINE ( 'NONE', #1611, #333 ) ;
#5736 = UNCERTAINTY_MEASURE_WITH_UNIT (LENGTH_MEASURE( 1.000000000000000082E-05 ), #268, 'distance_accuracy_value', 'NONE');
#5737 = CARTESIAN_POINT ( 'NONE',  ( -0.06495441374520848077, -0.09270458013634053085, 0.2027559055107547303 ) ) ;
#5738 = AXIS2_PLACEMENT_3D ( 'NONE', #5586, #5495, #4972 ) ;
#5739 = CYLINDRICAL_SURFACE ( 'NONE', #8272, 0.05118110236220482778 ) ;
#5740 = CARTESIAN_POINT ( 'NONE',  ( 0.1476440114516419932, -0.09270458013634053085, 0.1909448818887074795 ) ) ;
#5741 = ORIENTED_EDGE ( 'NONE', *, *, #3952, .T. ) ;
#5742 = EDGE_CURVE ( 'NONE', #6339, #4253, #2629, .T. ) ;
#5743 = VERTEX_POINT ( 'NONE', #790 ) ;
#5744 = VECTOR ( 'NONE', #946, 39.37007874015748143 ) ;
#5745 = ORIENTED_EDGE ( 'NONE', *, *, #2802, .F. ) ;
#5746 = DIRECTION ( 'NONE',  ( 0.7239618166986740988, 0.6898400452005923889, 8.979178797044924256E-17 ) ) ;
#5747 = MANIFOLD_SOLID_BREP ( 'solid-5', #8652 ) ;
#5748 = CARTESIAN_POINT ( 'NONE',  ( -0.1712536263436334472, -0.2413266273804349216, 0.7007874015737463047 ) ) ;
#5749 = AXIS2_PLACEMENT_3D ( 'NONE', #6487, #8000, #7348 ) ;
#5750 = FACE_OUTER_BOUND ( 'NONE', #8672, .T. ) ;
#5751 = CARTESIAN_POINT ( 'NONE',  ( -0.03835313859420269589, -0.2658321178738067836, 0.2165354330698099627 ) ) ;
#5752 = ORIENTED_EDGE ( 'NONE', *, *, #2858, .F. ) ;
#5753 = ADVANCED_FACE ( 'NONE', ( #655 ), #740, .T. ) ;
#5755 = DIRECTION ( 'NONE',  ( 1.411854421747038033E-17, 7.425991029036739954E-17, -1.000000000000000000 ) ) ;
#5754 = APPLICATION_CONTEXT ( 'automotive_design' ) ;
#5756 = AXIS2_PLACEMENT_3D ( 'NONE', #5958, #7207, #7977 ) ;
#5757 = CARTESIAN_POINT ( 'NONE',  ( 0.04134479885321683257, -0.2226258399788601239, 0.1417322834635106887 ) ) ;
#5758 = DIRECTION ( 'NONE',  ( -1.737850800384704371E-16, -1.000000000000000000, 1.448216729911414029E-17 ) ) ;
#5759 = CARTESIAN_POINT ( 'NONE',  ( 0.04134479885321699910, -0.2386262973325885550, 0.6343006272539554180 ) ) ;
#5760 = ORIENTED_EDGE ( 'NONE', *, *, #6501, .T. ) ;
#5761 = EDGE_CURVE ( 'NONE', #6612, #8062, #7906, .T. ) ;
#5762 = VECTOR ( 'NONE', #3316, 39.37007874015748143 ) ;
#5763 = VERTEX_POINT ( 'NONE', #612 ) ;
#5764 = ORIENTED_EDGE ( 'NONE', *, *, #8661, .F. ) ;
#5765 = ORIENTED_EDGE ( 'NONE', *, *, #2704, .F. ) ;
#5766 = CARTESIAN_POINT ( 'NONE',  ( -0.1140922223824919340, -0.2177045801363403921, 0.4377972174514205284 ) ) ;
#5767 = DIRECTION ( 'NONE',  ( -1.000000000000000000, -2.336475967786409359E-12, 0.000000000000000000 ) ) ;
#5768 = VERTEX_POINT ( 'NONE', #2240 ) ;
#5769 = DIRECTION ( 'NONE',  ( 0.000000000000000000, 0.000000000000000000, -1.000000000000000000 ) ) ;
#5770 = VECTOR ( 'NONE', #7764, 39.37007874015748143 ) ;
#5771 = CARTESIAN_POINT ( 'NONE',  ( -0.07676543736725569000, -0.3997911943095688314, 0.1909448818887074795 ) ) ;
#5772 = LINE ( 'NONE', #5818, #4534 ) ;
#5773 = AXIS2_PLACEMENT_3D ( 'NONE', #6250, #2281, #1582 ) ;
#5774 = DIRECTION ( 'NONE',  ( 0.000000000000000000, 1.000000000000000000, 0.000000000000000000 ) ) ;
#5775 = ADVANCED_FACE ( 'NONE', ( #5585 ), #8345, .T. ) ;
#5776 = DIRECTION ( 'NONE',  ( -0.000000000000000000, -0.000000000000000000, -1.000000000000000000 ) ) ;
#5777 = VECTOR ( 'NONE', #4717, 39.37007874015748143 ) ;
#5778 = DIRECTION ( 'NONE',  ( -0.2320285546343258953, 0.000000000000000000, 0.9727089748914140577 ) ) ;
#5779 = VECTOR ( 'NONE', #4243, 39.37007874015748143 ) ;
#5780 = VERTEX_POINT ( 'NONE', #6336 ) ;
#5781 = LENGTH_MEASURE_WITH_UNIT ( LENGTH_MEASURE( 0.02539999999999999897 ), #1648 );
#5782 = EDGE_LOOP ( 'NONE', ( #1314, #2870, #3856, #4242 ) ) ;
#5783 = CARTESIAN_POINT ( 'NONE',  ( 0.1247261970436229633, -0.2073587640942069488, 0.5330439875618129264 ) ) ;
#5784 = CARTESIAN_POINT ( 'NONE',  ( -0.05050924320985743926, -0.3277889557025920331, 0.2718573705992842759 ) ) ;
#5785 = LINE ( 'NONE', #2811, #2459 ) ;
#5786 = AXIS2_PLACEMENT_3D ( 'NONE', #3497, #6401, #6902 ) ;
#5787 = CIRCLE ( 'NONE', #3125, 0.01574803149606299191 ) ;
#5788 = CYLINDRICAL_SURFACE ( 'NONE', #195, 0.007874015748031449116 ) ;
#5789 = EDGE_CURVE ( 'NONE', #2655, #2101, #2814, .T. ) ;
#5790 = DIRECTION ( 'NONE',  ( -9.117121629785411522E-17, 1.000000000000000000, 1.882801286680184389E-17 ) ) ;
#5791 = DIRECTION ( 'NONE',  ( -1.000000000000000000, 0.000000000000000000, 0.000000000000000000 ) ) ;
#5792 = ORIENTED_EDGE ( 'NONE', *, *, #2371, .T. ) ;
#5793 = VERTEX_POINT ( 'NONE', #832 ) ;
#5794 = EDGE_LOOP ( 'NONE', ( #1110, #5659, #3176, #7771 ) ) ;
#5795 = ORIENTED_EDGE ( 'NONE', *, *, #6649, .T. ) ;
#5796 = FACE_OUTER_BOUND ( 'NONE', #2180, .T. ) ;
#5797 = FILL_AREA_STYLE_COLOUR ( '', #2862 ) ;
#5798 = EDGE_CURVE ( 'NONE', #8207, #4581, #2318, .T. ) ;
#5799 = EDGE_CURVE ( 'NONE', #4910, #3863, #1731, .T. ) ;
#5800 = LINE ( 'NONE', #299, #4761 ) ;
#5801 = DIRECTION ( 'NONE',  ( -1.780630495920155818E-30, -1.000000000000000000, 6.672013369141570147E-16 ) ) ;
#5802 = EDGE_LOOP ( 'NONE', ( #6988, #4822, #6088, #6009 ) ) ;
#5803 = DIRECTION ( 'NONE',  ( 1.716572833537972657E-33, -1.882801286680184389E-17, 1.000000000000000000 ) ) ;
#5804 = AXIS2_PLACEMENT_3D ( 'NONE', #8387, #3765, #6422 ) ;
#5805 = CARTESIAN_POINT ( 'NONE',  ( 0.04606690194298195679, -0.3751848950969702279, 0.3873040079914239486 ) ) ;
#5806 = DIRECTION ( 'NONE',  ( -1.000000000000000000, -9.117121629785411522E-17, 9.282927046011350088E-49 ) ) ;
#5807 = CARTESIAN_POINT ( 'NONE',  ( -0.04470618950752147658, -0.2311701621704494725, 0.4325447551727851780 ) ) ;
#5808 = ADVANCED_FACE ( 'NONE', ( #7684 ), #1032, .T. ) ;
#5809 = ORIENTED_EDGE ( 'NONE', *, *, #1362, .F. ) ;
#5810 = VECTOR ( 'NONE', #232, 39.37007874015748143 ) ;
#5811 = ORIENTED_EDGE ( 'NONE', *, *, #3735, .F. ) ;
#5812 = ORIENTED_EDGE ( 'NONE', *, *, #1893, .T. ) ;
#5813 = ORIENTED_EDGE ( 'NONE', *, *, #2622, .F. ) ;
#5814 = LINE ( 'NONE', #6010, #5389 ) ;
#5815 = VERTEX_POINT ( 'NONE', #6998 ) ;
#5816 = VECTOR ( 'NONE', #5223, 39.37007874015748143 ) ;
#5817 = LINE ( 'NONE', #574, #5541 ) ;
#5818 = CARTESIAN_POINT ( 'NONE',  ( 0.1476440114516419932, -0.3525470998213799945, 0.1909448818887074517 ) ) ;
#5819 = FACE_OUTER_BOUND ( 'NONE', #2492, .T. ) ;
#5820 = DIRECTION ( 'NONE',  ( -3.378141148887460190E-16, -0.8038568606172252773, 0.5948227867513303790 ) ) ;
#5821 = CIRCLE ( 'NONE', #7922, 0.007874015748031499423 ) ;
#5822 = CARTESIAN_POINT ( 'NONE',  ( -0.003930791697964263094, 0.1002088056904311825, 0.4606299212587862679 ) ) ;
#5823 = VERTEX_POINT ( 'NONE', #6251 ) ;
#5824 = CARTESIAN_POINT ( 'NONE',  ( 0.04134479885321683257, -0.2934919817111436013, 0.1968503936997311743 ) ) ;
#5825 = ORIENTED_EDGE ( 'NONE', *, *, #4035, .F. ) ;
#5826 = EDGE_CURVE ( 'NONE', #3319, #7779, #4842, .T. ) ;
#5827 = CARTESIAN_POINT ( 'NONE',  ( 0.1223377486206061737, -0.1413947675380843039, 0.6159341172660752761 ) ) ;
#5828 = EDGE_CURVE ( 'NONE', #6190, #7024, #4344, .T. ) ;
#5829 = LINE ( 'NONE', #5955, #5275 ) ;
#5830 = AXIS2_PLACEMENT_3D ( 'NONE', #3082, #5806, #8394 ) ;
#5831 = DIRECTION ( 'NONE',  ( 0.000000000000000000, 1.000000000000000000, 0.000000000000000000 ) ) ;
#5832 = CARTESIAN_POINT ( 'NONE',  ( 0.2381951925540042869, -0.4391612730497262418, 0.7283464566918570471 ) ) ;
#5833 = VERTEX_POINT ( 'NONE', #925 ) ;
#5834 = ORIENTED_EDGE ( 'NONE', *, *, #6323, .F. ) ;
#5835 = VECTOR ( 'NONE', #7994, 39.37007874015748143 ) ;
#5836 = VERTEX_POINT ( 'NONE', #6962 ) ;
#5837 = EDGE_CURVE ( 'NONE', #4723, #5180, #3511, .T. ) ;
#5838 = CARTESIAN_POINT ( 'NONE',  ( 0.04134479885321683257, -0.2226258399788601239, 0.1968503936997311743 ) ) ;
#5839 = VERTEX_POINT ( 'NONE', #5539 ) ;
#5840 = DIRECTION ( 'NONE',  ( -1.000000000000000000, -9.117121629785411522E-17, 9.282927046011350088E-49 ) ) ;
#5841 = CARTESIAN_POINT ( 'NONE',  ( -0.04937450321808400933, -0.2255785958843719852, 0.6662642147350240629 ) ) ;
#5842 = AXIS2_PLACEMENT_3D ( 'NONE', #3917, #6486, #455 ) ;
#5843 = PLANE ( 'NONE',  #118 ) ;
#5844 = DIRECTION ( 'NONE',  ( -1.000000000000000000, 6.856315565167550271E-15, -5.396037375068905517E-16 ) ) ;
#5845 = VERTEX_POINT ( 'NONE', #963 ) ;
#5846 = EDGE_CURVE ( 'NONE', #2751, #2254, #7519, .T. ) ;
#5847 = CARTESIAN_POINT ( 'NONE',  ( -0.005899295634972270656, -0.3909329265930334141, 0.5696850393690224834 ) ) ;
#5848 = CARTESIAN_POINT ( 'NONE',  ( -0.001962287760956068182, -0.5730195407662621587, 0.2027559055107547026 ) ) ;
#5849 = CARTESIAN_POINT ( 'NONE',  ( 0.03685073170536033033, -0.4391612730497421180, 0.5878171478554616858 ) ) ;
#5850 = CARTESIAN_POINT ( 'NONE',  ( -0.003930791697964271768, -0.3997911943095688314, 0.4606299212587862679 ) ) ;
#5851 = EDGE_LOOP ( 'NONE', ( #6534, #2904, #6433, #1050 ) ) ;
#5852 = VERTEX_POINT ( 'NONE', #1495 ) ;
#5853 = EDGE_LOOP ( 'NONE', ( #224, #2111 ) ) ;
#5854 = ORIENTED_EDGE ( 'NONE', *, *, #2436, .F. ) ;
#5855 = ADVANCED_FACE ( 'NONE', ( #4303 ), #2988, .F. ) ;
#5856 = DIRECTION ( 'NONE',  ( 1.000000000000000000, 0.000000000000000000, 0.000000000000000000 ) ) ;
#5857 = VERTEX_POINT ( 'NONE', #3639 ) ;
#5858 = CARTESIAN_POINT ( 'NONE',  ( 0.02597717057795843887, -0.2457994756388419411, 0.6435149821972824258 ) ) ;
#5859 = CARTESIAN_POINT ( 'NONE',  ( 0.1232430638470952133, -0.2439560850262929848, 0.5665792536174073524 ) ) ;
#5860 = DIRECTION ( 'NONE',  ( -9.117121629785412755E-17, 1.000000000000000000, 1.882801286680184389E-17 ) ) ;
#5861 = FACE_OUTER_BOUND ( 'NONE', #528, .T. ) ;
#5862 = CARTESIAN_POINT ( 'NONE',  ( 0.04134479885321728360, -0.2370818269442451498, 0.6539249842172057958 ) ) ;
#5863 = VERTEX_POINT ( 'NONE', #2910 ) ;
#5864 = DIRECTION ( 'NONE',  ( 0.000000000000000000, 0.000000000000000000, 1.000000000000000000 ) ) ;
#5865 = EDGE_CURVE ( 'NONE', #7646, #2615, #5655, .T. ) ;
#5866 = ORIENTED_EDGE ( 'NONE', *, *, #5979, .F. ) ;
#5867 = DIRECTION ( 'NONE',  ( 1.000000000000000000, 1.110223024625156294E-16, 1.411854421747038957E-17 ) ) ;
#5868 = FACE_OUTER_BOUND ( 'NONE', #4111, .T. ) ;
#5869 = EDGE_CURVE ( 'NONE', #2433, #4965, #3601, .T. ) ;
#5870 = CARTESIAN_POINT ( 'NONE',  ( 0.04355765701157205544, -0.4391612730497262418, 0.5501387521861702545 ) ) ;
#5871 = EDGE_CURVE ( 'NONE', #6223, #7346, #4886, .T. ) ;
#5872 = CARTESIAN_POINT ( 'NONE',  ( 0.1830770823177811923, -0.1249292841513670316, 2.078958154626092902 ) ) ;
#5873 = ORIENTED_EDGE ( 'NONE', *, *, #5799, .F. ) ;
#5874 = ORIENTED_EDGE ( 'NONE', *, *, #7613, .T. ) ;
#5875 = ORIENTED_EDGE ( 'NONE', *, *, #7245, .F. ) ;
#5876 = CARTESIAN_POINT ( 'NONE',  ( 0.1653605468847131055, -0.2177045801363403921, 0.7244094488178406399 ) ) ;
#5877 = VERTEX_POINT ( 'NONE', #4927 ) ;
#5878 = CIRCLE ( 'NONE', #1662, 0.007874015748031449116 ) ;
#5879 = LINE ( 'NONE', #2405, #7883 ) ;
#5880 = DIRECTION ( 'NONE',  ( 1.716572833537972315E-33, -1.882801286680184389E-17, 1.000000000000000000 ) ) ;
#5881 = LINE ( 'NONE', #6006, #7701 ) ;
#5882 = EDGE_CURVE ( 'NONE', #3781, #7679, #4400, .T. ) ;
#5883 = PLANE ( 'NONE',  #1127 ) ;
#5884 = AXIS2_PLACEMENT_3D ( 'NONE', #8422, #1697, #8335 ) ;
#5885 = ORIENTED_EDGE ( 'NONE', *, *, #7717, .F. ) ;
#5886 = CARTESIAN_POINT ( 'NONE',  ( 0.04735112814018097721, -0.4391612730497262418, 0.5894575678029682075 ) ) ;
#5887 = LINE ( 'NONE', #7784, #6396 ) ;
#5888 = CARTESIAN_POINT ( 'NONE',  ( 0.05892000206242044985, -0.2464760401178884563, 0.6349184154092927246 ) ) ;
#5889 = VECTOR ( 'NONE', #6338, 39.37007874015748143 ) ;
#5890 = ORIENTED_EDGE ( 'NONE', *, *, #2857, .F. ) ;
#5891 = ADVANCED_FACE ( 'NONE', ( #254, #8302 ), #4971, .F. ) ;
#5892 = ORIENTED_EDGE ( 'NONE', *, *, #8486, .T. ) ;
#5893 = ORIENTED_EDGE ( 'NONE', *, *, #5446, .F. ) ;
#5894 = VECTOR ( 'NONE', #5970, 39.37007874015748143 ) ;
#5895 = ORIENTED_EDGE ( 'NONE', *, *, #7542, .T. ) ;
#5896 = CARTESIAN_POINT ( 'NONE',  ( -0.1555055948475705385, -0.4391612730497262418, 0.1181102362194161592 ) ) ;
#5897 = DIRECTION ( 'NONE',  ( -9.117121629785411522E-17, 1.000000000000000000, 1.882801286680184389E-17 ) ) ;
#5898 = LINE ( 'NONE', #665, #3216 ) ;
#5899 = PLANE ( 'NONE',  #5842 ) ;
#5900 = CIRCLE ( 'NONE', #7727, 0.02362204724409461970 ) ;
#5901 = EDGE_CURVE ( 'NONE', #312, #1228, #2359, .T. ) ;
#5902 = EDGE_LOOP ( 'NONE', ( #42, #5189, #2043, #5024 ) ) ;
#5903 = DIRECTION ( 'NONE',  ( 0.03031934962942738412, 6.176015320863714709E-16, 0.9995402628398960543 ) ) ;
#5904 = ORIENTED_EDGE ( 'NONE', *, *, #7111, .F. ) ;
#5905 = CARTESIAN_POINT ( 'NONE',  ( 0.04134479885321677706, -0.3673108793489376911, 0.3805293352355713088 ) ) ;
#5906 = VECTOR ( 'NONE', #6078, 39.37007874015748143 ) ;
#5907 = AXIS2_PLACEMENT_3D ( 'NONE', #8219, #4708, #6724 ) ;
#5908 = ORIENTED_EDGE ( 'NONE', *, *, #6880, .T. ) ;
#5909 = PLANE ( 'NONE',  #1291 ) ;
#5910 = CARTESIAN_POINT ( 'NONE',  ( -0.05050924320985743926, -0.3341185372822550459, 0.2765410145894520721 ) ) ;
#5911 = LINE ( 'NONE', #7243, #3588 ) ;
#5912 = TOROIDAL_SURFACE ( 'NONE', #2262, 0.09448818897637782654, 0.007874015748031551465 ) ;
#5913 = EDGE_CURVE ( 'NONE', #8071, #1818, #7817, .T. ) ;
#5914 = AXIS2_PLACEMENT_3D ( 'NONE', #5330, #7969, #1908 ) ;
#5915 = FACE_OUTER_BOUND ( 'NONE', #1474, .T. ) ;
#5916 = CARTESIAN_POINT ( 'NONE',  ( -0.1712536263436331696, -0.5728226903725609498, 0.6574803149595732643 ) ) ;
#5917 = ORIENTED_EDGE ( 'NONE', *, *, #8098, .T. ) ;
#5918 = EDGE_LOOP ( 'NONE', ( #6156, #4502, #8014, #7979 ) ) ;
#5919 = VERTEX_POINT ( 'NONE', #6549 ) ;
#5920 = VECTOR ( 'NONE', #7147, 39.37007874015748143 ) ;
#5921 = ORIENTED_EDGE ( 'NONE', *, *, #4151, .T. ) ;
#5922 = VECTOR ( 'NONE', #4737, 39.37007874015748143 ) ;
#5923 = DIRECTION ( 'NONE',  ( 0.000000000000000000, -1.000000000000000000, 0.000000000000000000 ) ) ;
#5924 = EDGE_CURVE ( 'NONE', #5992, #5146, #7486, .T. ) ;
#5925 = CARTESIAN_POINT ( 'NONE',  ( 0.1889825941288073852, -0.2226258399788600961, 0.007874015746975250585 ) ) ;
#5926 = DIRECTION ( 'NONE',  ( 1.000000000000000000, 9.117121629785411522E-17, -9.282927046011350088E-49 ) ) ;
#5927 = VECTOR ( 'NONE', #1410, 39.37007874015748143 ) ;
#5928 = CARTESIAN_POINT ( 'NONE',  ( 0.02376959564401360386, -0.2464760401178884563, 0.6349184154092927246 ) ) ;
#5929 = VECTOR ( 'NONE', #4321, 39.37007874015748143 ) ;
#5930 = ORIENTED_EDGE ( 'NONE', *, *, #4491, .T. ) ;
#5931 = EDGE_CURVE ( 'NONE', #6975, #4408, #6379, .T. ) ;
#5932 = LINE ( 'NONE', #1262, #3801 ) ;
#5933 = EDGE_CURVE ( 'NONE', #4581, #4478, #3412, .T. ) ;
#5934 = DIRECTION ( 'NONE',  ( 0.000000000000000000, 0.000000000000000000, -1.000000000000000000 ) ) ;
#5935 = CARTESIAN_POINT ( 'NONE',  ( 0.1968566098768388950, -0.2177045801363403921, 0.7244094488178406399 ) ) ;
#5936 = ORIENTED_EDGE ( 'NONE', *, *, #3042, .F. ) ;
#5937 = VERTEX_POINT ( 'NONE', #5184 ) ;
#5938 = AXIS2_PLACEMENT_3D ( 'NONE', #126, #5664, #4170 ) ;
#5939 = VERTEX_POINT ( 'NONE', #5228 ) ;
#5940 = B_SPLINE_SURFACE_WITH_KNOTS ( 'NONE', 1, 3, ( 
 ( #7972, #1945, #1081, #5171, #5130, #7807, #2522, #6536, #3107, #4563 ),
 ( #5784, #3845, #508, #1209, #8467, #4471, #3889, #7157, #6574, #543 ),
 ( #5910, #5516, #7406, #4817, #3484, #2788, #14, #1422, #4687, #7493 ),
 ( #673, #2838, #3349, #146, #6702, #6170, #4012, #6745, #2698, #5470 ) ),
 .UNSPECIFIED., .F., .F., .F.,
 ( 2, 1, 1, 2 ),
 ( 4, 2, 2, 2, 4 ),
 ( -0.01000000000000000021, 0.000000000000000000, 1.000000000000000000, 1.010099999999999998 ),
 ( 0.000000000000000000, 0.2500000000000000000, 0.5000000000000000000, 0.7500000000000000000, 1.000000000000000000 ),
 .UNSPECIFIED. ) ;
#5941 = CARTESIAN_POINT ( 'NONE',  ( 0.08465188546738981745, -0.5730195407662619367, 0.7598425196839831974 ) ) ;
#5942 = EDGE_CURVE ( 'NONE', #1352, #6478, #7905, .T. ) ;
#5943 = DIRECTION ( 'NONE',  ( -1.000000000000000000, 0.000000000000000000, 0.000000000000000000 ) ) ;
#5944 = DIRECTION ( 'NONE',  ( -0.2320285546343258953, 0.000000000000000000, 0.9727089748914140577 ) ) ;
#5945 = DIRECTION ( 'NONE',  ( 0.000000000000000000, 1.000000000000000000, 0.000000000000000000 ) ) ;
#5946 = AXIS2_PLACEMENT_3D ( 'NONE', #5040, #381, #5089 ) ;
#5947 = ORIENTED_EDGE ( 'NONE', *, *, #4658, .F. ) ;
#5948 = CARTESIAN_POINT ( 'NONE',  ( 0.03033514756249463401, -0.4352242651757106118, 0.5870593041237689436 ) ) ;
#5949 = ORIENTED_EDGE ( 'NONE', *, *, #8187, .F. ) ;
#5950 = LINE ( 'NONE', #7240, #4230 ) ;
#5951 = VECTOR ( 'NONE', #4572, 39.37007874015748143 ) ;
#5952 = VERTEX_POINT ( 'NONE', #8561 ) ;
#5953 = EDGE_CURVE ( 'NONE', #3265, #4272, #4531, .T. ) ;
#5954 = LINE ( 'NONE', #587, #2307 ) ;
#5955 = CARTESIAN_POINT ( 'NONE',  ( 0.04528180672723276096, -0.2386262973325888326, 0.6343006272539554180 ) ) ;
#5956 = CIRCLE ( 'NONE', #7929, 0.05118110236220455023 ) ;
#5957 = FACE_OUTER_BOUND ( 'NONE', #7655, .T. ) ;
#5958 = CARTESIAN_POINT ( 'NONE',  ( -0.1555055948475705385, -0.4391612730497262418, 0.1181102362194161731 ) ) ;
#5959 = ORIENTED_EDGE ( 'NONE', *, *, #6142, .T. ) ;
#5960 = ORIENTED_EDGE ( 'NONE', *, *, #8680, .T. ) ;
#5961 = ORIENTED_EDGE ( 'NONE', *, *, #1131, .F. ) ;
#5962 = EDGE_CURVE ( 'NONE', #7636, #8083, #3034, .T. ) ;
#5963 = AXIS2_PLACEMENT_3D ( 'NONE', #2367, #3209, #1800 ) ;
#5964 = ORIENTED_EDGE ( 'NONE', *, *, #5624, .F. ) ;
#5965 = DIRECTION ( 'NONE',  ( -1.000000000000000000, 0.000000000000000000, 0.000000000000000000 ) ) ;
#5966 = MANIFOLD_SOLID_BREP ( 'solid-6', #5159 ) ;
#5967 = CARTESIAN_POINT ( 'NONE',  ( 0.04735112814018097721, -0.4391612730497263528, 0.5894575678029682075 ) ) ;
#5968 = CARTESIAN_POINT ( 'NONE',  ( -0.1712536263436331696, -0.5728226903725609498, 0.6574803149595729312 ) ) ;
#5969 = AXIS2_PLACEMENT_3D ( 'NONE', #4013, #6889, #2789 ) ;
#5970 = DIRECTION ( 'NONE',  ( -1.993814870050482326E-16, -0.9969173337331276308, 0.07845909572784887098 ) ) ;
#5971 = ORIENTED_EDGE ( 'NONE', *, *, #6450, .T. ) ;
#5972 = DIRECTION ( 'NONE',  ( -0.03031934962942949355, -0.1649717273430724995, 0.9858321693957299292 ) ) ;
#5973 = VECTOR ( 'NONE', #2217, 39.37007874015748143 ) ;
#5974 = CARTESIAN_POINT ( 'NONE',  ( 0.1988251138138467655, -0.2167203281678364291, 0.5090551181091799160 ) ) ;
#5975 = CARTESIAN_POINT ( 'NONE',  ( 0.05292960079016084673, -0.2454354867737827406, 0.6481398992384130864 ) ) ;
#5976 = EDGE_LOOP ( 'NONE', ( #1656, #2054, #6492, #5211 ) ) ;
#5977 = CARTESIAN_POINT ( 'NONE',  ( 0.08858889334140576666, -0.3988069423410648406, 0.2952755905501244227 ) ) ;
#5978 = ADVANCED_FACE ( 'NONE', ( #5305 ), #1180, .T. ) ;
#5979 = EDGE_CURVE ( 'NONE', #1260, #1930, #3284, .T. ) ;
#5980 = VERTEX_POINT ( 'NONE', #601 ) ;
#5981 = ORIENTED_EDGE ( 'NONE', *, *, #393, .T. ) ;
#5982 = CARTESIAN_POINT ( 'NONE',  ( 0.02975207539464693601, -0.2454348652583603074, 0.6481477963406163667 ) ) ;
#5983 = DIRECTION ( 'NONE',  ( -1.228015396737279800E-16, -1.287490079826536515E-18, 1.000000000000000000 ) ) ;
#5984 = CARTESIAN_POINT ( 'NONE',  ( 0.08662038940439793777, 0.1002088056904311825, 0.1181102362194161731 ) ) ;
#5985 = CARTESIAN_POINT ( 'NONE',  ( -0.1712536263436331696, -0.5728226903725609498, 0.6141732283453998908 ) ) ;
#5986 = EDGE_CURVE ( 'NONE', #783, #8575, #2664, .T. ) ;
#5987 = VERTEX_POINT ( 'NONE', #5967 ) ;
#5988 = LINE ( 'NONE', #626, #285 ) ;
#5989 = CLOSED_SHELL ( 'NONE', ( #5241, #5697, #3963, #6294, #854, #6529, #1974, #3440, #7858, #4989, #121, #888, #4335, #2143, #3838, #8626, #3561, #6841 ) ) ;
#5990 = VERTEX_POINT ( 'NONE', #6586 ) ;
#5991 = DIRECTION ( 'NONE',  ( 1.000000000000000000, -1.737850800384704371E-16, 3.330669073875469621E-16 ) ) ;
#5992 = VERTEX_POINT ( 'NONE', #5925 ) ;
#5993 = DIRECTION ( 'NONE',  ( -1.000000000000000000, 0.000000000000000000, 0.000000000000000000 ) ) ;
#5994 = DIRECTION ( 'NONE',  ( -1.411854421747038033E-17, -7.425991029036739954E-17, 1.000000000000000000 ) ) ;
#5995 = LINE ( 'NONE', #8590, #780 ) ;
#5996 = LINE ( 'NONE', #7246, #2093 ) ;
#5997 = EDGE_CURVE ( 'NONE', #1206, #8083, #3509, .T. ) ;
#5998 = CARTESIAN_POINT ( 'NONE',  ( 0.08662038940439796553, -0.3604211155694113100, 0.1909448818887074795 ) ) ;
#5999 = ORIENTED_EDGE ( 'NONE', *, *, #3264, .F. ) ;
#6000 = ORIENTED_EDGE ( 'NONE', *, *, #7127, .T. ) ;
#6001 = ORIENTED_EDGE ( 'NONE', *, *, #1645, .F. ) ;
#6002 = CARTESIAN_POINT ( 'NONE',  ( 0.1349934356575578920, -0.3865230084743125349, 0.2655457526468558704 ) ) ;
#6003 = VERTEX_POINT ( 'NONE', #7464 ) ;
#6004 = CARTESIAN_POINT ( 'NONE',  ( -0.1712536263436331696, -0.5728226903725609498, 0.6574803149595732643 ) ) ;
#6005 = CARTESIAN_POINT ( 'NONE',  ( 0.1811085783807760141, -0.2334526116324033562, 0.4251968503926437104 ) ) ;
#6006 = CARTESIAN_POINT ( 'NONE',  ( 0.08465188546739013664, -0.5730195407662621587, 0.1909448818887074517 ) ) ;
#6007 = EDGE_CURVE ( 'NONE', #8083, #5720, #5269, .T. ) ;
#6008 = CARTESIAN_POINT ( 'NONE',  ( 0.04828957103253063432, -0.4352242651757109448, 0.5878033272148881494 ) ) ;
#6009 = ORIENTED_EDGE ( 'NONE', *, *, #8143, .F. ) ;
#6010 = CARTESIAN_POINT ( 'NONE',  ( 0.1840613342862877366, -0.3879801706875215528, 0.3562992125973689084 ) ) ;
#6011 = CARTESIAN_POINT ( 'NONE',  ( 0.05029562203062863668, -0.4352242651757104452, 0.5844440503952145205 ) ) ;
#6012 = CARTESIAN_POINT ( 'NONE',  ( -0.1141670121704053686, -0.2177045801363403921, 0.6141732283453995578 ) ) ;
#6013 = DIRECTION ( 'NONE',  ( 1.239088197126290817E-16, 1.000000000000000000, -2.686844230450943110E-32 ) ) ;
#6014 = DIRECTION ( 'NONE',  ( 1.000000000000000000, 0.000000000000000000, 0.000000000000000000 ) ) ;
#6015 = VECTOR ( 'NONE', #7042, 39.37007874015748143 ) ;
#6016 = ORIENTED_EDGE ( 'NONE', *, *, #6880, .F. ) ;
#6017 = DIRECTION ( 'NONE',  ( 0.000000000000000000, -0.2425356250363300270, 0.9701425001453325425 ) ) ;
#6018 = VERTEX_POINT ( 'NONE', #1302 ) ;
#6019 = ORIENTED_EDGE ( 'NONE', *, *, #2078, .F. ) ;
#6020 = LINE ( 'NONE', #2159, #1153 ) ;
#6021 = CIRCLE ( 'NONE', #6883, 0.01574803149606289823 ) ;
#6022 = DIRECTION ( 'NONE',  ( -1.411854421747038033E-17, -7.425991029036739954E-17, 1.000000000000000000 ) ) ;
#6023 = CARTESIAN_POINT ( 'NONE',  ( -0.1712536263436331696, -0.2177045801363404198, 0.7007874015737463047 ) ) ;
#6024 = DIRECTION ( 'NONE',  ( 0.000000000000000000, 1.000000000000000000, 0.000000000000000000 ) ) ;
#6025 = ADVANCED_FACE ( 'NONE', ( #7947 ), #2620, .F. ) ;
#6026 = CARTESIAN_POINT ( 'NONE',  ( -0.1003874846113500946, -0.3988069423410648406, 0.2952755905501244227 ) ) ;
#6027 = EDGE_CURVE ( 'NONE', #1128, #3964, #7987, .T. ) ;
#6028 = VECTOR ( 'NONE', #792, 39.37007874015748143 ) ;
#6029 = VERTEX_POINT ( 'NONE', #2005 ) ;
#6030 = FACE_OUTER_BOUND ( 'NONE', #7814, .T. ) ;
#6031 = B_SPLINE_CURVE_WITH_KNOTS ( 'NONE', 3,
 ( #6516, #6683, #2587, #7180, #1142, #6557, #8530, #7996, #5975, #1264, #7867, #525, #3867, #1801, #1966, #1227, #5888 ),
 .UNSPECIFIED., .F., .F.,
 ( 4, 2, 2, 2, 2, 1, 2, 2, 4 ),
 ( 0.000000000000000000, 0.1250000000000034694, 0.2500000000000069389, 0.3750000000000104361, 0.5000000000000138778, 0.6250000000000173195, 0.6875000000000193179, 0.7500000000000213163, 1.000000000000000000 ),
 .UNSPECIFIED. ) ;
#6032 = CARTESIAN_POINT ( 'NONE',  ( -0.05320113532175550775, -0.3988069423410648406, 0.2952755905501240896 ) ) ;
#6033 = ORIENTED_EDGE ( 'NONE', *, *, #7254, .F. ) ;
#6034 = DIRECTION ( 'NONE',  ( -1.000000000000000000, 0.000000000000000000, 0.000000000000000000 ) ) ;
#6035 = AXIS2_PLACEMENT_3D ( 'NONE', #8515, #2310, #6502 ) ;
#6036 = LINE ( 'NONE', #5471, #6114 ) ;
#6037 = ADVANCED_FACE ( 'NONE', ( #1389 ), #1957, .F. ) ;
#6038 = DIRECTION ( 'NONE',  ( 1.000000000000000000, 1.084202172485504280E-17, 0.000000000000000000 ) ) ;
#6039 = LINE ( 'NONE', #2527, #5762 ) ;
#6040 = CIRCLE ( 'NONE', #3516, 0.02362204724409461970 ) ;
#6041 = ORIENTED_EDGE ( 'NONE', *, *, #659, .F. ) ;
#6042 = ORIENTED_EDGE ( 'NONE', *, *, #7245, .T. ) ;
#6043 = ORIENTED_EDGE ( 'NONE', *, *, #1024, .T. ) ;
#6044 = CARTESIAN_POINT ( 'NONE',  ( 0.05210090439482642499, -0.2450223213465878291, 0.6032105501904226896 ) ) ;
#6045 = ORIENTED_EDGE ( 'NONE', *, *, #5882, .F. ) ;
#6046 = CARTESIAN_POINT ( 'NONE',  ( 0.04134479885321683257, -0.2226258399788601239, 0.03937007873910121358 ) ) ;
#6047 = EDGE_CURVE ( 'NONE', #5763, #6753, #4700, .T. ) ;
#6048 = TOROIDAL_SURFACE ( 'NONE', #7604, 0.003937007874015527667, 0.007874015748031501158 ) ;
#6049 = VECTOR ( 'NONE', #3723, 39.37007874015748143 ) ;
#6050 = FACE_OUTER_BOUND ( 'NONE', #11, .T. ) ;
#6051 = CARTESIAN_POINT ( 'NONE',  ( 0.1318959799555790291, -0.2226258399788601239, 0.2165354330698099350 ) ) ;
#6052 = DIRECTION ( 'NONE',  ( -0.000000000000000000, -0.000000000000000000, -1.000000000000000000 ) ) ;
#6053 = ORIENTED_EDGE ( 'NONE', *, *, #6678, .F. ) ;
#6054 = AXIS2_PLACEMENT_3D ( 'NONE', #28, #6140, #2050 ) ;
#6055 = AXIS2_PLACEMENT_3D ( 'NONE', #2970, #7761, #6987 ) ;
#6056 = ORIENTED_EDGE ( 'NONE', *, *, #4035, .T. ) ;
#6057 = CARTESIAN_POINT ( 'NONE',  ( 0.05029781349680918084, -0.4391612730497261863, 0.5859988618027943685 ) ) ;
#6058 = EDGE_CURVE ( 'NONE', #8071, #5839, #1594, .T. ) ;
#6059 = PLANE ( 'NONE',  #7381 ) ;
#6060 = DIRECTION ( 'NONE',  ( 0.000000000000000000, -1.000000000000000000, 0.000000000000000000 ) ) ;
#6061 = CARTESIAN_POINT ( 'NONE',  ( -0.1555055948475706495, -0.2344368636009073192, 0.1181102362194161454 ) ) ;
#6062 = CIRCLE ( 'NONE', #2284, 0.01075610554160946405 ) ;
#6063 = VECTOR ( 'NONE', #6899, 39.37007874015748143 ) ;
#6064 = ORIENTED_EDGE ( 'NONE', *, *, #4525, .F. ) ;
#6065 = CARTESIAN_POINT ( 'NONE',  ( 0.05153652811838774911, -0.2500778978600990410, 0.5891524735061908213 ) ) ;
#6066 = ORIENTED_EDGE ( 'NONE', *, *, #7688, .F. ) ;
#6067 = ORIENTED_EDGE ( 'NONE', *, *, #898, .F. ) ;
#6068 = CARTESIAN_POINT ( 'NONE',  ( 0.08455107674816396413, -0.3023237774262790278, 0.2165354330698099350 ) ) ;
#6069 = VECTOR ( 'NONE', #6735, 39.37007874015748143 ) ;
#6070 = CARTESIAN_POINT ( 'NONE',  ( -0.1140922223824919340, -0.2334526116324034117, 0.4377972174514205284 ) ) ;
#6071 = CARTESIAN_POINT ( 'NONE',  ( -0.1140922223824919340, -0.2177045801363403921, 0.4377972174514205284 ) ) ;
#6072 = CARTESIAN_POINT ( 'NONE',  ( 0.03777346792583276963, -0.4391612730497262418, 0.5894575678029682075 ) ) ;
#6073 = DIRECTION ( 'NONE',  ( -1.000000000000000000, 1.737850800384704371E-16, -3.330669073875469621E-16 ) ) ;
#6074 = ORIENTED_EDGE ( 'NONE', *, *, #766, .F. ) ;
#6075 = LINE ( 'NONE', #4181, #2828 ) ;
#6076 = FACE_OUTER_BOUND ( 'NONE', #6993, .T. ) ;
#6077 = VERTEX_POINT ( 'NONE', #73 ) ;
#6078 = DIRECTION ( 'NONE',  ( 1.000000000000000000, 1.084202172485504280E-17, 0.000000000000000000 ) ) ;
#6079 = VECTOR ( 'NONE', #1008, 39.37007874015748143 ) ;
#6080 = CARTESIAN_POINT ( 'NONE',  ( 0.03523594331953355807, -0.4391612730497262418, 0.5850403953401510648 ) ) ;
#6081 = CARTESIAN_POINT ( 'NONE',  ( 0.01870589532522791074, -0.1341965680922646287, 0.2165354330698099350 ) ) ;
#6082 = CARTESIAN_POINT ( 'NONE',  ( -0.08267094917827930156, -0.2255785958843719297, 0.6574803149595732643 ) ) ;
#6083 = STYLED_ITEM ( 'NONE', ( #8364 ), #6308 ) ;
#6084 = CARTESIAN_POINT ( 'NONE',  ( 0.04134479885321683257, -0.2226258399788601239, 0.1417322834635106887 ) ) ;
#6085 = EDGE_CURVE ( 'NONE', #2730, #1066, #3325, .T. ) ;
#6086 = EDGE_CURVE ( 'NONE', #2668, #660, #2761, .T. ) ;
#6087 = ORIENTED_EDGE ( 'NONE', *, *, #6672, .F. ) ;
#6088 = ORIENTED_EDGE ( 'NONE', *, *, #3023, .F. ) ;
#6089 = CARTESIAN_POINT ( 'NONE',  ( 0.05360645665353474393, -0.4391612730497047590, 0.5875030374779610653 ) ) ;
#6090 = VERTEX_POINT ( 'NONE', #687 ) ;
#6091 = FACE_OUTER_BOUND ( 'NONE', #1565, .T. ) ;
#6092 = FACE_BOUND ( 'NONE', #8445, .T. ) ;
#6093 = EDGE_LOOP ( 'NONE', ( #7789, #4599, #2099, #5792, #1939, #8122, #7329, #4672, #2892, #7061, #5260, #7501, #180, #255 ) ) ;
#6094 = LINE ( 'NONE', #72, #2549 ) ;
#6095 = AXIS2_PLACEMENT_3D ( 'NONE', #1480, #6855, #4196 ) ;
#6096 = CARTESIAN_POINT ( 'NONE',  ( -0.09645047673733433968, -0.3210510368292537886, 0.1909448818887074795 ) ) ;
#6097 = DIRECTION ( 'NONE',  ( 0.000000000000000000, 0.000000000000000000, -1.000000000000000000 ) ) ;
#6098 = DIRECTION ( 'NONE',  ( -0.03031934962942726963, -6.176015320863714709E-16, -0.9995402628398960543 ) ) ;
#6099 = ADVANCED_FACE ( 'NONE', ( #6050 ), #29, .T. ) ;
#6100 = ORIENTED_EDGE ( 'NONE', *, *, #1055, .F. ) ;
#6101 = DIRECTION ( 'NONE',  ( 1.737850800384704371E-16, 1.000000000000000000, -1.448216729911410023E-17 ) ) ;
#6102 = ORIENTED_EDGE ( 'NONE', *, *, #522, .F. ) ;
#6103 = DIRECTION ( 'NONE',  ( 9.117121629785412755E-17, -1.000000000000000000, -1.882801286680184389E-17 ) ) ;
#6104 = CARTESIAN_POINT ( 'NONE',  ( -0.09645047673733440907, -0.04546048564815143717, 0.1909448818887075350 ) ) ;
#6105 = DIRECTION ( 'NONE',  ( -1.737850800384704371E-16, -1.000000000000000000, 1.448216729911410023E-17 ) ) ;
#6106 = DIRECTION ( 'NONE',  ( -9.117121629785411522E-17, 1.000000000000000000, 1.882801286680184389E-17 ) ) ;
#6107 = AXIS2_PLACEMENT_3D ( 'NONE', #3866, #8568, #4539 ) ;
#6108 = DIRECTION ( 'NONE',  ( 0.000000000000000000, 0.9969173337331279638, -0.07845909572784554031 ) ) ;
#6109 = CARTESIAN_POINT ( 'NONE',  ( 0.1358907330281905745, -0.3988069423410648406, 0.2952755905501241451 ) ) ;
#6110 = EDGE_CURVE ( 'NONE', #7958, #3134, #4161, .T. ) ;
#6111 = VERTEX_POINT ( 'NONE', #8290 ) ;
#6112 = ORIENTED_EDGE ( 'NONE', *, *, #1929, .F. ) ;
#6113 = CARTESIAN_POINT ( 'NONE',  ( -0.001962287760956614620, -0.3909329265930334141, 0.7401574803139042702 ) ) ;
#6114 = VECTOR ( 'NONE', #1515, 39.37007874015748143 ) ;
#6115 = CARTESIAN_POINT ( 'NONE',  ( 0.2381951925540042314, -0.1242006431284664175, 0.7283464566918570471 ) ) ;
#6116 = CARTESIAN_POINT ( 'NONE',  ( 0.1791400744437680326, -0.2226258399788601239, 0.1181102362194161731 ) ) ;
#6117 = FACE_OUTER_BOUND ( 'NONE', #5668, .T. ) ;
#6118 = CARTESIAN_POINT ( 'NONE',  ( 0.04134479885321721421, -0.2332477071686386016, 0.6022838679574166187 ) ) ;
#6119 = AXIS2_PLACEMENT_3D ( 'NONE', #357, #230, #6303 ) ;
#6120 = EDGE_CURVE ( 'NONE', #2906, #4868, #2189, .T. ) ;
#6121 = ORIENTED_EDGE ( 'NONE', *, *, #7347, .F. ) ;
#6122 = EDGE_CURVE ( 'NONE', #2931, #445, #5652, .T. ) ;
#6123 = PLANE ( 'NONE',  #569 ) ;
#6124 = B_SPLINE_CURVE_WITH_KNOTS ( 'NONE', 3,
 ( #1821, #1167, #5558, #100, #7448, #2744 ),
 .UNSPECIFIED., .F., .F.,
 ( 4, 2, 4 ),
 ( 0.000000000000000000, 0.5000000000000000000, 1.000000000000000000 ),
 .UNSPECIFIED. ) ;
#6125 = CARTESIAN_POINT ( 'NONE',  ( 0.8177353708754406814, -0.4106179659631121748, 0.7401574803139047143 ) ) ;
#6126 = ORIENTED_EDGE ( 'NONE', *, *, #2195, .F. ) ;
#6127 = CARTESIAN_POINT ( 'NONE',  ( -0.04487640693675144787, -0.2230041156356880050, 0.4264342212329275683 ) ) ;
#6128 = DIRECTION ( 'NONE',  ( -0.1998766917676600141, 2.250824120800227669E-19, -0.9798210592184757317 ) ) ;
#6129 = DIRECTION ( 'NONE',  ( -0.000000000000000000, -0.000000000000000000, -1.000000000000000000 ) ) ;
#6130 = PRODUCT_DEFINITION_SHAPE ( 'NONE', 'NONE',  #5499 ) ;
#6131 = DIRECTION ( 'NONE',  ( -1.000000000000000000, -8.118705635799331394E-17, -2.122537421124008073E-17 ) ) ;
#6132 = ADVANCED_FACE ( 'NONE', ( #7590 ), #3498, .F. ) ;
#6133 = CYLINDRICAL_SURFACE ( 'NONE', #3233, 0.04330708661417310285 ) ;
#6134 = ORIENTED_EDGE ( 'NONE', *, *, #5924, .T. ) ;
#6135 = ORIENTED_EDGE ( 'NONE', *, *, #3388, .F. ) ;
#6136 = EDGE_LOOP ( 'NONE', ( #1766, #3763, #5719, #2363 ) ) ;
#6137 = FACE_OUTER_BOUND ( 'NONE', #7185, .T. ) ;
#6138 = FACE_OUTER_BOUND ( 'NONE', #2034, .T. ) ;
#6139 = ORIENTED_EDGE ( 'NONE', *, *, #8636, .T. ) ;
#6140 = DIRECTION ( 'NONE',  ( -8.352213731973515028E-16, -0.9969173337331278528, 0.07845909572784755259 ) ) ;
#6141 = EDGE_CURVE ( 'NONE', #3134, #4495, #4249, .T. ) ;
#6142 = EDGE_CURVE ( 'NONE', #8156, #2633, #1738, .T. ) ;
#6143 = DIRECTION ( 'NONE',  ( 1.971276677246377435E-16, 1.000000000000000000, 0.000000000000000000 ) ) ;
#6144 = CARTESIAN_POINT ( 'NONE',  ( 0.1791400744437680326, -0.3997911943095688869, 0.1909448818887074795 ) ) ;
#6145 = ORIENTED_EDGE ( 'NONE', *, *, #6163, .F. ) ;
#6146 = EDGE_LOOP ( 'NONE', ( #8538, #3852, #5153, #8574 ) ) ;
#6147 = CARTESIAN_POINT ( 'NONE',  ( 0.05035111456848101463, -0.4352242651757106118, 0.5852684807204737716 ) ) ;
#6148 = UNCERTAINTY_MEASURE_WITH_UNIT (LENGTH_MEASURE( 1.000000000000000082E-05 ), #4844, 'distance_accuracy_value', 'NONE');
#6149 = DIRECTION ( 'NONE',  ( 0.000000000000000000, 0.000000000000000000, 1.000000000000000000 ) ) ;
#6150 = CARTESIAN_POINT ( 'NONE',  ( 0.1791400744437680603, -0.4391612730497262418, 0.7283464566918570471 ) ) ;
#6151 = SURFACE_STYLE_USAGE ( .BOTH. , #2676 ) ;
#6152 = EDGE_CURVE ( 'NONE', #5987, #1597, #7631, .T. ) ;
#6153 = FACE_OUTER_BOUND ( 'NONE', #1027, .T. ) ;
#6154 = CARTESIAN_POINT ( 'NONE',  ( -0.04064527127870964235, -0.2519271926252485416, 0.5641081009960603465 ) ) ;
#6155 = ORIENTED_EDGE ( 'NONE', *, *, #3429, .F. ) ;
#6156 = ORIENTED_EDGE ( 'NONE', *, *, #822, .T. ) ;
#6157 = CARTESIAN_POINT ( 'NONE',  ( 0.04134479861384275645, -0.3131770210812773736, 0.2165354330698099350 ) ) ;
#6158 = CARTESIAN_POINT ( 'NONE',  ( 0.1555180271996734476, -0.09270458013634053085, 0.1909448818887074795 ) ) ;
#6159 = LINE ( 'NONE', #1631, #5265 ) ;
#6160 = DIRECTION ( 'NONE',  ( 0.000000000000000000, 0.000000000000000000, 1.000000000000000000 ) ) ;
#6161 = VECTOR ( 'NONE', #8471, 39.37007874015748143 ) ;
#6162 = CARTESIAN_POINT ( 'NONE',  ( 0.1813515671878479230, -0.2334526116324033562, 0.4251968503926439880 ) ) ;
#6163 = EDGE_CURVE ( 'NONE', #2767, #7113, #8332, .T. ) ;
#6164 = ORIENTED_EDGE ( 'NONE', *, *, #6839, .F. ) ;
#6165 = CARTESIAN_POINT ( 'NONE',  ( -0.1003874846113501362, -0.3909329265930334141, 0.3700787401564238910 ) ) ;
#6166 = FACE_OUTER_BOUND ( 'NONE', #7153, .T. ) ;
#6167 = FILL_AREA_STYLE_COLOUR ( '', #3417 ) ;
#6168 = EDGE_LOOP ( 'NONE', ( #2203, #7854, #3453, #1925 ) ) ;
#6169 = CARTESIAN_POINT ( 'NONE',  ( -0.04577127260719273533, -0.2348794026851814265, 0.3974174252465245694 ) ) ;
#6170 = CARTESIAN_POINT ( 'NONE',  ( -0.05207951360846464761, -0.3755025787820071015, 0.2674927547181103482 ) ) ;
#6171 = DIRECTION ( 'NONE',  ( 1.000000000000000000, -1.239088197126290817E-16, -2.168404344971008621E-16 ) ) ;
#6172 = EDGE_CURVE ( 'NONE', #4668, #8156, #4960, .T. ) ;
#6173 = AXIS2_PLACEMENT_3D ( 'NONE', #7001, #4171, #6202 ) ;
#6174 = CARTESIAN_POINT ( 'NONE',  ( 0.04134479885321682563, -0.3988069423410648406, 0.3452755905501245226 ) ) ;
#6175 = FACE_OUTER_BOUND ( 'NONE', #5918, .T. ) ;
#6176 = ORIENTED_EDGE ( 'NONE', *, *, #2078, .T. ) ;
#6177 = ORIENTED_EDGE ( 'NONE', *, *, #2467, .F. ) ;
#6178 = CARTESIAN_POINT ( 'NONE',  ( 0.05442722076817591709, -0.4391612730497045924, 0.5878007555141834262 ) ) ;
#6179 = AXIS2_PLACEMENT_3D ( 'NONE', #1924, #4615, #1349 ) ;
#6180 = VERTEX_POINT ( 'NONE', #953 ) ;
#6181 = CARTESIAN_POINT ( 'NONE',  ( 0.1356661511471898285, -0.3908533990339783659, 0.2887110456482489540 ) ) ;
#6182 = ORIENTED_EDGE ( 'NONE', *, *, #3793, .T. ) ;
#6183 = CARTESIAN_POINT ( 'NONE',  ( -0.02136055534903051611, -0.2823757651537145974, -1.056276803991765214E-12 ) ) ;
#6184 = EDGE_CURVE ( 'NONE', #1973, #7283, #4418, .T. ) ;
#6185 = EDGE_CURVE ( 'NONE', #7900, #877, #5002, .T. ) ;
#6186 = DIRECTION ( 'NONE',  ( -1.616576338455277819E-15, -0.9969173337331279638, 0.07845909572784619257 ) ) ;
#6187 = AXIS2_PLACEMENT_3D ( 'NONE', #4326, #2432, #276 ) ;
#6188 = DIRECTION ( 'NONE',  ( -1.000000000000000000, 2.266997840165394896E-15, 5.819973929678367867E-16 ) ) ;
#6189 = DIRECTION ( 'NONE',  ( 0.000000000000000000, 0.000000000000000000, -1.000000000000000000 ) ) ;
#6190 = VERTEX_POINT ( 'NONE', #2229 ) ;
#6191 = ADVANCED_FACE ( 'NONE', ( #2141 ), #4292, .T. ) ;
#6192 = VECTOR ( 'NONE', #4425, 39.37007874015748143 ) ;
#6193 = CYLINDRICAL_SURFACE ( 'NONE', #1315, 0.007874015748031482076 ) ;
#6194 = VERTEX_POINT ( 'NONE', #3629 ) ;
#6195 = VECTOR ( 'NONE', #2987, 39.37007874015748143 ) ;
#6196 = DIRECTION ( 'NONE',  ( 1.716572833537972657E-33, -1.882801286680184389E-17, 1.000000000000000000 ) ) ;
#6197 = DIRECTION ( 'NONE',  ( -0.000000000000000000, -0.000000000000000000, -1.000000000000000000 ) ) ;
#6198 = CARTESIAN_POINT ( 'NONE',  ( -0.03964815091417157183, -0.2186218553077969584, 0.6003495666693419164 ) ) ;
#6199 = CARTESIAN_POINT ( 'NONE',  ( 0.1594550350736892996, -0.3879801706875215528, 0.3562992125973689084 ) ) ;
#6200 = CARTESIAN_POINT ( 'NONE',  ( 0.03517155053414011689, -0.4352242651757103897, 0.5852554684244477556 ) ) ;
#6201 = VECTOR ( 'NONE', #1444, 39.37007874015748143 ) ;
#6202 = DIRECTION ( 'NONE',  ( -1.000000000000000000, 0.000000000000000000, 0.000000000000000000 ) ) ;
#6203 = AXIS2_PLACEMENT_3D ( 'NONE', #6754, #2893, #2223 ) ;
#6204 = ORIENTED_EDGE ( 'NONE', *, *, #2650, .T. ) ;
#6205 = VERTEX_POINT ( 'NONE', #1571 ) ;
#6206 = EDGE_CURVE ( 'NONE', #1066, #1132, #6951, .T. ) ;
#6207 = EDGE_CURVE ( 'NONE', #2920, #6583, #1483, .T. ) ;
#6208 = CARTESIAN_POINT ( 'NONE',  ( -0.1141670121704051050, -0.2177045801363403921, 0.5078740157469746608 ) ) ;
#6209 = LINE ( 'NONE', #4134, #1841 ) ;
#6210 = VECTOR ( 'NONE', #8252, 39.37007874015748143 ) ;
#6211 = PLANE ( 'NONE',  #5132 ) ;
#6212 = CARTESIAN_POINT ( 'NONE',  ( 0.1791400744437680326, -0.04546048564815143717, 0.1909448818887074795 ) ) ;
#6213 = VECTOR ( 'NONE', #3430, 39.37007874015748143 ) ;
#6214 = CARTESIAN_POINT ( 'NONE',  ( -0.04723787831213710486, -0.2255785958843719297, 0.6574803149595727092 ) ) ;
#6215 = ORIENTED_EDGE ( 'NONE', *, *, #5261, .F. ) ;
#6216 = VECTOR ( 'NONE', #7610, 39.37007874015748854 ) ;
#6217 = CARTESIAN_POINT ( 'NONE',  ( 0.04134479885321679787, -0.3988069423410648406, 0.3885826771642975630 ) ) ;
#6218 = CIRCLE ( 'NONE', #5069, 0.01574803149606289823 ) ;
#6219 = ADVANCED_FACE ( 'NONE', ( #6990 ), #1437, .F. ) ;
#6220 = CARTESIAN_POINT ( 'NONE',  ( 0.04134479885321683257, -0.2226258399788601239, 0.03937007873910121358 ) ) ;
#6221 = MANIFOLD_SOLID_BREP ( 'solid-4', #1083 ) ;
#6222 = FILL_AREA_STYLE ('',( #6167 ) ) ;
#6223 = VERTEX_POINT ( 'NONE', #1041 ) ;
#6224 = CARTESIAN_POINT ( 'NONE',  ( -0.1555055948475702610, -0.5964447376166555070, 0.6574803149595729312 ) ) ;
#6225 = CARTESIAN_POINT ( 'NONE',  ( -0.07282842949323992121, -0.3446730840733485124, 0.2027559055107547026 ) ) ;
#6226 = CARTESIAN_POINT ( 'NONE',  ( 0.05400306971146191098, -0.4352242651757101677, 0.5876822668573333797 ) ) ;
#6227 = CARTESIAN_POINT ( 'NONE',  ( -0.1555055948475705663, -0.2167203281678364568, 0.1181102362194161454 ) ) ;
#6228 = PLANE ( 'NONE',  #3370 ) ;
#6229 = ADVANCED_FACE ( 'NONE', ( #6369 ), #4560, .F. ) ;
#6230 = VERTEX_POINT ( 'NONE', #2349 ) ;
#6231 = FACE_OUTER_BOUND ( 'NONE', #7961, .T. ) ;
#6232 = AXIS2_PLACEMENT_3D ( 'NONE', #8220, #3683, #2282 ) ;
#6233 = ORIENTED_EDGE ( 'NONE', *, *, #1599, .F. ) ;
#6234 = DIRECTION ( 'NONE',  ( 1.993814870050473205E-16, 0.9969173337331278528, -0.07845909572784609542 ) ) ;
#6235 = DIRECTION ( 'NONE',  ( 0.03031934962942740494, 6.176015320863714709E-16, 0.9995402628398960543 ) ) ;
#6236 = ORIENTED_EDGE ( 'NONE', *, *, #3912, .T. ) ;
#6237 = LINE ( 'NONE', #820, #4666 ) ;
#6238 = CARTESIAN_POINT ( 'NONE',  ( 0.1233039835733104744, -0.2440531768772083998, 0.5649339888940045906 ) ) ;
#6239 = AXIS2_PLACEMENT_3D ( 'NONE', #4116, #6186, #4201 ) ;
#6240 = CARTESIAN_POINT ( 'NONE',  ( 0.04134479885321683257, -0.2226258399788601239, 0.03937007873910121358 ) ) ;
#6241 = CARTESIAN_POINT ( 'NONE',  ( 0.1437070035776263077, -0.2226258399788601239, 0.2027559055107547858 ) ) ;
#6242 = ORIENTED_EDGE ( 'NONE', *, *, #4265, .T. ) ;
#6243 = EDGE_CURVE ( 'NONE', #1420, #2856, #5133, .T. ) ;
#6244 = EDGE_CURVE ( 'NONE', #6755, #7903, #2439, .T. ) ;
#6245 = VECTOR ( 'NONE', #2012, 39.37007874015748143 ) ;
#6246 = DIRECTION ( 'NONE',  ( 1.000000000000000000, 0.000000000000000000, 0.000000000000000000 ) ) ;
#6247 = ORIENTED_EDGE ( 'NONE', *, *, #6719, .F. ) ;
#6248 = CARTESIAN_POINT ( 'NONE',  ( 0.07087235790833484872, -0.4352242651757104452, 0.5984251968493373708 ) ) ;
#6249 = PLANE ( 'NONE',  #5696 ) ;
#6250 = CARTESIAN_POINT ( 'NONE',  ( 0.04134479885321701992, -0.2410974499539380034, 0.6029016561127543694 ) ) ;
#6251 = CARTESIAN_POINT ( 'NONE',  ( 0.2381951925540042869, -0.2167203281678364568, 0.5090551181091799160 ) ) ;
#6252 = CARTESIAN_POINT ( 'NONE',  ( 0.03495340991591260049, -0.4352242651757103342, 0.5862193597601034201 ) ) ;
#6253 = AXIS2_PLACEMENT_3D ( 'NONE', #1071, #7923, #1728 ) ;
#6254 = CARTESIAN_POINT ( 'NONE',  ( 0.05486971956625271568, -0.4391612730497262418, 0.5878171478554616858 ) ) ;
#6255 = ORIENTED_EDGE ( 'NONE', *, *, #6428, .T. ) ;
#6256 = ORIENTED_EDGE ( 'NONE', *, *, #8233, .F. ) ;
#6257 = CARTESIAN_POINT ( 'NONE',  ( 0.03050528805065455193, -0.4391612730497724826, 0.5868366002270040127 ) ) ;
#6258 = CARTESIAN_POINT ( 'NONE',  ( 0.1271185718079657356, -0.2318720802020083072, 0.4409920735829792049 ) ) ;
#6259 = VECTOR ( 'NONE', #4935, 39.37007874015748143 ) ;
#6260 = DIRECTION ( 'NONE',  ( 1.000000000000000000, 0.000000000000000000, 0.000000000000000000 ) ) ;
#6261 = CARTESIAN_POINT ( 'NONE',  ( -0.1259780357924523975, -0.2334526116324034117, 0.5078740157469746608 ) ) ;
#6262 = PLANE ( 'NONE',  #6119 ) ;
#6263 = EDGE_CURVE ( 'NONE', #4356, #3996, #3974, .T. ) ;
#6264 = ADVANCED_FACE ( 'NONE', ( #8421 ), #5788, .F. ) ;
#6265 = ORIENTED_EDGE ( 'NONE', *, *, #1146, .T. ) ;
#6266 = CIRCLE ( 'NONE', #3172, 0.05118110236220482778 ) ;
#6267 = DIRECTION ( 'NONE',  ( 0.000000000000000000, 0.000000000000000000, 1.000000000000000000 ) ) ;
#6268 = CARTESIAN_POINT ( 'NONE',  ( 0.2381951925540042869, -0.4391612730497262418, 0.7283464566918570471 ) ) ;
#6269 = ORIENTED_EDGE ( 'NONE', *, *, #6829, .F. ) ;
#6270 = B_SPLINE_CURVE_WITH_KNOTS ( 'NONE', 3,
 ( #6588, #6008, #2667, #5354, #8038, #1391, #1884, #4580, #6765, #6285, #4252 ),
 .UNSPECIFIED., .F., .F.,
 ( 4, 1, 1, 1, 1, 1, 1, 1, 4 ),
 ( 0.000000000000000000, 1.881597924706301388E-05, 3.478566276845406402E-05, 4.930153512262795278E-05, 6.441666189160263109E-05, 8.088700119833621641E-05, 9.944579657631842369E-05, 0.0001201591874325003329, 0.0001438068426023519171 ),
 .UNSPECIFIED. ) ;
#6271 = FACE_OUTER_BOUND ( 'NONE', #7697, .T. ) ;
#6272 = CARTESIAN_POINT ( 'NONE',  ( -0.1476315790995390842, -0.2413266273804349216, 0.7007874015737463047 ) ) ;
#6273 = LINE ( 'NONE', #4370, #5973 ) ;
#6274 = VECTOR ( 'NONE', #7925, 39.37007874015748143 ) ;
#6275 = EDGE_CURVE ( 'NONE', #1090, #2435, #1084, .T. ) ;
#6276 = DIRECTION ( 'NONE',  ( 0.000000000000000000, 0.000000000000000000, 1.000000000000000000 ) ) ;
#6277 = LINE ( 'NONE', #2750, #7040 ) ;
#6278 = ORIENTED_EDGE ( 'NONE', *, *, #6949, .T. ) ;
#6279 = LINE ( 'NONE', #726, #721 ) ;
#6280 = ORIENTED_EDGE ( 'NONE', *, *, #8292, .F. ) ;
#6281 = CYLINDRICAL_SURFACE ( 'NONE', #5088, 0.08622047244094488416 ) ;
#6282 = DIRECTION ( 'NONE',  ( -0.03031934962942752984, 6.281396332905003101E-16, 0.9995402628398960543 ) ) ;
#6283 = EDGE_CURVE ( 'NONE', #3964, #6003, #420, .T. ) ;
#6284 = CARTESIAN_POINT ( 'NONE',  ( -0.05095789189517378748, -0.3436352629230418065, 0.2672483926922177289 ) ) ;
#6285 = CARTESIAN_POINT ( 'NONE',  ( 0.05018063384498162166, -0.4352242651757109448, 0.5838744766105881112 ) ) ;
#6286 = EDGE_LOOP ( 'NONE', ( #5885, #447, #6770, #5873 ) ) ;
#6287 = ORIENTED_EDGE ( 'NONE', *, *, #4504, .F. ) ;
#6288 = DIRECTION ( 'NONE',  ( 1.000000000000000000, 0.000000000000000000, 0.000000000000000000 ) ) ;
#6289 = ORIENTED_EDGE ( 'NONE', *, *, #3782, .T. ) ;
#6290 = DIRECTION ( 'NONE',  ( -0.02932891432751888808, -6.177840622367836518E-16, -0.9995698148625582480 ) ) ;
#6291 = DIRECTION ( 'NONE',  ( 0.000000000000000000, 0.000000000000000000, 1.000000000000000000 ) ) ;
#6292 = CARTESIAN_POINT ( 'NONE',  ( 0.1086164433147963626, -0.2355373565559011895, 0.6735493411804568398 ) ) ;
#6293 = DIRECTION ( 'NONE',  ( 3.388131789017221571E-16, 0.000000000000000000, -1.000000000000000000 ) ) ;
#6294 = ADVANCED_FACE ( 'NONE', ( #4473 ), #7161, .F. ) ;
#6295 = CARTESIAN_POINT ( 'NONE',  ( 0.1273033820789290227, -0.2232961464224184067, 0.4358086583015158277 ) ) ;
#6296 = CARTESIAN_POINT ( 'NONE',  ( -0.08053432427228389423, -0.2255785958843719574, 0.6486964151840736159 ) ) ;
#6297 = ORIENTED_EDGE ( 'NONE', *, *, #380, .F. ) ;
#6298 = CARTESIAN_POINT ( 'NONE',  ( 0.03497831315628321946, -0.4391612730497263528, 0.5867052641206457197 ) ) ;
#6299 = B_SPLINE_CURVE_WITH_KNOTS ( 'NONE', 3,
 ( #4214, #6200, #3559, #6252, #221, #1402, #3603, #85, #4078, #6778, #744 ),
 .UNSPECIFIED., .F., .F.,
 ( 4, 1, 1, 1, 1, 1, 1, 1, 4 ),
 ( 0.000000000000000000, 1.713134254624562659E-05, 3.163486716309319281E-05, 4.360251369140602897E-05, 5.404959272481876098E-05, 6.395865671119868590E-05, 7.487636928338718711E-05, 8.810313535917805585E-05, 0.0001040010495578674491 ),
 .UNSPECIFIED. ) ;
#6300 = CARTESIAN_POINT ( 'NONE',  ( 0.1437070035776263077, -0.2226258399788601239, 0.2027559055107547858 ) ) ;
#6301 = CARTESIAN_POINT ( 'NONE',  ( 0.8177353708754406814, -0.4106179659631121748, 0.7401574803139047143 ) ) ;
#6302 = DIRECTION ( 'NONE',  ( -1.000000000000000000, 0.000000000000000000, 0.000000000000000000 ) ) ;
#6303 = DIRECTION ( 'NONE',  ( 1.643667929437505859E-16, -0.5948227867513423694, -0.8038568606172163955 ) ) ;
#6304 = EDGE_CURVE ( 'NONE', #3137, #1404, #1651, .T. ) ;
#6305 = ORIENTED_EDGE ( 'NONE', *, *, #7453, .T. ) ;
#6306 = ORIENTED_EDGE ( 'NONE', *, *, #4644, .T. ) ;
#6307 = DIRECTION ( 'NONE',  ( 0.000000000000000000, 0.000000000000000000, 1.000000000000000000 ) ) ;
#6308 = MANIFOLD_SOLID_BREP ( 'solid-3', #3743 ) ;
#6309 = AXIS2_PLACEMENT_3D ( 'NONE', #4162, #2096, #2052 ) ;
#6310 = DIRECTION ( 'NONE',  ( 0.000000000000000000, 0.000000000000000000, 1.000000000000000000 ) ) ;
#6311 = EDGE_LOOP ( 'NONE', ( #2696, #5267 ) ) ;
#6312 = CARTESIAN_POINT ( 'NONE',  ( 0.1830770823177808315, -0.4344613313287783440, 1.699325244049554540 ) ) ;
#6313 = ADVANCED_FACE ( 'NONE', ( #900 ), #2835, .T. ) ;
#6314 = CARTESIAN_POINT ( 'NONE',  ( 0.04134479885321723502, -0.2460016102029048690, 0.6409466190420565201 ) ) ;
#6315 = DIRECTION ( 'NONE',  ( 0.000000000000000000, 0.000000000000000000, 1.000000000000000000 ) ) ;
#6316 = VECTOR ( 'NONE', #149, 39.37007874015748143 ) ;
#6317 = CARTESIAN_POINT ( 'NONE',  ( 0.03786745031865866584, -0.4391612730497502226, 0.5730533683279025459 ) ) ;
#6318 = LINE ( 'NONE', #5603, #562 ) ;
#6319 = ORIENTED_EDGE ( 'NONE', *, *, #3164, .T. ) ;
#6320 = PLANE ( 'NONE',  #302 ) ;
#6321 = ORIENTED_EDGE ( 'NONE', *, *, #344, .T. ) ;
#6322 = DIRECTION ( 'NONE',  ( -9.117121629785411522E-17, 1.000000000000000000, 1.882801286680184389E-17 ) ) ;
#6323 = EDGE_CURVE ( 'NONE', #3576, #6194, #192, .T. ) ;
#6324 = AXIS2_PLACEMENT_3D ( 'NONE', #432, #5801, #8482 ) ;
#6325 = CARTESIAN_POINT ( 'NONE',  ( 0.1653605468847131055, -0.2334526116324033562, 0.4251968503926439880 ) ) ;
#6326 = CARTESIAN_POINT ( 'NONE',  ( -0.02592684560836239910, -0.2355373565559017168, 0.6735493411804566177 ) ) ;
#6327 = DIRECTION ( 'NONE',  ( 1.737850800384704371E-16, 1.000000000000000000, -3.511521488730094887E-17 ) ) ;
#6328 = VECTOR ( 'NONE', #5700, 39.37007874015748143 ) ;
#6329 = VERTEX_POINT ( 'NONE', #7702 ) ;
#6330 = EDGE_LOOP ( 'NONE', ( #7677, #617, #8193, #8613 ) ) ;
#6331 = ADVANCED_FACE ( 'NONE', ( #7661 ), #2959, .T. ) ;
#6332 = DIRECTION ( 'NONE',  ( 0.000000000000000000, 0.07845909572784552644, 0.9969173337331278528 ) ) ;
#6333 = ORIENTED_EDGE ( 'NONE', *, *, #8049, .F. ) ;
#6334 = LINE ( 'NONE', #4883, #4950 ) ;
#6335 = LINE ( 'NONE', #7039, #8022 ) ;
#6336 = CARTESIAN_POINT ( 'NONE',  ( 0.03786745031865866584, -0.4391612730497329586, 0.5730533683279025459 ) ) ;
#6337 = DIRECTION ( 'NONE',  ( 1.445602896647339410E-16, -1.000000000000000000, 0.000000000000000000 ) ) ;
#6338 = DIRECTION ( 'NONE',  ( 0.000000000000000000, -1.000000000000000000, 0.000000000000000000 ) ) ;
#6339 = VERTEX_POINT ( 'NONE', #2213 ) ;
#6340 = CIRCLE ( 'NONE', #5907, 0.05118110236220455023 ) ;
#6341 = EDGE_CURVE ( 'NONE', #3881, #8059, #328, .T. ) ;
#6342 = CARTESIAN_POINT ( 'NONE',  ( 0.03033945517954206653, -0.4391612730497729822, 0.5870501875099355393 ) ) ;
#6343 = CARTESIAN_POINT ( 'NONE',  ( 0.1272109769432959447, -0.2314052073911388174, 0.4382021516770586156 ) ) ;
#6344 = DIRECTION ( 'NONE',  ( 1.000000000000000000, 0.000000000000000000, 0.000000000000000000 ) ) ;
#6345 = DIRECTION ( 'NONE',  ( -4.453238516490171691E-15, -0.9862856015372155616, -0.1650476058607715513 ) ) ;
#6346 = CARTESIAN_POINT ( 'NONE',  ( -0.06055782097984033219, -0.2255785958843719574, 0.6402800944389687166 ) ) ;
#6347 = AXIS2_PLACEMENT_3D ( 'NONE', #3249, #7992, #5274 ) ;
#6348 = AXIS2_PLACEMENT_3D ( 'NONE', #6945, #4870, #202 ) ;
#6349 = ORIENTED_EDGE ( 'NONE', *, *, #1043, .T. ) ;
#6350 = ORIENTED_EDGE ( 'NONE', *, *, #793, .T. ) ;
#6351 = ORIENTED_EDGE ( 'NONE', *, *, #1779, .F. ) ;
#6352 = VERTEX_POINT ( 'NONE', #2255 ) ;
#6353 = CARTESIAN_POINT ( 'NONE',  ( 0.04134479885321683951, -0.1320746588764979135, 0.1968503936997312020 ) ) ;
#6354 = AXIS2_PLACEMENT_3D ( 'NONE', #6810, #3454, #3281 ) ;
#6355 = AXIS2_PLACEMENT_3D ( 'NONE', #969, #305, #2994 ) ;
#6356 = DIRECTION ( 'NONE',  ( -1.000000000000000000, 0.000000000000000000, 0.000000000000000000 ) ) ;
#6357 = EDGE_LOOP ( 'NONE', ( #6066, #7773, #1250, #3895, #2897 ) ) ;
#6358 = FACE_BOUND ( 'NONE', #768, .T. ) ;
#6359 = DIRECTION ( 'NONE',  ( -1.716572833537972315E-33, 1.882801286680184389E-17, -1.000000000000000000 ) ) ;
#6360 = LINE ( 'NONE', #322, #4589 ) ;
#6361 = VECTOR ( 'NONE', #2250, 39.37007874015748143 ) ;
#6362 = AXIS2_PLACEMENT_3D ( 'NONE', #5513, #8192, #6307 ) ;
#6363 = CARTESIAN_POINT ( 'NONE',  ( 0.1594550350736892996, -0.3210510368292537886, 0.7283464566918570471 ) ) ;
#6364 = DIRECTION ( 'NONE',  ( 0.7239618166986740988, 0.6898400452005923889, 8.979178796992105088E-17 ) ) ;
#6365 = ORIENTED_EDGE ( 'NONE', *, *, #5020, .F. ) ;
#6366 = FILL_AREA_STYLE_COLOUR ( '', #4944 ) ;
#6367 = VERTEX_POINT ( 'NONE', #4277 ) ;
#6368 = CARTESIAN_POINT ( 'NONE',  ( 0.1223377486206061321, -0.1556272368074851364, 0.6055689140120721348 ) ) ;
#6369 = FACE_OUTER_BOUND ( 'NONE', #5254, .T. ) ;
#6370 = ADVANCED_FACE ( 'NONE', ( #7013 ), #7617, .F. ) ;
#6371 = DIRECTION ( 'NONE',  ( 2.001604010742465719E-15, 1.000000000000000000, 0.000000000000000000 ) ) ;
#6372 = ADVANCED_FACE ( 'NONE', ( #1596 ), #940, .T. ) ;
#6373 = CARTESIAN_POINT ( 'NONE',  ( -0.1259780357924523975, -0.2334526116324034117, 0.4976528653221189979 ) ) ;
#6374 = ORIENTED_EDGE ( 'NONE', *, *, #709, .F. ) ;
#6375 = CARTESIAN_POINT ( 'NONE',  ( 0.03740779097920132745, -0.2386262973325888326, 0.6343006272539554180 ) ) ;
#6376 = ORIENTED_EDGE ( 'NONE', *, *, #3771, .F. ) ;
#6377 = CARTESIAN_POINT ( 'NONE',  ( 0.1967818200889262792, -0.2334526116324033562, 0.4377972174514207504 ) ) ;
#6378 = CARTESIAN_POINT ( 'NONE',  ( -0.04064527127870969786, -0.2440531768772171428, 0.5641081009960573489 ) ) ;
#6379 = LINE ( 'NONE', #5748, #602 ) ;
#6380 = CARTESIAN_POINT ( 'NONE',  ( 0.03662269576345168060, -0.3751848950969702279, 0.3898613463371702337 ) ) ;
#6381 = ADVANCED_FACE ( 'NONE', ( #6885 ), #4900, .F. ) ;
#6382 = FACE_OUTER_BOUND ( 'NONE', #8214, .T. ) ;
#6383 = ORIENTED_EDGE ( 'NONE', *, *, #6848, .F. ) ;
#6384 = VECTOR ( 'NONE', #4426, 39.37007874015748143 ) ;
#6385 = DIRECTION ( 'NONE',  ( -4.533222761286068324E-14, 0.07845909572784587338, 0.9969173337331279638 ) ) ;
#6386 = LINE ( 'NONE', #353, #2124 ) ;
#6387 = LINE ( 'NONE', #1141, #5689 ) ;
#6388 = CARTESIAN_POINT ( 'NONE',  ( 0.03113489345076714612, -0.4391612730497483907, 0.5857068159438255650 ) ) ;
#6389 = CARTESIAN_POINT ( 'NONE',  ( -0.06273160863473332960, -0.2255785958843719574, 0.6398654584216210139 ) ) ;
#6390 = VECTOR ( 'NONE', #8196, 39.37007874015748143 ) ;
#6391 = ORIENTED_EDGE ( 'NONE', *, *, #2038, .T. ) ;
#6392 = EDGE_CURVE ( 'NONE', #1647, #3896, #3575, .T. ) ;
#6393 = VERTEX_POINT ( 'NONE', #318 ) ;
#6394 = VERTEX_POINT ( 'NONE', #3051 ) ;
#6395 = ORIENTED_EDGE ( 'NONE', *, *, #4587, .F. ) ;
#6396 = VECTOR ( 'NONE', #8529, 39.37007874015748143 ) ;
#6397 = DIRECTION ( 'NONE',  ( -6.833840609453552618E-15, -0.9969173337331278528, 0.07845909572784673380 ) ) ;
#6398 = ORIENTED_EDGE ( 'NONE', *, *, #1370, .T. ) ;
#6399 = LINE ( 'NONE', #3616, #997 ) ;
#6400 = CARTESIAN_POINT ( 'NONE',  ( 0.03779216528210609105, -0.2384671316606122582, 0.6363230188690602862 ) ) ;
#6401 = DIRECTION ( 'NONE',  ( -1.716572833537972315E-33, 1.882801286680184389E-17, -1.000000000000000000 ) ) ;
#6402 = CYLINDRICAL_SURFACE ( 'NONE', #372, 0.08661417322834646937 ) ;
#6403 = EDGE_CURVE ( 'NONE', #4499, #1105, #5114, .T. ) ;
#6404 = CIRCLE ( 'NONE', #8502, 0.01181102362204730985 ) ;
#6405 = DIRECTION ( 'NONE',  ( 0.000000000000000000, -1.000000000000000000, 0.000000000000000000 ) ) ;
#6406 = CARTESIAN_POINT ( 'NONE',  ( -0.1397575633515073801, -0.2177045801363404198, 0.7283464566918566030 ) ) ;
#6407 = ORIENTED_EDGE ( 'NONE', *, *, #272, .F. ) ;
#6408 = ORIENTED_EDGE ( 'NONE', *, *, #2120, .F. ) ;
#6409 = CARTESIAN_POINT ( 'NONE',  ( 0.1223377486206061460, -0.1508830803843513590, 0.6090239817634071073 ) ) ;
#6410 = VECTOR ( 'NONE', #3011, 39.37007874015748143 ) ;
#6411 = ADVANCED_FACE ( 'NONE', ( #5722 ), #4690, .T. ) ;
#6412 = DIRECTION ( 'NONE',  ( 0.7239618166986740988, 0.6898400452005923889, 7.885106708985485336E-17 ) ) ;
#6413 = CIRCLE ( 'NONE', #787, 0.006046844034891102164 ) ;
#6414 = CARTESIAN_POINT ( 'NONE',  ( -0.1555055948475706495, -0.1242006431284664453, 0.7283464566918570471 ) ) ;
#6415 = ORIENTED_EDGE ( 'NONE', *, *, #6738, .F. ) ;
#6416 = ORIENTED_EDGE ( 'NONE', *, *, #2355, .T. ) ;
#6417 = ORIENTED_EDGE ( 'NONE', *, *, #3352, .T. ) ;
#6418 = CARTESIAN_POINT ( 'NONE',  ( 0.04024411525692685870, -0.2414063440316069897, 0.5989767847201039608 ) ) ;
#6419 = ORIENTED_EDGE ( 'NONE', *, *, #6718, .T. ) ;
#6420 = FACE_OUTER_BOUND ( 'NONE', #5127, .T. ) ;
#6421 = EDGE_CURVE ( 'NONE', #8474, #2489, #450, .T. ) ;
#6422 = DIRECTION ( 'NONE',  ( -1.000000000000000000, 0.000000000000000000, 0.000000000000000000 ) ) ;
#6423 = CARTESIAN_POINT ( 'NONE',  ( -0.06495441374520848077, -0.3525470998213799945, 0.1909448818887074517 ) ) ;
#6424 = CARTESIAN_POINT ( 'NONE',  ( 0.01272472916109847370, -0.3085587319683233964, 0.2165354330698099627 ) ) ;
#6425 = EDGE_LOOP ( 'NONE', ( #1790, #1130, #3179, #20 ) ) ;
#6426 = CARTESIAN_POINT ( 'NONE',  ( 0.03664226782137481458, -0.4391612730497261863, 0.5878100790163691691 ) ) ;
#6427 = CARTESIAN_POINT ( 'NONE',  ( 0.1271185718079657079, -0.2241060518434486171, 0.4422916610307023877 ) ) ;
#6428 = EDGE_CURVE ( 'NONE', #5857, #1105, #5814, .T. ) ;
#6429 = DIRECTION ( 'NONE',  ( -1.228015396737279800E-16, -1.287490079826536515E-18, 1.000000000000000000 ) ) ;
#6430 = LINE ( 'NONE', #5108, #7067 ) ;
#6431 = SHAPE_DEFINITION_REPRESENTATION ( #6130, #5341 ) ;
#6432 = VERTEX_POINT ( 'NONE', #6436 ) ;
#6433 = ORIENTED_EDGE ( 'NONE', *, *, #4567, .T. ) ;
#6434 = VERTEX_POINT ( 'NONE', #7060 ) ;
#6435 = ORIENTED_EDGE ( 'NONE', *, *, #8187, .T. ) ;
#6436 = CARTESIAN_POINT ( 'NONE',  ( 0.2381951925540042314, -0.2167203281678364568, 0.6141732283454004460 ) ) ;
#6437 = ORIENTED_EDGE ( 'NONE', *, *, #4873, .F. ) ;
#6438 = FACE_OUTER_BOUND ( 'NONE', #2809, .T. ) ;
#6439 = EDGE_CURVE ( 'NONE', #1690, #6329, #1600, .T. ) ;
#6440 = DIRECTION ( 'NONE',  ( -0.000000000000000000, -0.000000000000000000, -1.000000000000000000 ) ) ;
#6441 = CARTESIAN_POINT ( 'NONE',  ( 0.1233348689851440222, -0.2519271926252495408, 0.5641081009960574599 ) ) ;
#6442 = CARTESIAN_POINT ( 'NONE',  ( -0.09645047673733432581, -0.3997911943095688314, 0.1909448818887074795 ) ) ;
#6443 = LINE ( 'NONE', #324, #4198 ) ;
#6444 = DIRECTION ( 'NONE',  ( 1.000000000000000000, 0.000000000000000000, 0.000000000000000000 ) ) ;
#6445 = EDGE_LOOP ( 'NONE', ( #4009, #978, #6994, #2718 ) ) ;
#6446 = LINE ( 'NONE', #4328, #7463 ) ;
#6447 = ORIENTED_EDGE ( 'NONE', *, *, #5346, .F. ) ;
#6448 = CARTESIAN_POINT ( 'NONE',  ( 0.04739164288810832765, -0.2347921775569823122, 0.5826595109941664630 ) ) ;
#6449 = ADVANCED_FACE ( 'NONE', ( #8405 ), #8685, .T. ) ;
#6450 = EDGE_CURVE ( 'NONE', #1831, #2337, #614, .T. ) ;
#6451 = UNCERTAINTY_MEASURE_WITH_UNIT (LENGTH_MEASURE( 1.000000000000000082E-05 ), #1312, 'distance_accuracy_value', 'NONE');
#6452 = PLANE ( 'NONE',  #7942 ) ;
#6453 =( NAMED_UNIT ( * ) SI_UNIT ( $, .STERADIAN. ) SOLID_ANGLE_UNIT ( ) );
#6454 = CARTESIAN_POINT ( 'NONE',  ( 0.03113489345076715306, -0.4352242651757104452, 0.5857068159438255650 ) ) ;
#6455 = CARTESIAN_POINT ( 'NONE',  ( 0.04134479885321683257, -0.2226258399788601239, 0.1968503936997311743 ) ) ;
#6456 = ORIENTED_EDGE ( 'NONE', *, *, #4862, .F. ) ;
#6457 = VERTEX_POINT ( 'NONE', #5156 ) ;
#6458 = AXIS2_PLACEMENT_3D ( 'NONE', #7633, #1614, #3759 ) ;
#6459 = ADVANCED_FACE ( 'NONE', ( #5066, #7750 ), #7143, .F. ) ;
#6460 = EDGE_LOOP ( 'NONE', ( #3415, #316, #2049, #215, #4896, #912 ) ) ;
#6461 = CARTESIAN_POINT ( 'NONE',  ( -0.04071036909995436742, -0.2519271926252575899, 0.5619321747433039249 ) ) ;
#6462 = DIRECTION ( 'NONE',  ( -1.228015396737279800E-16, -1.287490079826536515E-18, 1.000000000000000000 ) ) ;
#6463 = CIRCLE ( 'NONE', #7580, 0.007874015748031449116 ) ;
#6464 = CARTESIAN_POINT ( 'NONE',  ( 0.04134479885321681175, -0.3751848950969702279, 0.3933151221598379377 ) ) ;
#6465 = CARTESIAN_POINT ( 'NONE',  ( -0.04226415430450262967, -0.2574063335135173824, 0.2165354330698099905 ) ) ;
#6466 = ORIENTED_EDGE ( 'NONE', *, *, #833, .T. ) ;
#6467 = CARTESIAN_POINT ( 'NONE',  ( 0.1340961382869252094, -0.3553474652480368423, 0.2552656002105948008 ) ) ;
#6468 = AXIS2_PLACEMENT_3D ( 'NONE', #3893, #7896, #7939 ) ;
#6469 = CARTESIAN_POINT ( 'NONE',  ( 0.04377787062085972125, -0.3751848950969702834, 0.3843401496612834367 ) ) ;
#6470 = CARTESIAN_POINT ( 'NONE',  ( -0.1003874846113502334, -0.3988069423410648406, 0.7401574803139041592 ) ) ;
#6471 = FACE_OUTER_BOUND ( 'NONE', #1541, .T. ) ;
#6472 = EDGE_LOOP ( 'NONE', ( #4140, #6837, #6781, #5733, #6319 ) ) ;
#6473 = CIRCLE ( 'NONE', #1836, 0.01574803149606289823 ) ;
#6474 = EDGE_CURVE ( 'NONE', #4317, #8666, #4699, .T. ) ;
#6475 = EDGE_CURVE ( 'NONE', #7687, #88, #4982, .T. ) ;
#6476 = ORIENTED_EDGE ( 'NONE', *, *, #3647, .F. ) ;
#6477 = EDGE_LOOP ( 'NONE', ( #6572, #873, #6730, #6333 ) ) ;
#6478 = VERTEX_POINT ( 'NONE', #6479 ) ;
#6479 = CARTESIAN_POINT ( 'NONE',  ( 0.2342581846799887679, -0.2334526116324033562, 0.7283464566918566030 ) ) ;
#6480 = ORIENTED_EDGE ( 'NONE', *, *, #6807, .T. ) ;
#6481 = CARTESIAN_POINT ( 'NONE',  ( 0.05472083211063606678, -0.4391612730497261863, 0.5878116323286508571 ) ) ;
#6482 = AXIS2_PLACEMENT_3D ( 'NONE', #672, #3348, #6034 ) ;
#6483 = DIRECTION ( 'NONE',  ( 1.716572833537972315E-33, -1.882801286680184389E-17, 1.000000000000000000 ) ) ;
#6484 = CARTESIAN_POINT ( 'NONE',  ( 0.04134479885321703380, -0.5730195407662621587, 0.1909448818887074517 ) ) ;
#6485 = CIRCLE ( 'NONE', #1412, 0.02362204724409451562 ) ;
#6486 = DIRECTION ( 'NONE',  ( 1.513109652674365389E-15, 0.9862856015372327700, 0.1650476058606699659 ) ) ;
#6487 = CARTESIAN_POINT ( 'NONE',  ( 0.04134479885321661052, -0.5730195407662621587, 0.7519685039359512713 ) ) ;
#6488 = EDGE_CURVE ( 'NONE', #5240, #1068, #3699, .T. ) ;
#6489 = AXIS2_PLACEMENT_3D ( 'NONE', #5757, #8440, #2415 ) ;
#6490 = DIRECTION ( 'NONE',  ( 9.117121629785412755E-17, -1.000000000000000000, -1.882801286680184389E-17 ) ) ;
#6491 = AXIS2_PLACEMENT_3D ( 'NONE', #98, #7402, #670 ) ;
#6492 = ORIENTED_EDGE ( 'NONE', *, *, #2808, .T. ) ;
#6493 = DIRECTION ( 'NONE',  ( -1.000000000000000000, 0.000000000000000000, 0.000000000000000000 ) ) ;
#6494 = VERTEX_POINT ( 'NONE', #1809 ) ;
#6495 = CARTESIAN_POINT ( 'NONE',  ( -0.1476315790995390842, -0.2334526116324034117, 0.7283464566918566030 ) ) ;
#6496 = FACE_OUTER_BOUND ( 'NONE', #6477, .T. ) ;
#6497 = VECTOR ( 'NONE', #4611, 39.37007874015748143 ) ;
#6498 = VECTOR ( 'NONE', #3480, 39.37007874015748143 ) ;
#6499 = CARTESIAN_POINT ( 'NONE',  ( -0.05050924320985743926, -0.3341185372822550459, 0.2765410145894520721 ) ) ;
#6500 = LINE ( 'NONE', #6540, #8683 ) ;
#6501 = EDGE_CURVE ( 'NONE', #3137, #7900, #4411, .T. ) ;
#6502 = DIRECTION ( 'NONE',  ( 1.000000000000000000, 4.336808689942016158E-15, 0.000000000000000000 ) ) ;
#6503 = ORIENTED_EDGE ( 'NONE', *, *, #2155, .F. ) ;
#6504 = VERTEX_POINT ( 'NONE', #3831 ) ;
#6505 = CIRCLE ( 'NONE', #4388, 0.01968503937007867396 ) ;
#6506 = VERTEX_POINT ( 'NONE', #8042 ) ;
#6507 = ORIENTED_EDGE ( 'NONE', *, *, #2760, .T. ) ;
#6508 = LINE ( 'NONE', #7816, #6623 ) ;
#6509 = CARTESIAN_POINT ( 'NONE',  ( -0.02136055534903053346, -0.2823757651537145974, 0.1181102362194161731 ) ) ;
#6510 = ADVANCED_FACE ( 'NONE', ( #7874 ), #1856, .F. ) ;
#6511 = CARTESIAN_POINT ( 'NONE',  ( -0.1712536263436331696, -0.2177045801363404198, 0.7007874015737463047 ) ) ;
#6512 = ORIENTED_EDGE ( 'NONE', *, *, #8198, .F. ) ;
#6513 = CARTESIAN_POINT ( 'NONE',  ( 0.04134479885321683257, -0.2226258399788601239, -1.056269026750287463E-12 ) ) ;
#6514 = DIRECTION ( 'NONE',  ( -1.000000000000000000, 4.510573100380431801E-15, -3.330669073875498711E-16 ) ) ;
#6515 = CARTESIAN_POINT ( 'NONE',  ( 0.08465188546738967867, -1.445962891180035736, 0.7598425196839830864 ) ) ;
#6516 = CARTESIAN_POINT ( 'NONE',  ( 0.04134479885321701992, -0.2450971055668612064, 0.6524394401324297155 ) ) ;
#6517 = ORIENTED_EDGE ( 'NONE', *, *, #7630, .F. ) ;
#6518 = ADVANCED_FACE ( 'NONE', ( #1194 ), #3875, .F. ) ;
#6519 = ORIENTED_EDGE ( 'NONE', *, *, #103, .F. ) ;
#6520 = ORIENTED_EDGE ( 'NONE', *, *, #1527, .T. ) ;
#6521 = EDGE_LOOP ( 'NONE', ( #8535, #6287, #4683, #958 ) ) ;
#6522 = DIRECTION ( 'NONE',  ( -4.349810823878345475E-30, -0.07845909572784673380, -0.9969173337331279638 ) ) ;
#6523 = EDGE_LOOP ( 'NONE', ( #8070, #3448, #8662, #6624 ) ) ;
#6524 = PLANE ( 'NONE',  #3662 ) ;
#6525 = AXIS2_PLACEMENT_3D ( 'NONE', #4548, #4362, #7227 ) ;
#6526 = CARTESIAN_POINT ( 'NONE',  ( -0.08267094917827930156, -0.2334526116324034117, 0.4881889763768958446 ) ) ;
#6527 = CARTESIAN_POINT ( 'NONE',  ( 0.03033514756249463401, -0.4352242651757103342, 0.5870593041237689436 ) ) ;
#6528 = DIRECTION ( 'NONE',  ( 1.716572833537972657E-33, -1.882801286680184389E-17, 1.000000000000000000 ) ) ;
#6529 = ADVANCED_FACE ( 'NONE', ( #6818 ), #784, .F. ) ;
#6530 = VECTOR ( 'NONE', #808, 39.37007874015748143 ) ;
#6531 = DIRECTION ( 'NONE',  ( 1.737850800384704371E-16, 1.000000000000000000, -1.448216729911410023E-17 ) ) ;
#6532 = EDGE_LOOP ( 'NONE', ( #2245, #2661, #2980, #5394 ) ) ;
#6533 = CARTESIAN_POINT ( 'NONE',  ( -0.06717721885569448437, -0.2255785958843719297, 0.6750951714975252926 ) ) ;
#6534 = ORIENTED_EDGE ( 'NONE', *, *, #1099, .F. ) ;
#6535 = CARTESIAN_POINT ( 'NONE',  ( -0.005899295634972270656, -0.3909329265930334141, 0.5775590551170539655 ) ) ;
#6536 = CARTESIAN_POINT ( 'NONE',  ( -0.05275248663643912483, -0.3962270985139120794, 0.2788293848777771977 ) ) ;
#6537 = CARTESIAN_POINT ( 'NONE',  ( -0.03825422938849407789, -0.1776815935545965341, 0.2165354330698099350 ) ) ;
#6538 = EDGE_CURVE ( 'NONE', #3781, #1001, #2055, .T. ) ;
#6539 = VECTOR ( 'NONE', #7343, 39.37007874015748143 ) ;
#6540 = CARTESIAN_POINT ( 'NONE',  ( 0.04804318030553531016, -0.4371927691127183713, 0.5878171478554616858 ) ) ;
#6541 = DIRECTION ( 'NONE',  ( -1.000000000000000000, 0.000000000000000000, 0.000000000000000000 ) ) ;
#6542 = ORIENTED_EDGE ( 'NONE', *, *, #2717, .F. ) ;
#6543 = EDGE_LOOP ( 'NONE', ( #4207, #3003, #5097, #4983 ) ) ;
#6544 = VECTOR ( 'NONE', #4688, 39.37007874015748143 ) ;
#6545 = ORIENTED_EDGE ( 'NONE', *, *, #1468, .F. ) ;
#6546 = EDGE_LOOP ( 'NONE', ( #3709, #351, #4570, #3323, #4467, #5242 ) ) ;
#6547 = DIRECTION ( 'NONE',  ( -1.000000000000000000, 1.737850800384704371E-16, -3.330669073875469621E-16 ) ) ;
#6548 = EDGE_CURVE ( 'NONE', #4216, #4590, #7423, .T. ) ;
#6549 = CARTESIAN_POINT ( 'NONE',  ( 0.1653605468847131055, -0.2177045801363403921, 0.4409448818887066190 ) ) ;
#6550 = CIRCLE ( 'NONE', #931, 0.007874015748031449116 ) ;
#6551 = LINE ( 'NONE', #4025, #2643 ) ;
#6552 = FACE_BOUND ( 'NONE', #3680, .T. ) ;
#6553 = ORIENTED_EDGE ( 'NONE', *, *, #5582, .F. ) ;
#6554 = CARTESIAN_POINT ( 'NONE',  ( 0.2086676334988864789, -0.2334526116324033562, 0.5078740157469746608 ) ) ;
#6555 = EDGE_CURVE ( 'NONE', #8491, #8473, #8200, .T. ) ;
#6556 = CARTESIAN_POINT ( 'NONE',  ( 0.04739164288810829295, -0.2464760401178898441, 0.6349184154092925025 ) ) ;
#6557 = CARTESIAN_POINT ( 'NONE',  ( 0.04891899989882243088, -0.2452277884991118095, 0.6507789560397319040 ) ) ;
#6558 = ORIENTED_EDGE ( 'NONE', *, *, #3171, .F. ) ;
#6559 = EDGE_LOOP ( 'NONE', ( #865, #1554, #737, #4132, #5415 ) ) ;
#6560 = VERTEX_POINT ( 'NONE', #1442 ) ;
#6561 = CARTESIAN_POINT ( 'NONE',  ( -0.1259780357924523975, -0.2334526116324034117, 0.5078740157469746608 ) ) ;
#6562 = ORIENTED_EDGE ( 'NONE', *, *, #4313, .F. ) ;
#6563 = CARTESIAN_POINT ( 'NONE',  ( -0.1141670121704051050, -0.2334526116324034117, 0.6141732283453998908 ) ) ;
#6564 = DIRECTION ( 'NONE',  ( -0.000000000000000000, -1.000000000000000000, -0.000000000000000000 ) ) ;
#6565 = DIRECTION ( 'NONE',  ( 8.673617379884036705E-17, -1.000000000000000000, 0.000000000000000000 ) ) ;
#6566 = LINE ( 'NONE', #3186, #1341 ) ;
#6567 = ORIENTED_EDGE ( 'NONE', *, *, #1635, .F. ) ;
#6568 = CARTESIAN_POINT ( 'NONE',  ( 0.1811085783807760141, -0.2334526116324033562, 0.4409448818887066190 ) ) ;
#6569 = ADVANCED_FACE ( 'NONE', ( #876 ), #6193, .F. ) ;
#6570 = ORIENTED_EDGE ( 'NONE', *, *, #2343, .F. ) ;
#6571 = DIRECTION ( 'NONE',  ( 1.000000000000000000, 0.000000000000000000, 0.000000000000000000 ) ) ;
#6572 = ORIENTED_EDGE ( 'NONE', *, *, #1635, .T. ) ;
#6573 = DIRECTION ( 'NONE',  ( 0.000000000000000000, -0.9969173337331277418, 0.07845909572784834363 ) ) ;
#6574 = CARTESIAN_POINT ( 'NONE',  ( -0.05297655333177863496, -0.3988069423410645631, 0.2870491336272463223 ) ) ;
#6575 = CARTESIAN_POINT ( 'NONE',  ( -0.04920638224914537784, -0.2226258399788601239, 0.2165354330698099350 ) ) ;
#6576 = CARTESIAN_POINT ( 'NONE',  ( 0.03058869331160740668, -0.2450223213465881067, 0.6032105501904226896 ) ) ;
#6577 = DIRECTION ( 'NONE',  ( 1.000000000000000000, -1.862339094084031502E-30, -1.224646799147353207E-16 ) ) ;
#6578 = EDGE_CURVE ( 'NONE', #257, #5648, #5307, .T. ) ;
#6579 = EDGE_CURVE ( 'NONE', #7679, #5027, #736, .T. ) ;
#6580 = VERTEX_POINT ( 'NONE', #2905 ) ;
#6581 = EDGE_LOOP ( 'NONE', ( #7576, #6809, #4882, #7282 ) ) ;
#6582 = VERTEX_POINT ( 'NONE', #3552 ) ;
#6583 = VERTEX_POINT ( 'NONE', #8215 ) ;
#6584 = VECTOR ( 'NONE', #5401, 39.37007874015748143 ) ;
#6585 = FACE_BOUND ( 'NONE', #89, .T. ) ;
#6586 = CARTESIAN_POINT ( 'NONE',  ( 0.1791400744437680603, -0.2167203281678364568, 0.1181102362194161731 ) ) ;
#6587 = CARTESIAN_POINT ( 'NONE',  ( 0.06996486854534750277, -0.1366929479893968513, 0.2165354330698099627 ) ) ;
#6588 = CARTESIAN_POINT ( 'NONE',  ( 0.04804318030553531016, -0.4352242651757104452, 0.5878171478554616858 ) ) ;
#6589 = ADVANCED_FACE ( 'NONE', ( #2859 ), #5579, .F. ) ;
#6590 = EDGE_LOOP ( 'NONE', ( #7744, #1379, #5288, #1021 ) ) ;
#6591 = PLANE ( 'NONE',  #292 ) ;
#6592 = CARTESIAN_POINT ( 'NONE',  ( -0.07690676959112228983, -0.2255785958843720129, 0.6574803149595732643 ) ) ;
#6593 = DIRECTION ( 'NONE',  ( 0.000000000000000000, 0.2529366883064121385, -0.9674828327720265131 ) ) ;
#6594 = VECTOR ( 'NONE', #4845, 39.37007874015748143 ) ;
#6595 = ORIENTED_EDGE ( 'NONE', *, *, #7138, .F. ) ;
#6596 = EDGE_CURVE ( 'NONE', #5597, #7900, #8171, .T. ) ;
#6597 = ORIENTED_EDGE ( 'NONE', *, *, #8591, .F. ) ;
#6598 = ORIENTED_EDGE ( 'NONE', *, *, #6672, .T. ) ;
#6599 = VECTOR ( 'NONE', #383, 39.37007874015748143 ) ;
#6600 = CARTESIAN_POINT ( 'NONE',  ( 0.04134479885321683257, -0.2226258399788601239, 0.1417322834635106887 ) ) ;
#6601 = CARTESIAN_POINT ( 'NONE',  ( -0.09866196948141356393, -0.2334526116324034117, 0.4409448818887066190 ) ) ;
#6602 = CYLINDRICAL_SURFACE ( 'NONE', #6776, 0.02362204724409461970 ) ;
#6603 = DIRECTION ( 'NONE',  ( -4.240239669819187273E-15, -1.000000000000000000, 6.742362171565640761E-30 ) ) ;
#6604 = AXIS2_PLACEMENT_3D ( 'NONE', #7151, #5647, #5778 ) ;
#6605 = EDGE_CURVE ( 'NONE', #4928, #3612, #4837, .T. ) ;
#6606 = ORIENTED_EDGE ( 'NONE', *, *, #8690, .F. ) ;
#6607 = CARTESIAN_POINT ( 'NONE',  ( 0.03105705592539717563, -0.4352242651757105563, 0.5858886784004088133 ) ) ;
#6608 = ORIENTED_EDGE ( 'NONE', *, *, #982, .F. ) ;
#6609 = CARTESIAN_POINT ( 'NONE',  ( -0.05314339012316099398, -0.2226258399788601239, 0.2086614173217784252 ) ) ;
#6610 = AXIS2_PLACEMENT_3D ( 'NONE', #194, #7577, #5468 ) ;
#6611 = AXIS2_PLACEMENT_3D ( 'NONE', #2724, #6105, #2812 ) ;
#6612 = VERTEX_POINT ( 'NONE', #6375 ) ;
#6613 = DIRECTION ( 'NONE',  ( -9.117121629785411522E-17, 1.000000000000000000, 1.882801286680184389E-17 ) ) ;
#6614 = CARTESIAN_POINT ( 'NONE',  ( 0.1378014917666028349, -0.2440531768772180865, 0.5641081009960576820 ) ) ;
#6615 = CARTESIAN_POINT ( 'NONE',  ( -0.001861479041713440512, -0.1429279025314259821, 0.2165354330698099627 ) ) ;
#6616 = AXIS2_PLACEMENT_3D ( 'NONE', #2058, #3420, #3463 ) ;
#6617 = AXIS2_PLACEMENT_3D ( 'NONE', #3841, #5210, #4684 ) ;
#6618 = DIRECTION ( 'NONE',  ( 1.000000000000000000, 0.000000000000000000, 0.000000000000000000 ) ) ;
#6619 = CARTESIAN_POINT ( 'NONE',  ( 0.04134479885321683257, -0.2226258399788601239, 0.1181102362194161731 ) ) ;
#6620 = ORIENTED_EDGE ( 'NONE', *, *, #2446, .F. ) ;
#6621 = VERTEX_POINT ( 'NONE', #7638 ) ;
#6622 = EDGE_LOOP ( 'NONE', ( #4037, #7826, #7711, #5406 ) ) ;
#6623 = VECTOR ( 'NONE', #7169, 39.37007874015748143 ) ;
#6624 = ORIENTED_EDGE ( 'NONE', *, *, #2144, .F. ) ;
#6625 = VECTOR ( 'NONE', #704, 39.37007874015748143 ) ;
#6626 = CARTESIAN_POINT ( 'NONE',  ( -0.1003874846113502750, -0.3988069423410651182, 0.7598425196839830864 ) ) ;
#6627 = EDGE_CURVE ( 'NONE', #3490, #7657, #2440, .T. ) ;
#6628 = ADVANCED_FACE ( 'NONE', ( #2402 ), #2235, .T. ) ;
#6629 = CARTESIAN_POINT ( 'NONE',  ( 0.1210427363006472135, -0.1794195620839211802, 0.2165354330698099072 ) ) ;
#6630 = AXIS2_PLACEMENT_3D ( 'NONE', #707, #5421, #2116 ) ;
#6631 = DIRECTION ( 'NONE',  ( 0.000000000000000000, 0.000000000000000000, 1.000000000000000000 ) ) ;
#6632 = VECTOR ( 'NONE', #3798, 39.37007874015748143 ) ;
#6633 = ORIENTED_EDGE ( 'NONE', *, *, #529, .T. ) ;
#6634 = LINE ( 'NONE', #608, #3247 ) ;
#6635 = VECTOR ( 'NONE', #2771, 39.37007874015748143 ) ;
#6636 = DIRECTION ( 'NONE',  ( 1.000000000000000000, 0.000000000000000000, 0.000000000000000000 ) ) ;
#6637 = CARTESIAN_POINT ( 'NONE',  ( -0.04203659933718838226, -0.2060591766464763830, 0.5252779592032532641 ) ) ;
#6638 = DIRECTION ( 'NONE',  ( -2.571728130793545676E-16, 0.07845909572784612318, 0.9969173337331278528 ) ) ;
#6639 = EDGE_CURVE ( 'NONE', #1876, #5980, #3720, .T. ) ;
#6640 = VERTEX_POINT ( 'NONE', #1004 ) ;
#6641 = CARTESIAN_POINT ( 'NONE',  ( -0.1476315790995390842, -0.2177045801363404198, 0.7007874015737463047 ) ) ;
#6642 = ORIENTED_EDGE ( 'NONE', *, *, #5901, .F. ) ;
#6643 = VECTOR ( 'NONE', #8480, 39.37007874015748143 ) ;
#6644 = ORIENTED_EDGE ( 'NONE', *, *, #1525, .T. ) ;
#6645 = DIRECTION ( 'NONE',  ( -1.000000000000000000, 0.000000000000000000, 0.000000000000000000 ) ) ;
#6646 = DIRECTION ( 'NONE',  ( 1.000000000000000000, -1.239088197126290570E-16, 0.000000000000000000 ) ) ;
#6647 = LINE ( 'NONE', #2637, #3544 ) ;
#6648 = CARTESIAN_POINT ( 'NONE',  ( -0.1555055948475705385, -0.1242006431284664730, 0.7283464566918570471 ) ) ;
#6649 = EDGE_CURVE ( 'NONE', #2655, #1404, #480, .T. ) ;
#6650 = VECTOR ( 'NONE', #2308, 39.37007874015748143 ) ;
#6651 = ORIENTED_EDGE ( 'NONE', *, *, #3264, .T. ) ;
#6652 = CARTESIAN_POINT ( 'NONE',  ( 0.2503739793486652876, -0.3594368636009073192, 0.2952755905501244227 ) ) ;
#6653 = ORIENTED_EDGE ( 'NONE', *, *, #5979, .T. ) ;
#6654 = CARTESIAN_POINT ( 'NONE',  ( 0.04134479885321683257, -0.2226258399788601239, 0.2086614173217784252 ) ) ;
#6655 = AXIS2_PLACEMENT_3D ( 'NONE', #2669, #2509, #5767 ) ;
#6656 = ORIENTED_EDGE ( 'NONE', *, *, #3940, .T. ) ;
#6657 = CARTESIAN_POINT ( 'NONE',  ( -0.04526937437512972007, -0.2226258399788601239, 0.2027559055107547303 ) ) ;
#6658 = B_SPLINE_CURVE_WITH_KNOTS ( 'NONE', 3,
 ( #4505, #7191, #1157, #495 ),
 .UNSPECIFIED., .F., .F.,
 ( 4, 4 ),
 ( 0.000000000000000000, 1.000000000000000000 ),
 .UNSPECIFIED. ) ;
#6659 = CARTESIAN_POINT ( 'NONE',  ( -0.1712536263436331696, -0.5492006431284662815, 0.6574803149595729312 ) ) ;
#6660 = CARTESIAN_POINT ( 'NONE',  ( -0.04313578002031066838, -0.1900202315027456901, 0.2165354330698099627 ) ) ;
#6661 = EDGE_CURVE ( 'NONE', #7681, #337, #2611, .T. ) ;
#6662 = AXIS2_PLACEMENT_3D ( 'NONE', #5118, #453, #5203 ) ;
#6663 = LINE ( 'NONE', #3231, #3345 ) ;
#6664 = FACE_OUTER_BOUND ( 'NONE', #2739, .T. ) ;
#6665 = VERTEX_POINT ( 'NONE', #2984 ) ;
#6666 = ORIENTED_EDGE ( 'NONE', *, *, #3757, .T. ) ;
#6667 = VERTEX_POINT ( 'NONE', #7680 ) ;
#6668 = CARTESIAN_POINT ( 'NONE',  ( 0.1340961382869252094, -0.3553392864513311711, 0.2551855802299157205 ) ) ;
#6669 = AXIS2_PLACEMENT_3D ( 'NONE', #6592, #8687, #6636 ) ;
#6670 = EDGE_LOOP ( 'NONE', ( #8517, #4424, #7886, #8317 ) ) ;
#6671 = CARTESIAN_POINT ( 'NONE',  ( 0.1476440114516419932, -0.3446730840733485124, 0.1909448818887074517 ) ) ;
#6672 = EDGE_CURVE ( 'NONE', #2868, #6190, #4340, .T. ) ;
#6673 = DIRECTION ( 'NONE',  ( 9.117121629785412755E-17, -1.000000000000000000, -1.882801286680184389E-17 ) ) ;
#6674 = CARTESIAN_POINT ( 'NONE',  ( 0.02767463262399549873, -0.4391612730497262418, 0.5894575678029682075 ) ) ;
#6675 = VECTOR ( 'NONE', #148, 39.37007874015748143 ) ;
#6676 = CARTESIAN_POINT ( 'NONE',  ( -0.1003874846113502750, -1.445962891180036403, 0.2952755905501244227 ) ) ;
#6677 = ORIENTED_EDGE ( 'NONE', *, *, #8168, .T. ) ;
#6678 = EDGE_CURVE ( 'NONE', #7226, #7556, #758, .T. ) ;
#6679 = EDGE_CURVE ( 'NONE', #7436, #3898, #1886, .T. ) ;
#6680 = PLANE ( 'NONE',  #1701 ) ;
#6681 = VECTOR ( 'NONE', #197, 39.37007874015748143 ) ;
#6682 = LINE ( 'NONE', #7387, #7936 ) ;
#6683 = CARTESIAN_POINT ( 'NONE',  ( 0.04244835989449424751, -0.2450971055668614285, 0.6524394401324296044 ) ) ;
#6684 =( NAMED_UNIT ( * ) PLANE_ANGLE_UNIT ( ) SI_UNIT ( $, .RADIAN. ) );
#6685 = VERTEX_POINT ( 'NONE', #8640 ) ;
#6686 = LINE ( 'NONE', #3334, #3090 ) ;
#6687 = ORIENTED_EDGE ( 'NONE', *, *, #4152, .T. ) ;
#6688 = ORIENTED_EDGE ( 'NONE', *, *, #8343, .F. ) ;
#6689 = EDGE_CURVE ( 'NONE', #1164, #3223, #2727, .T. ) ;
#6690 = CARTESIAN_POINT ( 'NONE',  ( 0.1265564614509302743, -0.2532711769920596989, 0.2165354330698099627 ) ) ;
#6691 = DIRECTION ( 'NONE',  ( 1.000000000000000000, -1.088849380393855616E-15, 1.010178870798710608E-15 ) ) ;
#6692 = DIRECTION ( 'NONE',  ( 0.000000000000000000, 0.000000000000000000, -1.000000000000000000 ) ) ;
#6693 = LINE ( 'NONE', #5984, #8244 ) ;
#6694 = LINE ( 'NONE', #623, #507 ) ;
#6695 = EDGE_LOOP ( 'NONE', ( #8428, #2010, #4955, #5067 ) ) ;
#6696 = DIRECTION ( 'NONE',  ( 0.9545195601488660753, 0.000000000000000000, 0.2981483008390545253 ) ) ;
#6697 = STYLED_ITEM ( 'NONE', ( #2912 ), #4 ) ;
#6698 = EDGE_CURVE ( 'NONE', #5919, #5344, #3810, .T. ) ;
#6699 = FACE_OUTER_BOUND ( 'NONE', #5851, .T. ) ;
#6700 = ORIENTED_EDGE ( 'NONE', *, *, #6992, .F. ) ;
#6701 = CARTESIAN_POINT ( 'NONE',  ( -0.02952134287906664142, -0.2226258399788601239, 0.1968503936997311743 ) ) ;
#6702 = CARTESIAN_POINT ( 'NONE',  ( -0.05163086492314829939, -0.3630481920653117478, 0.2633859138839831915 ) ) ;
#6703 = CARTESIAN_POINT ( 'NONE',  ( 0.04134479885321683257, -0.2226258399788601239, 0.1968503936997311743 ) ) ;
#6704 = CARTESIAN_POINT ( 'NONE',  ( 0.08465188546738959541, -0.3525470998213799945, 0.2027559055107547026 ) ) ;
#6705 = B_SPLINE_SURFACE_WITH_KNOTS ( 'NONE', 3, 1, ( 
 ( #1070, #3656 ),
 ( #6481, #1111 ),
 ( #1028, #1598 ),
 ( #4946, #5685 ),
 ( #3053, #3742 ),
 ( #3786, #2257 ),
 ( #1641, #5068 ),
 ( #3096, #7619 ),
 ( #981, #4279 ),
 ( #452, #5598 ),
 ( #8278, #7752 ) ),
 .UNSPECIFIED., .F., .F., .F.,
 ( 4, 1, 1, 1, 1, 1, 1, 1, 4 ),
 ( 2, 2 ),
 ( 0.000000000000000000, 0.1127484999447974090, 0.2223440402823146644, 0.3316620420376747980, 0.4420013318519643852, 0.5582198254525508885, 0.6880030952439086800, 0.8337479609211939646, 1.000000000000000000 ),
 ( 0.000000000000000000, 1.000000000000000000 ),
 .UNSPECIFIED. ) ;
#6706 = DIRECTION ( 'NONE',  ( 0.000000000000000000, -1.000000000000000000, 0.000000000000000000 ) ) ;
#6707 = VERTEX_POINT ( 'NONE', #1832 ) ;
#6708 = ADVANCED_FACE ( 'NONE', ( #643 ), #5302, .T. ) ;
#6709 = ORIENTED_EDGE ( 'NONE', *, *, #8168, .F. ) ;
#6710 = ORIENTED_EDGE ( 'NONE', *, *, #4001, .F. ) ;
#6711 = PLANE ( 'NONE',  #7470 ) ;
#6712 = DIRECTION ( 'NONE',  ( -1.611116917564282698E-15, -0.9969173337331278528, 0.07845909572784610930 ) ) ;
#6713 = ORIENTED_EDGE ( 'NONE', *, *, #4745, .T. ) ;
#6714 = CARTESIAN_POINT ( 'NONE',  ( 0.2381951925540042314, -0.1242006431284664036, 0.4921259842509122517 ) ) ;
#6715 = CARTESIAN_POINT ( 'NONE',  ( 0.1259904681456869013, -0.2226258399788601239, -1.056269026750287463E-12 ) ) ;
#6716 = CARTESIAN_POINT ( 'NONE',  ( 0.04134479885321683951, -0.2226258399788601239, 0.007874015746975226299 ) ) ;
#6717 = ORIENTED_EDGE ( 'NONE', *, *, #6207, .T. ) ;
#6718 = EDGE_CURVE ( 'NONE', #7026, #3924, #7090, .T. ) ;
#6719 = EDGE_CURVE ( 'NONE', #3994, #1151, #3161, .T. ) ;
#6720 = AXIS2_PLACEMENT_3D ( 'NONE', #6813, #6905, #6143 ) ;
#6721 = ORIENTED_EDGE ( 'NONE', *, *, #7901, .F. ) ;
#6722 = CARTESIAN_POINT ( 'NONE',  ( 0.04828957103253063432, -0.4391612730497261863, 0.5878033272148881494 ) ) ;
#6723 = DIRECTION ( 'NONE',  ( -0.000000000000000000, -0.000000000000000000, -1.000000000000000000 ) ) ;
#6724 = DIRECTION ( 'NONE',  ( 0.000000000000000000, 0.000000000000000000, 1.000000000000000000 ) ) ;
#6725 =( LENGTH_UNIT ( ) NAMED_UNIT ( * ) SI_UNIT ( $, .METRE. ) );
#6726 = VECTOR ( 'NONE', #2526, 39.37007874015748143 ) ;
#6727 = ORIENTED_EDGE ( 'NONE', *, *, #4555, .T. ) ;
#6728 = DIRECTION ( 'NONE',  ( -9.637352644315594010E-17, 1.000000000000000000, 0.000000000000000000 ) ) ;
#6729 = ORIENTED_EDGE ( 'NONE', *, *, #2515, .F. ) ;
#6730 = ORIENTED_EDGE ( 'NONE', *, *, #5423, .T. ) ;
#6731 = CARTESIAN_POINT ( 'NONE',  ( 0.1811085783807760141, -0.2334526116324033562, 0.4409448818887066190 ) ) ;
#6732 = AXIS2_PLACEMENT_3D ( 'NONE', #8224, #4305, #4887 ) ;
#6733 = DIRECTION ( 'NONE',  ( 0.000000000000000000, -1.000000000000000000, 0.000000000000000000 ) ) ;
#6734 = PLANE ( 'NONE',  #8494 ) ;
#6735 = DIRECTION ( 'NONE',  ( 0.000000000000000000, 0.000000000000000000, 1.000000000000000000 ) ) ;
#6736 = CARTESIAN_POINT ( 'NONE',  ( 0.1347691113148997699, -0.3795698433511512926, 0.2604591342078425020 ) ) ;
#6737 = EDGE_CURVE ( 'NONE', #3935, #4875, #6800, .T. ) ;
#6738 = EDGE_CURVE ( 'NONE', #8491, #3223, #4414, .T. ) ;
#6739 = VECTOR ( 'NONE', #4787, 39.37007874015748143 ) ;
#6740 = ORIENTED_EDGE ( 'NONE', *, *, #8132, .F. ) ;
#6741 = CARTESIAN_POINT ( 'NONE',  ( 0.1354420843428742471, -0.3888103046492145665, 0.2821448874185099598 ) ) ;
#6742 = CARTESIAN_POINT ( 'NONE',  ( -0.06495441374520820321, -0.2334526116324034117, 0.6574803149595729312 ) ) ;
#6743 = ORIENTED_EDGE ( 'NONE', *, *, #3519, .F. ) ;
#6744 = CARTESIAN_POINT ( 'NONE',  ( -0.04442897410153092558, -0.2240283915598624831, 0.4423046569051784505 ) ) ;
#6745 = CARTESIAN_POINT ( 'NONE',  ( -0.05275248663643912483, -0.3887361367105673926, 0.2821780424439169210 ) ) ;
#6746 = CIRCLE ( 'NONE', #4066, 0.01195235584591409009 ) ;
#6747 = CARTESIAN_POINT ( 'NONE',  ( -0.1476315790995390842, -0.2177045801363404198, 0.7007874015737463047 ) ) ;
#6748 = ADVANCED_FACE ( 'NONE', ( #7286, #6092 ), #5396, .T. ) ;
#6749 = CARTESIAN_POINT ( 'NONE',  ( 0.04134479885321702686, -0.2424763845049650313, 0.5853806313896170455 ) ) ;
#6750 = PLANE ( 'NONE',  #710 ) ;
#6751 = VECTOR ( 'NONE', #1282, 39.37007874015748143 ) ;
#6752 = VERTEX_POINT ( 'NONE', #3360 ) ;
#6753 = VERTEX_POINT ( 'NONE', #2048 ) ;
#6754 = CARTESIAN_POINT ( 'NONE',  ( 0.04134479885321701298, -0.2386262973325883052, 0.6343006272539554180 ) ) ;
#6755 = VERTEX_POINT ( 'NONE', #1385 ) ;
#6756 = FACE_OUTER_BOUND ( 'NONE', #4184, .T. ) ;
#6757 = FACE_OUTER_BOUND ( 'NONE', #6460, .T. ) ;
#6758 = ORIENTED_EDGE ( 'NONE', *, *, #3289, .T. ) ;
#6759 = CARTESIAN_POINT ( 'NONE',  ( 0.08662038940439793777, -0.4391612730497262418, 0.7283464566918570471 ) ) ;
#6760 = VECTOR ( 'NONE', #3383, 39.37007874015748143 ) ;
#6761 = VECTOR ( 'NONE', #756, 39.37007874015748143 ) ;
#6762 = DIRECTION ( 'NONE',  ( 0.000000000000000000, 0.000000000000000000, -1.000000000000000000 ) ) ;
#6763 = ADVANCED_FACE ( 'NONE', ( #6138 ), #5438, .T. ) ;
#6764 = CARTESIAN_POINT ( 'NONE',  ( 0.2381951925540042869, -0.2344368636009073192, 0.5090551181091799160 ) ) ;
#6765 = CARTESIAN_POINT ( 'NONE',  ( 0.05029562203062863668, -0.4352242651757109448, 0.5844440503952145205 ) ) ;
#6766 = VERTEX_POINT ( 'NONE', #4696 ) ;
#6767 = AXIS2_PLACEMENT_3D ( 'NONE', #387, #7557, #7682 ) ;
#6768 = AXIS2_PLACEMENT_3D ( 'NONE', #2795, #770, #155 ) ;
#6769 = DIRECTION ( 'NONE',  ( -0.000000000000000000, -0.000000000000000000, -1.000000000000000000 ) ) ;
#6770 = ORIENTED_EDGE ( 'NONE', *, *, #465, .T. ) ;
#6771 = CARTESIAN_POINT ( 'NONE',  ( 0.1378014917666028072, -0.2519271926252495408, 0.5641081009960576820 ) ) ;
#6772 = DIRECTION ( 'NONE',  ( 1.616576338455277819E-15, 0.9969173337331279638, -0.07845909572784619257 ) ) ;
#6773 = CARTESIAN_POINT ( 'NONE',  ( -0.03964815091417157183, -0.2181886594918891475, 0.5977608905498215108 ) ) ;
#6774 = DIRECTION ( 'NONE',  ( -0.1998766917676544352, 2.250824120805589940E-19, -0.9798210592184768419 ) ) ;
#6775 = EDGE_CURVE ( 'NONE', #2616, #7313, #4827, .T. ) ;
#6776 = AXIS2_PLACEMENT_3D ( 'NONE', #8009, #8621, #3879 ) ;
#6777 = AXIS2_PLACEMENT_3D ( 'NONE', #6731, #7565, #3564 ) ;
#6778 = CARTESIAN_POINT ( 'NONE',  ( 0.03664226782137481458, -0.4352242651757103342, 0.5878100790163691691 ) ) ;
#6779 = CARTESIAN_POINT ( 'NONE',  ( 0.05292032116680974591, -0.2499892571361180815, 0.5902787606930571807 ) ) ;
#6780 = EDGE_LOOP ( 'NONE', ( #503, #3697, #6545, #7775 ) ) ;
#6781 = ORIENTED_EDGE ( 'NONE', *, *, #8647, .F. ) ;
#6782 = CARTESIAN_POINT ( 'NONE',  ( -0.1141670121704053686, -0.2334526116324034117, 0.6141732283453995578 ) ) ;
#6783 = VECTOR ( 'NONE', #2016, 39.37007874015748143 ) ;
#6784 = DIRECTION ( 'NONE',  ( -6.877516653755935973E-15, -0.9969173337331279638, 0.07845909572784580399 ) ) ;
#6785 = FACE_OUTER_BOUND ( 'NONE', #2490, .T. ) ;
#6786 = FACE_OUTER_BOUND ( 'NONE', #2721, .T. ) ;
#6787 = PLANE ( 'NONE',  #2599 ) ;
#6788 = ADVANCED_FACE ( 'NONE', ( #6757 ), #683, .F. ) ;
#6789 = EDGE_LOOP ( 'NONE', ( #4192, #1905, #3335, #71 ) ) ;
#6790 = DIRECTION ( 'NONE',  ( 3.942553354492754871E-16, 0.000000000000000000, -1.000000000000000000 ) ) ;
#6791 = DIRECTION ( 'NONE',  ( -1.000000000000000000, -9.117121629785411522E-17, 9.282927046011350088E-49 ) ) ;
#6792 = ORIENTED_EDGE ( 'NONE', *, *, #95, .F. ) ;
#6793 = EDGE_CURVE ( 'NONE', #816, #1342, #3848, .T. ) ;
#6794 = CARTESIAN_POINT ( 'NONE',  ( -0.04532383977197207425, -0.2342578897775187963, 0.4139664302525266071 ) ) ;
#6795 = ADVANCED_FACE ( 'NONE', ( #6900 ), #818, .F. ) ;
#6796 = VECTOR ( 'NONE', #7030, 39.37007874015748143 ) ;
#6797 = FACE_OUTER_BOUND ( 'NONE', #7966, .T. ) ;
#6798 = CARTESIAN_POINT ( 'NONE',  ( -0.08267094917827930156, -0.2177045801363403921, 0.4881889763768958446 ) ) ;
#6799 = CARTESIAN_POINT ( 'NONE',  ( -0.1003874846113502334, -0.3988069423410648406, 0.7283464566918570471 ) ) ;
#6800 = CIRCLE ( 'NONE', #1460, 0.07086614173228347746 ) ;
#6801 = DIRECTION ( 'NONE',  ( -0.9707440373050559845, 0.000000000000000000, 0.2401166675528378369 ) ) ;
#6802 = ORIENTED_EDGE ( 'NONE', *, *, #3042, .T. ) ;
#6803 = VERTEX_POINT ( 'NONE', #4331 ) ;
#6804 = LINE ( 'NONE', #1475, #576 ) ;
#6805 = ORIENTED_EDGE ( 'NONE', *, *, #504, .F. ) ;
#6806 = DIRECTION ( 'NONE',  ( 0.000000000000000000, 0.000000000000000000, -1.000000000000000000 ) ) ;
#6807 = EDGE_CURVE ( 'NONE', #6504, #52, #995, .T. ) ;
#6808 = DIRECTION ( 'NONE',  ( 1.000000000000000000, 9.117121629785412755E-17, -9.282927046011350088E-49 ) ) ;
#6809 = ORIENTED_EDGE ( 'NONE', *, *, #6639, .F. ) ;
#6810 = CARTESIAN_POINT ( 'NONE',  ( -0.1712536263436331696, -0.5728226903725609498, 0.6574803149595732643 ) ) ;
#6811 = AXIS2_PLACEMENT_3D ( 'NONE', #7944, #7167, #472 ) ;
#6812 = CARTESIAN_POINT ( 'NONE',  ( 0.01181723979809860478, -0.4352242651757104452, 0.5984251968493373708 ) ) ;
#6813 = CARTESIAN_POINT ( 'NONE',  ( 0.04134479885321661052, -0.5730195407662621587, 0.7598425196839831974 ) ) ;
#6814 = CARTESIAN_POINT ( 'NONE',  ( -0.1476315790995390842, -0.2334526116324034117, 0.7244094488178406399 ) ) ;
#6815 = VERTEX_POINT ( 'NONE', #3670 ) ;
#6816 = AXIS2_PLACEMENT_3D ( 'NONE', #6845, #8104, #7449 ) ;
#6817 = EDGE_CURVE ( 'NONE', #5823, #4288, #5735, .T. ) ;
#6818 = FACE_OUTER_BOUND ( 'NONE', #2426, .T. ) ;
#6819 = ORIENTED_EDGE ( 'NONE', *, *, #5828, .T. ) ;
#6820 = CARTESIAN_POINT ( 'NONE',  ( -0.1003874846113504415, -1.445962891180035736, 0.7283464566918568250 ) ) ;
#6821 = DIRECTION ( 'NONE',  ( -1.000000000000000000, 1.780630495920155818E-30, -1.188039047428046292E-45 ) ) ;
#6822 = CARTESIAN_POINT ( 'NONE',  ( -0.1515685869735546865, -0.2177045801363404198, 0.6141732283453998908 ) ) ;
#6823 = LINE ( 'NONE', #2725, #6783 ) ;
#6824 = CIRCLE ( 'NONE', #5963, 0.08622047244094488416 ) ;
#6825 = CYLINDRICAL_SURFACE ( 'NONE', #8404, 0.01574803149606293640 ) ;
#6826 = CARTESIAN_POINT ( 'NONE',  ( -0.09645047673733432581, -0.3997911943095688314, 0.3562992125973689084 ) ) ;
#6827 = ORIENTED_EDGE ( 'NONE', *, *, #7827, .F. ) ;
#6828 = ORIENTED_EDGE ( 'NONE', *, *, #5278, .T. ) ;
#6829 = EDGE_CURVE ( 'NONE', #1989, #2465, #952, .T. ) ;
#6830 = CARTESIAN_POINT ( 'NONE',  ( 0.1009597722513977808, -0.2910716424645103939, 0.2165354330698099627 ) ) ;
#6831 = VECTOR ( 'NONE', #1375, 39.37007874015748143 ) ;
#6832 = DIRECTION ( 'NONE',  ( 0.000000000000000000, -0.9969173337331277418, 0.07845909572784834363 ) ) ;
#6833 = DIRECTION ( 'NONE',  ( 0.000000000000000000, -0.07845909572784424968, -0.9969173337331279638 ) ) ;
#6834 = PLANE ( 'NONE',  #5372 ) ;
#6835 = FACE_OUTER_BOUND ( 'NONE', #7002, .T. ) ;
#6836 = VECTOR ( 'NONE', #311, 39.37007874015748143 ) ;
#6837 = ORIENTED_EDGE ( 'NONE', *, *, #5953, .F. ) ;
#6838 = CARTESIAN_POINT ( 'NONE',  ( -0.1013717365798540299, -0.3879801706875215528, 0.3562992125973689084 ) ) ;
#6839 = EDGE_CURVE ( 'NONE', #7624, #193, #1040, .T. ) ;
#6840 = CARTESIAN_POINT ( 'NONE',  ( 0.1653605468847131055, -0.2334526116324034117, 0.6122047244083919093 ) ) ;
#6841 = ADVANCED_FACE ( 'NONE', ( #2348, #1741, #5038 ), #7715, .F. ) ;
#6842 = SURFACE_STYLE_FILL_AREA ( #6222 ) ;
#6843 = ORIENTED_EDGE ( 'NONE', *, *, #3078, .T. ) ;
#6844 = CARTESIAN_POINT ( 'NONE',  ( -0.1555055948475706495, -0.2344368636009073192, 0.6141732283454004460 ) ) ;
#6845 = CARTESIAN_POINT ( 'NONE',  ( 0.02376959564401356917, -0.2386262973325882775, 0.6343006272539554180 ) ) ;
#6846 = CARTESIAN_POINT ( 'NONE',  ( -0.1555055948475706495, -0.2167203281678364568, 0.1181102362194161454 ) ) ;
#6847 = LINE ( 'NONE', #6799, #6316 ) ;
#6848 = EDGE_CURVE ( 'NONE', #2224, #8598, #864, .T. ) ;
#6849 = CARTESIAN_POINT ( 'NONE',  ( 0.04134479885321683257, -0.2226258399788601239, 0.03937007873910121358 ) ) ;
#6850 = ORIENTED_EDGE ( 'NONE', *, *, #3222, .F. ) ;
#6851 = EDGE_LOOP ( 'NONE', ( #4711, #4776 ) ) ;
#6852 = PLANE ( 'NONE',  #1419 ) ;
#6853 = EDGE_LOOP ( 'NONE', ( #3238, #6503, #1299, #4159 ) ) ;
#6854 = CARTESIAN_POINT ( 'NONE',  ( 0.04134479861384275645, -0.3131770210812773736, 0.2165354330698099350 ) ) ;
#6855 = DIRECTION ( 'NONE',  ( -1.737850800384704371E-16, -1.000000000000000000, 1.448216729911410023E-17 ) ) ;
#6856 = ORIENTED_EDGE ( 'NONE', *, *, #4644, .F. ) ;
#6857 = DIRECTION ( 'NONE',  ( 1.228015396737279800E-16, 1.287490079826536708E-18, -1.000000000000000000 ) ) ;
#6858 = DIRECTION ( 'NONE',  ( -1.000000000000000000, 1.737850800384704371E-16, -3.330669073875469621E-16 ) ) ;
#6859 = EDGE_CURVE ( 'NONE', #1506, #6922, #5570, .T. ) ;
#6860 = DIRECTION ( 'NONE',  ( 7.116885096745299986E-15, 0.9969173337331279638, -0.07845909572784588726 ) ) ;
#6861 = EDGE_CURVE ( 'NONE', #4901, #52, #4912, .T. ) ;
#6862 = CARTESIAN_POINT ( 'NONE',  ( 0.1496125153886498638, -0.2226258399788601239, 0.03937007873910121358 ) ) ;
#6863 = EDGE_LOOP ( 'NONE', ( #1897, #4825, #6265, #3966 ) ) ;
#6864 = ORIENTED_EDGE ( 'NONE', *, *, #4430, .T. ) ;
#6865 = CARTESIAN_POINT ( 'NONE',  ( 0.04134479885321681175, -0.3751848950969702279, 0.3933151221598379377 ) ) ;
#6866 = CARTESIAN_POINT ( 'NONE',  ( -0.1436945712255233154, -0.2462478872229545701, 0.6141732283454004460 ) ) ;
#6867 = LINE ( 'NONE', #1447, #3379 ) ;
#6868 = CARTESIAN_POINT ( 'NONE',  ( -0.1141670121704051050, -0.2334526116324034117, 0.6141732283453998908 ) ) ;
#6869 = B_SPLINE_CURVE_WITH_KNOTS ( 'NONE', 3,
 ( #8005, #7833, #1231, #572, #3260, #8656, #5858, #7921, #8539, #5982, #3218, #3877, #4675, #4627, #1196, #1976, #4503 ),
 .UNSPECIFIED., .F., .F.,
 ( 4, 2, 2, 2, 2, 1, 2, 2, 4 ),
 ( 0.000000000000000000, 0.1249999999999983624, 0.2499999999999967248, 0.3749999999999951150, 0.4999999999999934497, 0.6249999999999917843, 0.6874999999999950040, 0.7499999999999981126, 1.000000000000000000 ),
 .UNSPECIFIED. ) ;
#6870 = LINE ( 'NONE', #1538, #7984 ) ;
#6871 = EDGE_CURVE ( 'NONE', #257, #1973, #8289, .T. ) ;
#6872 = CARTESIAN_POINT ( 'NONE',  ( 0.05233219495995350412, -0.4371927691127183713, 0.5852881671030556454 ) ) ;
#6873 = EDGE_LOOP ( 'NONE', ( #7479, #5489, #8607, #1173, #5930, #7249 ) ) ;
#6874 = VERTEX_POINT ( 'NONE', #2608 ) ;
#6875 = CARTESIAN_POINT ( 'NONE',  ( -0.005899295634972235962, -0.3909329265930334141, 0.4594488188965814013 ) ) ;
#6876 = CARTESIAN_POINT ( 'NONE',  ( 0.04134479885321683257, -0.2226258399788601239, 0.2086614173217784252 ) ) ;
#6877 = FACE_OUTER_BOUND ( 'NONE', #1636, .T. ) ;
#6878 = CARTESIAN_POINT ( 'NONE',  ( 0.01772275160912214348, -0.5730195407662619367, 0.7362204724398888622 ) ) ;
#6879 = DIRECTION ( 'NONE',  ( -1.411854421747038033E-17, -7.425991029036739954E-17, 1.000000000000000000 ) ) ;
#6880 = EDGE_CURVE ( 'NONE', #7346, #2181, #5954, .T. ) ;
#6881 = ORIENTED_EDGE ( 'NONE', *, *, #719, .T. ) ;
#6882 = CARTESIAN_POINT ( 'NONE',  ( 0.1555180271996734476, -0.3446730840733485124, 0.1909448818887074517 ) ) ;
#6883 = AXIS2_PLACEMENT_3D ( 'NONE', #7976, #7895, #8023 ) ;
#6884 = DIRECTION ( 'NONE',  ( 1.000000000000000000, 0.000000000000000000, 0.000000000000000000 ) ) ;
#6885 = FACE_OUTER_BOUND ( 'NONE', #5169, .T. ) ;
#6886 = ORIENTED_EDGE ( 'NONE', *, *, #2109, .T. ) ;
#6887 = PLANE ( 'NONE',  #4813 ) ;
#6888 = CARTESIAN_POINT ( 'NONE',  ( 0.04355765701157205544, -0.4352242651757104452, 0.5501387521861702545 ) ) ;
#6889 = DIRECTION ( 'NONE',  ( 0.000000000000000000, 0.000000000000000000, 1.000000000000000000 ) ) ;
#6890 =( BOUNDED_CURVE ( )  B_SPLINE_CURVE ( 3, ( #3682, #4925, #3638, #6378 ),
 .UNSPECIFIED., .F., .T. ) 
 B_SPLINE_CURVE_WITH_KNOTS ( ( 4, 4 ),
 ( 6.942281208919283290E-18, 6.264337592126281739E-05 ),
 .UNSPECIFIED. ) 
 CURVE ( )  GEOMETRIC_REPRESENTATION_ITEM ( )  RATIONAL_B_SPLINE_CURVE ( ( 0.5075380241980667062, 0.5059135448119994605, 0.5045516275914033733, 0.5034522725362784445 ) ) 
 REPRESENTATION_ITEM ( '' )  );
#6891 = VECTOR ( 'NONE', #1316, 39.37007874015748143 ) ;
#6892 = ADVANCED_FACE ( 'NONE', ( #3272 ), #5940, .F. ) ;
#6893 = DIRECTION ( 'NONE',  ( -1.000000000000000000, 8.326466644448251751E-16, -6.553071367363527808E-17 ) ) ;
#6894 = DIRECTION ( 'NONE',  ( 0.000000000000000000, 1.000000000000000000, 0.000000000000000000 ) ) ;
#6895 = ORIENTED_EDGE ( 'NONE', *, *, #7668, .T. ) ;
#6896 = CARTESIAN_POINT ( 'NONE',  ( 0.1273957872139563907, -0.2311701621704498888, 0.4325447551727851225 ) ) ;
#6897 = VECTOR ( 'NONE', #2540, 39.37007874015748143 ) ;
#6898 = ORIENTED_EDGE ( 'NONE', *, *, #6579, .T. ) ;
#6899 = DIRECTION ( 'NONE',  ( -0.000000000000000000, -0.000000000000000000, -1.000000000000000000 ) ) ;
#6900 = FACE_OUTER_BOUND ( 'NONE', #5709, .T. ) ;
#6901 = ORIENTED_EDGE ( 'NONE', *, *, #6450, .F. ) ;
#6902 = DIRECTION ( 'NONE',  ( 0.000000000000000000, 1.000000000000000000, 0.000000000000000000 ) ) ;
#6903 = CARTESIAN_POINT ( 'NONE',  ( 0.04735112814018097721, -0.4391612730497262418, 0.5894575678029682075 ) ) ;
#6904 = AXIS2_PLACEMENT_3D ( 'NONE', #947, #3622, #6364 ) ;
#6905 = DIRECTION ( 'NONE',  ( 3.330669073875469621E-16, -1.448216729911419884E-17, -1.000000000000000000 ) ) ;
#6906 = DIRECTION ( 'NONE',  ( 0.000000000000000000, -1.000000000000000000, 0.000000000000000000 ) ) ;
#6907 = ORIENTED_EDGE ( 'NONE', *, *, #3807, .F. ) ;
#6908 = VECTOR ( 'NONE', #1910, 39.37007874015748143 ) ;
#6909 = CARTESIAN_POINT ( 'NONE',  ( 0.04753054907193950823, -0.4391612730497262418, 0.5730533683279025459 ) ) ;
#6910 = ORIENTED_EDGE ( 'NONE', *, *, #6689, .F. ) ;
#6911 = AXIS2_PLACEMENT_3D ( 'NONE', #6961, #4302, #962 ) ;
#6912 = EDGE_CURVE ( 'NONE', #7830, #3955, #2079, .T. ) ;
#6913 = PLANE ( 'NONE',  #2973 ) ;
#6914 = EDGE_CURVE ( 'NONE', #6194, #2767, #4146, .T. ) ;
#6915 = DIRECTION ( 'NONE',  ( -0.000000000000000000, -0.000000000000000000, -1.000000000000000000 ) ) ;
#6916 = DIRECTION ( 'NONE',  ( 1.411854421747038033E-17, 7.425991029036739954E-17, -1.000000000000000000 ) ) ;
#6917 = DIRECTION ( 'NONE',  ( 0.000000000000000000, -2.409338161078899674E-16, 1.000000000000000000 ) ) ;
#6918 = ORIENTED_EDGE ( 'NONE', *, *, #937, .T. ) ;
#6919 = CARTESIAN_POINT ( 'NONE',  ( -0.003930791697964271768, -0.3604211155694113100, 0.1181102362194161731 ) ) ;
#6920 = AXIS2_PLACEMENT_3D ( 'NONE', #8547, #8015, #5864 ) ;
#6921 = ORIENTED_EDGE ( 'NONE', *, *, #6775, .F. ) ;
#6922 = VERTEX_POINT ( 'NONE', #1374 ) ;
#6923 = CARTESIAN_POINT ( 'NONE',  ( 0.03096525580051573412, -0.4391612730497710393, 0.5861031635879353496 ) ) ;
#6924 = CARTESIAN_POINT ( 'NONE',  ( 0.1273423322148805048, -0.2228015758019491477, 0.4344964195876565016 ) ) ;
#6925 = ADVANCED_FACE ( 'NONE', ( #4051 ), #3398, .T. ) ;
#6926 = CIRCLE ( 'NONE', #2840, 0.007874015748031449116 ) ;
#6927 = DIRECTION ( 'NONE',  ( 0.000000000000000000, 1.000000000000000000, 0.000000000000000000 ) ) ;
#6928 = DIRECTION ( 'NONE',  ( 0.7239618166986740988, 0.6898400452005923889, 7.885106708985485336E-17 ) ) ;
#6929 = CARTESIAN_POINT ( 'NONE',  ( 0.04134479885321684645, -0.2226258399788601239, 0.03937007873910121358 ) ) ;
#6930 = B_SPLINE_CURVE_WITH_KNOTS ( 'NONE', 3,
 ( #4293, #1212, #1948, #4642, #4566, #2486, #7371, #5338, #1292, #2571, #5174 ),
 .UNSPECIFIED., .F., .F.,
 ( 4, 1, 1, 1, 1, 1, 1, 1, 4 ),
 ( 0.000000000000000000, 1.582486509207891795E-05, 2.899085568291583201E-05, 3.985840260823640560E-05, 4.972193557321914363E-05, 6.012101146731801027E-05, 7.203366802171370345E-05, 8.647055059340224149E-05, 0.0001035231765701406478 ),
 .UNSPECIFIED. ) ;
#6931 = VERTEX_POINT ( 'NONE', #2745 ) ;
#6932 = AXIS2_PLACEMENT_3D ( 'NONE', #5324, #2560, #2027 ) ;
#6933 = ORIENTED_EDGE ( 'NONE', *, *, #6120, .T. ) ;
#6934 = DIRECTION ( 'NONE',  ( 0.000000000000000000, 1.000000000000000000, 0.000000000000000000 ) ) ;
#6935 = DIRECTION ( 'NONE',  ( -0.000000000000000000, -0.000000000000000000, -1.000000000000000000 ) ) ;
#6936 = ORIENTED_EDGE ( 'NONE', *, *, #6871, .F. ) ;
#6937 = CARTESIAN_POINT ( 'NONE',  ( -0.04554751220027796615, -0.2301781404632396444, 0.4037708164999236349 ) ) ;
#6938 = ADVANCED_FACE ( 'NONE', ( #8147 ), #1750, .T. ) ;
#6939 = CARTESIAN_POINT ( 'NONE',  ( 0.2231234417024574868, -0.2311701621704500831, 0.4325447551727850115 ) ) ;
#6940 = DIRECTION ( 'NONE',  ( 1.411854421747038033E-17, 7.425991029036739954E-17, -1.000000000000000000 ) ) ;
#6941 = PRESENTATION_LAYER_ASSIGNMENT (  '', '', ( #2989 ) ) ;
#6942 = CARTESIAN_POINT ( 'NONE',  ( 0.04134479885321710319, -0.2417072544108906929, 0.6453324693895174935 ) ) ;
#6943 = CARTESIAN_POINT ( 'NONE',  ( 0.1988251138138467655, -0.2167203281678364568, 0.1909448818887074795 ) ) ;
#6944 = ORIENTED_EDGE ( 'NONE', *, *, #833, .F. ) ;
#6945 = CARTESIAN_POINT ( 'NONE',  ( 0.04134479885321683257, -0.2226258399788601239, 0.2027559055107547858 ) ) ;
#6946 = VECTOR ( 'NONE', #7418, 39.37007874015748143 ) ;
#6947 = ORIENTED_EDGE ( 'NONE', *, *, #8292, .T. ) ;
#6948 = PLANE ( 'NONE',  #857 ) ;
#6949 = EDGE_CURVE ( 'NONE', #1396, #8062, #2734, .T. ) ;
#6950 = DIRECTION ( 'NONE',  ( 1.000000000000000000, 1.084202172485504280E-17, 0.000000000000000000 ) ) ;
#6951 = LINE ( 'NONE', #6325, #7632 ) ;
#6952 = AXIS2_PLACEMENT_3D ( 'NONE', #2713, #5400, #5611 ) ;
#6953 = DIRECTION ( 'NONE',  ( 1.000000000000000000, 0.000000000000000000, 0.000000000000000000 ) ) ;
#6954 = CARTESIAN_POINT ( 'NONE',  ( -0.1397575633515073801, -0.2098305643883089100, 0.7204724409438251209 ) ) ;
#6955 = ORIENTED_EDGE ( 'NONE', *, *, #1146, .F. ) ;
#6956 = VECTOR ( 'NONE', #5096, 39.37007874015748143 ) ;
#6957 = CARTESIAN_POINT ( 'NONE',  ( 0.1086164433147963626, -0.2443137815742076890, 0.6623925151578433645 ) ) ;
#6958 = EDGE_CURVE ( 'NONE', #2765, #6665, #8668, .T. ) ;
#6959 = EDGE_LOOP ( 'NONE', ( #3269, #1670, #4072, #1797 ) ) ;
#6960 = DIRECTION ( 'NONE',  ( 9.117121629785411522E-17, -1.000000000000000000, -1.882801286680184389E-17 ) ) ;
#6961 = CARTESIAN_POINT ( 'NONE',  ( -0.07676543736725569000, -0.3879801706875215528, 0.1889763779516996645 ) ) ;
#6962 = CARTESIAN_POINT ( 'NONE',  ( -0.003930791697964271768, -0.3997911943095688314, 0.1909448818887074795 ) ) ;
#6963 =( NAMED_UNIT ( * ) SI_UNIT ( $, .STERADIAN. ) SOLID_ANGLE_UNIT ( ) );
#6964 = VECTOR ( 'NONE', #8137, 39.37007874015748143 ) ;
#6965 = LINE ( 'NONE', #6254, #6594 ) ;
#6966 = EDGE_CURVE ( 'NONE', #4694, #5763, #4101, .T. ) ;
#6967 = ORIENTED_EDGE ( 'NONE', *, *, #5997, .F. ) ;
#6968 = CARTESIAN_POINT ( 'NONE',  ( 0.03664226782137481458, -0.4352242651757104452, 0.5878100790163691691 ) ) ;
#6969 = PLANE ( 'NONE',  #3809 ) ;
#6970 = VECTOR ( 'NONE', #438, 39.37007874015748143 ) ;
#6971 = LINE ( 'NONE', #2249, #6259 ) ;
#6972 = DIRECTION ( 'NONE',  ( 1.000000000000000000, 0.000000000000000000, 0.000000000000000000 ) ) ;
#6973 = LINE ( 'NONE', #8396, #2326 ) ;
#6974 = ADVANCED_FACE ( 'NONE', ( #6797 ), #761, .F. ) ;
#6975 = VERTEX_POINT ( 'NONE', #101 ) ;
#6976 = AXIS2_PLACEMENT_3D ( 'NONE', #4126, #6821, #2908 ) ;
#6977 = VERTEX_POINT ( 'NONE', #6659 ) ;
#6978 = ORIENTED_EDGE ( 'NONE', *, *, #6058, .T. ) ;
#6979 = DIRECTION ( 'NONE',  ( 0.000000000000000000, -1.000000000000000000, 0.000000000000000000 ) ) ;
#6980 = CARTESIAN_POINT ( 'NONE',  ( -0.09645047673733456173, -0.2344368636009073747, 0.1909448818887075350 ) ) ;
#6981 = CARTESIAN_POINT ( 'NONE',  ( 0.1594550350736892996, -0.3210510368292537886, 0.1889763779516996645 ) ) ;
#6982 = AXIS2_PLACEMENT_3D ( 'NONE', #1411, #754, #3435 ) ;
#6983 = DIRECTION ( 'NONE',  ( -1.000000000000000000, -1.084202172485504280E-17, -0.000000000000000000 ) ) ;
#6984 = EDGE_CURVE ( 'NONE', #2403, #3924, #632, .T. ) ;
#6985 = DIRECTION ( 'NONE',  ( -1.000000000000000000, 0.000000000000000000, 0.000000000000000000 ) ) ;
#6986 = ORIENTED_EDGE ( 'NONE', *, *, #2900, .T. ) ;
#6987 = DIRECTION ( 'NONE',  ( 2.823629956698363985E-15, 0.07845909572785313146, 0.9969173337331272977 ) ) ;
#6988 = ORIENTED_EDGE ( 'NONE', *, *, #5480, .T. ) ;
#6989 = LINE ( 'NONE', #6495, #5770 ) ;
#6990 = FACE_OUTER_BOUND ( 'NONE', #4477, .T. ) ;
#6991 = CARTESIAN_POINT ( 'NONE',  ( 0.02165975948313783248, -0.1249292841513667540, 2.078958154626092902 ) ) ;
#6992 = EDGE_CURVE ( 'NONE', #6352, #2993, #7644, .T. ) ;
#6993 = EDGE_LOOP ( 'NONE', ( #1452, #1674 ) ) ;
#6994 = ORIENTED_EDGE ( 'NONE', *, *, #8257, .T. ) ;
#6995 = ORIENTED_EDGE ( 'NONE', *, *, #7434, .F. ) ;
#6996 = DIRECTION ( 'NONE',  ( -1.228015396737279800E-16, -1.287490079826536515E-18, 1.000000000000000000 ) ) ;
#6997 = CARTESIAN_POINT ( 'NONE',  ( 0.04134479885321665910, -0.5730195407662619367, 0.7519685039359512713 ) ) ;
#6998 = CARTESIAN_POINT ( 'NONE',  ( 0.1279589720815632325, -0.2226258399788601239, 0.1909448818887074795 ) ) ;
#6999 = DIRECTION ( 'NONE',  ( 0.2981483008390543032, 0.000000000000000000, -0.9545195601488660753 ) ) ;
#7000 = EDGE_CURVE ( 'NONE', #6560, #6612, #8593, .T. ) ;
#7001 = CARTESIAN_POINT ( 'NONE',  ( 0.1813515671878479230, -0.2177045801363403921, 0.4409448818887066190 ) ) ;
#7002 = EDGE_LOOP ( 'NONE', ( #4561, #3002, #7595, #3168, #2583, #5917 ) ) ;
#7003 = CARTESIAN_POINT ( 'NONE',  ( 0.03505264232792779100, -0.4391612730497263528, 0.5856526240141930462 ) ) ;
#7004 = CARTESIAN_POINT ( 'NONE',  ( 0.1280134374784070717, -0.2266984433164469515, 0.4110462389936238026 ) ) ;
#7005 = CARTESIAN_POINT ( 'NONE',  ( 0.02165975948313834595, -0.2410974499539380034, 0.6029016561127545915 ) ) ;
#7006 = CARTESIAN_POINT ( 'NONE',  ( 0.04134479885321683257, -0.2226258399788601239, 0.2165354330698099350 ) ) ;
#7007 = CARTESIAN_POINT ( 'NONE',  ( -0.05617051396969114513, -0.2255785958843719852, 0.6419004044324521097 ) ) ;
#7008 = ORIENTED_EDGE ( 'NONE', *, *, #4577, .F. ) ;
#7009 = ORIENTED_EDGE ( 'NONE', *, *, #8257, .F. ) ;
#7010 = ORIENTED_EDGE ( 'NONE', *, *, #3064, .F. ) ;
#7011 = DIRECTION ( 'NONE',  ( -1.737850800384704371E-16, -1.000000000000000000, 1.448216729911410023E-17 ) ) ;
#7012 = VECTOR ( 'NONE', #2200, 39.37007874015748854 ) ;
#7013 = FACE_OUTER_BOUND ( 'NONE', #6093, .T. ) ;
#7014 = VERTEX_POINT ( 'NONE', #943 ) ;
#7015 = PLANE ( 'NONE',  #7068 ) ;
#7016 = DIRECTION ( 'NONE',  ( 0.000000000000000000, 0.000000000000000000, -1.000000000000000000 ) ) ;
#7017 = DIMENSIONAL_EXPONENTS ( 1.000000000000000000, 0.000000000000000000, 0.000000000000000000, 0.000000000000000000, 0.000000000000000000, 0.000000000000000000, 0.000000000000000000 ) ;
#7018 = EDGE_CURVE ( 'NONE', #2482, #7584, #8368, .T. ) ;
#7019 = LINE ( 'NONE', #8242, #6410 ) ;
#7020 = EDGE_CURVE ( 'NONE', #8641, #6367, #8209, .T. ) ;
#7021 = VECTOR ( 'NONE', #6131, 39.37007874015748143 ) ;
#7022 = DIRECTION ( 'NONE',  ( -1.737850800384706343E-16, -1.000000000000000000, 6.231570711506253061E-16 ) ) ;
#7023 = CARTESIAN_POINT ( 'NONE',  ( 0.1279589720815632881, -0.2226258399788601239, 0.1909448818887074795 ) ) ;
#7024 = VERTEX_POINT ( 'NONE', #6980 ) ;
#7025 =( CONVERSION_BASED_UNIT ( 'INCH', #5781 ) LENGTH_UNIT ( ) NAMED_UNIT ( #7017 ) );
#7026 = VERTEX_POINT ( 'NONE', #4990 ) ;
#7027 = CARTESIAN_POINT ( 'NONE',  ( -0.005899295634972202135, -0.3988069423410645631, 0.4673228346446128278 ) ) ;
#7028 = VECTOR ( 'NONE', #4240, 39.37007874015748143 ) ;
#7029 = EDGE_CURVE ( 'NONE', #4788, #7687, #5956, .T. ) ;
#7030 = DIRECTION ( 'NONE',  ( 1.000000000000000000, 1.110223024625156294E-16, 1.411854421747038957E-17 ) ) ;
#7031 = LINE ( 'NONE', #1044, #1947 ) ;
#7032 = DIRECTION ( 'NONE',  ( -1.411854421747038033E-17, -7.425991029036739954E-17, 1.000000000000000000 ) ) ;
#7033 = CIRCLE ( 'NONE', #3229, 0.1181102362204724671 ) ;
#7034 = ORIENTED_EDGE ( 'NONE', *, *, #803, .T. ) ;
#7035 = CARTESIAN_POINT ( 'NONE',  ( 0.03931615360182641461, -0.2413761863713801137, 0.5993599741253115010 ) ) ;
#7036 = EDGE_LOOP ( 'NONE', ( #3698, #7671 ) ) ;
#7037 = CARTESIAN_POINT ( 'NONE',  ( 0.1281058426137372530, -0.2347443164998381238, 0.4108375663081870743 ) ) ;
#7038 = EDGE_CURVE ( 'NONE', #2616, #850, #4322, .T. ) ;
#7039 = CARTESIAN_POINT ( 'NONE',  ( 0.1594550350736892996, -0.3879801706875215528, 0.1889763779516996645 ) ) ;
#7040 = VECTOR ( 'NONE', #1563, 39.37007874015748143 ) ;
#7041 = CARTESIAN_POINT ( 'NONE',  ( -0.09645047673733458948, -0.2344368636009073192, 0.6141732283454004460 ) ) ;
#7042 = DIRECTION ( 'NONE',  ( 1.000000000000000000, -1.239088197126290570E-16, 0.000000000000000000 ) ) ;
#7043 = DIRECTION ( 'NONE',  ( -1.605724553287267758E-15, -0.9969173337331279638, 0.07845909572784619257 ) ) ;
#7044 = ORIENTED_EDGE ( 'NONE', *, *, #4527, .F. ) ;
#7045 = AXIS2_PLACEMENT_3D ( 'NONE', #1311, #654, #6593 ) ;
#7046 = LINE ( 'NONE', #5057, #875 ) ;
#7047 = CARTESIAN_POINT ( 'NONE',  ( 0.1273423322030918792, -0.2308217279397622723, 0.4342335697801883443 ) ) ;
#7048 = ADVANCED_FACE ( 'NONE', ( #5029 ), #5686, .F. ) ;
#7049 = CARTESIAN_POINT ( 'NONE',  ( 0.2086676334988864789, -0.2334526116324033562, 0.5078740157469746608 ) ) ;
#7050 = DIRECTION ( 'NONE',  ( -0.7239618166986739878, -0.6898400452005926109, 0.000000000000000000 ) ) ;
#7051 = DIRECTION ( 'NONE',  ( 0.7239618166986740988, 0.6898400452005923889, 7.885106708985485336E-17 ) ) ;
#7052 = VECTOR ( 'NONE', #738, 39.37007874015748143 ) ;
#7053 = AXIS2_PLACEMENT_3D ( 'NONE', #297, #343, #4343 ) ;
#7054 = ORIENTED_EDGE ( 'NONE', *, *, #504, .T. ) ;
#7055 = ORIENTED_EDGE ( 'NONE', *, *, #4297, .F. ) ;
#7056 = ORIENTED_EDGE ( 'NONE', *, *, #2546, .F. ) ;
#7057 = EDGE_LOOP ( 'NONE', ( #6417, #637, #2786, #6321 ) ) ;
#7058 = VECTOR ( 'NONE', #3981, 39.37007874015748143 ) ;
#7059 = VECTOR ( 'NONE', #7481, 39.37007874015748143 ) ;
#7060 = CARTESIAN_POINT ( 'NONE',  ( 0.05892000206242044985, -0.2464760401178884563, 0.6349184154092927246 ) ) ;
#7061 = ORIENTED_EDGE ( 'NONE', *, *, #1619, .F. ) ;
#7062 = DIRECTION ( 'NONE',  ( 3.571819064995270777E-16, 0.1650476058606699659, -0.9862856015372327700 ) ) ;
#7063 = PLANE ( 'NONE',  #5257 ) ;
#7064 = EDGE_CURVE ( 'NONE', #7544, #2265, #3574, .T. ) ;
#7065 = DIRECTION ( 'NONE',  ( -6.833840609453552618E-15, -0.9969173337331278528, 0.07845909572784673380 ) ) ;
#7066 = CYLINDRICAL_SURFACE ( 'NONE', #5280, 0.007874015748031449116 ) ;
#7067 = VECTOR ( 'NONE', #6972, 39.37007874015748143 ) ;
#7068 = AXIS2_PLACEMENT_3D ( 'NONE', #6312, #2961, #7062 ) ;
#7069 = CARTESIAN_POINT ( 'NONE',  ( 0.1791400744437680326, -0.04546048564815143717, 0.1909448818887074795 ) ) ;
#7070 = DIRECTION ( 'NONE',  ( 0.000000000000000000, 1.000000000000000000, -0.000000000000000000 ) ) ;
#7071 = ADVANCED_FACE ( 'NONE', ( #4367 ), #7063, .T. ) ;
#7072 = EDGE_CURVE ( 'NONE', #2444, #5475, #2926, .T. ) ;
#7073 = EDGE_LOOP ( 'NONE', ( #6995, #4316, #3158, #948 ) ) ;
#7074 = ORIENTED_EDGE ( 'NONE', *, *, #7571, .F. ) ;
#7075 = CARTESIAN_POINT ( 'NONE',  ( 0.1247261970436229633, -0.2064923724623926871, 0.5278666353227725594 ) ) ;
#7076 = DIRECTION ( 'NONE',  ( 1.228015396737279800E-16, 1.287490079826536515E-18, -1.000000000000000000 ) ) ;
#7077 =( GEOMETRIC_REPRESENTATION_CONTEXT ( 3 ) GLOBAL_UNCERTAINTY_ASSIGNED_CONTEXT ( ( #6451 ) ) GLOBAL_UNIT_ASSIGNED_CONTEXT ( ( #1312, #6684, #4032 ) ) REPRESENTATION_CONTEXT ( 'NONE', 'WORKASPACE' ) );
#7078 = DIRECTION ( 'NONE',  ( -0.9723873019805234774, 0.000000000000000000, 0.2333729524752995999 ) ) ;
#7079 = ADVANCED_FACE ( 'NONE', ( #852 ), #368, .T. ) ;
#7080 = ORIENTED_EDGE ( 'NONE', *, *, #1559, .T. ) ;
#7081 = ORIENTED_EDGE ( 'NONE', *, *, #1170, .T. ) ;
#7082 = ORIENTED_EDGE ( 'NONE', *, *, #6538, .F. ) ;
#7083 = CARTESIAN_POINT ( 'NONE',  ( -0.1476315790995390842, -0.2334526116324034117, 0.6141732283453998908 ) ) ;
#7084 = AXIS2_PLACEMENT_3D ( 'NONE', #4183, #2883, #1676 ) ;
#7085 = CARTESIAN_POINT ( 'NONE',  ( 0.03770511709468666456, -0.4391612730497262418, 0.5746937882754090676 ) ) ;
#7086 = SURFACE_STYLE_USAGE ( .BOTH. , #1707 ) ;
#7087 = CARTESIAN_POINT ( 'NONE',  ( 0.1122109405855003100, -0.2226258399788601239, 0.4327231820675714324 ) ) ;
#7088 = EDGE_CURVE ( 'NONE', #7636, #2906, #3707, .T. ) ;
#7089 = ORIENTED_EDGE ( 'NONE', *, *, #5206, .F. ) ;
#7090 = CIRCLE ( 'NONE', #907, 0.08661417322834648325 ) ;
#7091 = CARTESIAN_POINT ( 'NONE',  ( 0.03626036590053320630, -0.4391612730497263528, 0.5877971290358935397 ) ) ;
#7092 = FACE_OUTER_BOUND ( 'NONE', #6521, .T. ) ;
#7093 = LINE ( 'NONE', #5149, #2177 ) ;
#7094 = DIRECTION ( 'NONE',  ( -0.9995402628398961653, 1.548114674650393631E-16, -0.03031934962942770331 ) ) ;
#7095 = B_SPLINE_CURVE_WITH_KNOTS ( 'NONE', 3,
 ( #804, #4046, #6741, #53, #97, #2783, #5464, #2122, #5511, #3479 ),
 .UNSPECIFIED., .F., .F.,
 ( 4, 2, 2, 2, 4 ),
 ( 0.000000000000000000, 0.2500000000000000000, 0.5000000000000000000, 0.7500000000000000000, 1.000000000000000000 ),
 .UNSPECIFIED. ) ;
#7096 = AXIS2_PLACEMENT_3D ( 'NONE', #3589, #2269, #1692 ) ;
#7097 = ORIENTED_EDGE ( 'NONE', *, *, #3274, .T. ) ;
#7098 = EDGE_CURVE ( 'NONE', #6582, #4288, #7538, .T. ) ;
#7099 = ORIENTED_EDGE ( 'NONE', *, *, #2355, .F. ) ;
#7100 = VERTEX_POINT ( 'NONE', #7664 ) ;
#7101 = CARTESIAN_POINT ( 'NONE',  ( 0.04134479885321710319, -0.2461671460402203304, 0.6388432868019425781 ) ) ;
#7102 = TOROIDAL_SURFACE ( 'NONE', #354, 0.003937007874015971756, 0.007874015748031270440 ) ;
#7103 = CARTESIAN_POINT ( 'NONE',  ( 0.08465188546738959541, -0.3525470998213799945, 0.1909448818887074517 ) ) ;
#7104 = VERTEX_POINT ( 'NONE', #4234 ) ;
#7105 = CARTESIAN_POINT ( 'NONE',  ( -0.1476315790995388344, -0.2098305643883089100, 0.7204724409438251209 ) ) ;
#7106 = FACE_OUTER_BOUND ( 'NONE', #6146, .T. ) ;
#7107 = CARTESIAN_POINT ( 'NONE',  ( -0.003930791697964271768, -0.4391612730497262418, 0.1181102362194161731 ) ) ;
#7108 = DIRECTION ( 'NONE',  ( 3.388131789017221571E-16, 0.000000000000000000, -1.000000000000000000 ) ) ;
#7109 = VECTOR ( 'NONE', #8468, 39.37007874015748143 ) ;
#7110 = CARTESIAN_POINT ( 'NONE',  ( 0.04134479885321665910, -0.5730195407662619367, 0.7598425196839831974 ) ) ;
#7111 = EDGE_CURVE ( 'NONE', #2793, #7723, #3533, .T. ) ;
#7112 = CARTESIAN_POINT ( 'NONE',  ( 0.05892000206242031107, -0.2386262973325882775, 0.6343006272539554180 ) ) ;
#7113 = VERTEX_POINT ( 'NONE', #6225 ) ;
#7114 = DIRECTION ( 'NONE',  ( 0.000000000000000000, 1.000000000000000000, 0.000000000000000000 ) ) ;
#7115 = VERTEX_POINT ( 'NONE', #8241 ) ;
#7116 = CARTESIAN_POINT ( 'NONE',  ( 0.1830770823177838014, -0.3909329265930334141, 0.3700787401564238910 ) ) ;
#7117 = CIRCLE ( 'NONE', #4294, 0.008053341928726384311 ) ;
#7118 = CARTESIAN_POINT ( 'NONE',  ( 0.1279589720815632881, -0.2226258399788601239, 0.1181102362194161731 ) ) ;
#7119 = CARTESIAN_POINT ( 'NONE',  ( -0.1476315790995390842, -0.2177045801363404198, 0.7244094488178406399 ) ) ;
#7120 = CARTESIAN_POINT ( 'NONE',  ( 0.2231234417024574035, -0.2823512645326549109, 0.4325447551727850115 ) ) ;
#7121 = CARTESIAN_POINT ( 'NONE',  ( -0.07676543736725569000, -0.3210510368292537886, 0.1889763779516996645 ) ) ;
#7122 = EDGE_LOOP ( 'NONE', ( #5533, #8664, #241, #4984, #6978 ) ) ;
#7123 = ORIENTED_EDGE ( 'NONE', *, *, #8026, .F. ) ;
#7124 = ORIENTED_EDGE ( 'NONE', *, *, #3592, .F. ) ;
#7125 = ORIENTED_EDGE ( 'NONE', *, *, #1705, .F. ) ;
#7126 = LINE ( 'NONE', #8034, #25 ) ;
#7127 = EDGE_CURVE ( 'NONE', #4542, #1284, #904, .T. ) ;
#7128 = DIRECTION ( 'NONE',  ( -0.7239618166986742098, -0.6898400452005922778, -8.673617379884036705E-17 ) ) ;
#7129 = ADVANCED_FACE ( 'NONE', ( #3578 ), #7620, .F. ) ;
#7130 = LINE ( 'NONE', #8481, #6015 ) ;
#7131 = CARTESIAN_POINT ( 'NONE',  ( -0.07199601833842837750, -0.2255785958843718741, 0.6412143374550457464 ) ) ;
#7132 = ORIENTED_EDGE ( 'NONE', *, *, #6263, .F. ) ;
#7133 = CARTESIAN_POINT ( 'NONE',  ( 0.1336474896016088543, -0.3436352629230420841, 0.2672483926922179509 ) ) ;
#7134 = LINE ( 'NONE', #6554, #1418 ) ;
#7135 = CARTESIAN_POINT ( 'NONE',  ( 0.1811085783807758753, -0.2226258399788600961, 0.007874015746975241911 ) ) ;
#7136 = DIRECTION ( 'NONE',  ( 1.000000000000000000, 0.000000000000000000, 0.000000000000000000 ) ) ;
#7137 = CARTESIAN_POINT ( 'NONE',  ( 0.000000000000000000, 0.000000000000000000, 0.000000000000000000 ) ) ;
#7138 = EDGE_CURVE ( 'NONE', #5990, #8158, #7796, .T. ) ;
#7139 = VERTEX_POINT ( 'NONE', #2428 ) ;
#7140 = EDGE_LOOP ( 'NONE', ( #3700, #7201, #2531, #2322, #4197, #1129, #5298, #2605, #5019, #1434, #5866, #341, #488, #7359, #8490, #6087 ) ) ;
#7141 = ORIENTED_EDGE ( 'NONE', *, *, #1922, .F. ) ;
#7142 = VERTEX_POINT ( 'NONE', #7231 ) ;
#7143 = PLANE ( 'NONE',  #6655 ) ;
#7144 = ORIENTED_EDGE ( 'NONE', *, *, #3647, .T. ) ;
#7145 = FACE_OUTER_BOUND ( 'NONE', #8365, .T. ) ;
#7146 = DIRECTION ( 'NONE',  ( -1.716572833537972315E-33, 1.882801286680184389E-17, -1.000000000000000000 ) ) ;
#7147 = DIRECTION ( 'NONE',  ( -1.000000000000000000, -0.000000000000000000, -0.000000000000000000 ) ) ;
#7148 = CARTESIAN_POINT ( 'NONE',  ( -0.1515685869735546865, -0.2177045801363403921, 0.5078740157469746608 ) ) ;
#7149 = ADVANCED_FACE ( 'NONE', ( #1775 ), #7754, .F. ) ;
#7150 = DIRECTION ( 'NONE',  ( 0.000000000000000000, 0.9701425001453326535, 0.2425356250363300548 ) ) ;
#7151 = CARTESIAN_POINT ( 'NONE',  ( 0.03989234369136207548, -0.4391612730497262418, 0.5489938757644728939 ) ) ;
#7152 = VECTOR ( 'NONE', #6953, 39.37007874015748143 ) ;
#7153 = EDGE_LOOP ( 'NONE', ( #7447, #7490, #5279, #8362, #2507, #595, #4815, #6921, #8141 ) ) ;
#7154 = CARTESIAN_POINT ( 'NONE',  ( -0.03703689389959236022, -0.2973132464474282366, -1.056278748302134551E-12 ) ) ;
#7155 = EDGE_LOOP ( 'NONE', ( #4616, #5436, #1023, #6562 ) ) ;
#7156 = CARTESIAN_POINT ( 'NONE',  ( 0.1247261970436226164, -0.2837194602320969317, 0.5122820847260410870 ) ) ;
#7157 = CARTESIAN_POINT ( 'NONE',  ( -0.05275248663643912483, -0.3961536649112912256, 0.2788622116356063163 ) ) ;
#7158 = CARTESIAN_POINT ( 'NONE',  ( 0.02520924466658665264, -0.2494953931445894058, 0.5965538976812445604 ) ) ;
#7159 = ADVANCED_FACE ( 'NONE', ( #7106 ), #7369, .F. ) ;
#7160 = CIRCLE ( 'NONE', #404, 0.02362204724409461970 ) ;
#7161 = CYLINDRICAL_SURFACE ( 'NONE', #7356, 0.02362204724409461970 ) ;
#7162 = CARTESIAN_POINT ( 'NONE',  ( 0.01772275160912214348, -0.5730195407662619367, 0.7598425196839831974 ) ) ;
#7163 = DIRECTION ( 'NONE',  ( 0.000000000000000000, -1.000000000000000000, -2.409338161078899674E-16 ) ) ;
#7164 = EDGE_LOOP ( 'NONE', ( #2030, #8381, #3623, #2726 ) ) ;
#7165 = ORIENTED_EDGE ( 'NONE', *, *, #7507, .T. ) ;
#7166 = VECTOR ( 'NONE', #5296, 39.37007874015748143 ) ;
#7167 = DIRECTION ( 'NONE',  ( 0.000000000000000000, 1.807003620809174139E-16, -1.000000000000000000 ) ) ;
#7168 = ORIENTED_EDGE ( 'NONE', *, *, #5593, .T. ) ;
#7169 = DIRECTION ( 'NONE',  ( -1.000000000000000000, -9.117121629785412755E-17, 9.282927046011350088E-49 ) ) ;
#7170 =( CONVERSION_BASED_UNIT ( 'INCH', #4483 ) LENGTH_UNIT ( ) NAMED_UNIT ( #7674 ) );
#7171 = AXIS2_PLACEMENT_3D ( 'NONE', #2946, #8306, #2156 ) ;
#7172 = CARTESIAN_POINT ( 'NONE',  ( 0.03891172708557378429, -0.3751848950969702834, 0.3928252046673153530 ) ) ;
#7173 = FACE_OUTER_BOUND ( 'NONE', #4835, .T. ) ;
#7174 = ORIENTED_EDGE ( 'NONE', *, *, #1074, .F. ) ;
#7175 = ADVANCED_FACE ( 'NONE', ( #7268 ), #3915, .T. ) ;
#7176 = CARTESIAN_POINT ( 'NONE',  ( 0.1354420843428742194, -0.3961536649112912256, 0.2788622116356063163 ) ) ;
#7177 = AXIS2_PLACEMENT_3D ( 'NONE', #7770, #4433, #1087 ) ;
#7178 = DIRECTION ( 'NONE',  ( -1.737850800384704371E-16, -1.000000000000000000, 3.511521488730090573E-17 ) ) ;
#7179 = DIRECTION ( 'NONE',  ( -1.224646799147353207E-16, 1.000000000000000000, -1.289290469611934279E-18 ) ) ;
#7180 = CARTESIAN_POINT ( 'NONE',  ( 0.04569569846545894209, -0.2451374461241745129, 0.6519268647520387594 ) ) ;
#7181 = DIRECTION ( 'NONE',  ( 0.000000000000000000, 0.000000000000000000, 1.000000000000000000 ) ) ;
#7182 = ORIENTED_EDGE ( 'NONE', *, *, #8143, .T. ) ;
#7183 = CIRCLE ( 'NONE', #8291, 0.007874015748031499423 ) ;
#7184 = ORIENTED_EDGE ( 'NONE', *, *, #346, .F. ) ;
#7185 = EDGE_LOOP ( 'NONE', ( #1204, #2941, #5617, #4528, #3482, #8172, #7174, #1606 ) ) ;
#7186 = VERTEX_POINT ( 'NONE', #1899 ) ;
#7187 = EDGE_CURVE ( 'NONE', #7662, #7713, #3261, .T. ) ;
#7188 = EDGE_LOOP ( 'NONE', ( #8464, #7275, #4546, #5615 ) ) ;
#7189 = DIRECTION ( 'NONE',  ( -1.228015396737279800E-16, -1.287490079826536515E-18, 1.000000000000000000 ) ) ;
#7190 = AXIS2_PLACEMENT_3D ( 'NONE', #6158, #8094, #6022 ) ;
#7191 = CARTESIAN_POINT ( 'NONE',  ( -0.04506121720741187997, -0.2311701621704494725, 0.4216765303686995092 ) ) ;
#7192 = CARTESIAN_POINT ( 'NONE',  ( 0.02922830598980420344, -0.4352242651757101677, 0.5877047158497396007 ) ) ;
#7193 = AXIS2_PLACEMENT_3D ( 'NONE', #1203, #7312, #5903 ) ;
#7194 = DIRECTION ( 'NONE',  ( 1.000000000000000000, 0.000000000000000000, 0.000000000000000000 ) ) ;
#7195 = CARTESIAN_POINT ( 'NONE',  ( 0.08465188546738984521, -0.3909329265930334141, 0.7401574803139043812 ) ) ;
#7196 = DIRECTION ( 'NONE',  ( -9.117121629785411522E-17, 1.000000000000000000, 1.882801286680184389E-17 ) ) ;
#7197 = MECHANICAL_DESIGN_GEOMETRIC_PRESENTATION_REPRESENTATION (  '', ( #295 ), #5498 ) ;
#7198 = EDGE_CURVE ( 'NONE', #6111, #7115, #4420, .T. ) ;
#7199 = ORIENTED_EDGE ( 'NONE', *, *, #465, .F. ) ;
#7200 = LINE ( 'NONE', #1285, #4529 ) ;
#7201 = ORIENTED_EDGE ( 'NONE', *, *, #8562, .F. ) ;
#7202 = CARTESIAN_POINT ( 'NONE',  ( -0.09645047673733454785, -0.3997911943095688869, 0.1909448818887074795 ) ) ;
#7203 = CARTESIAN_POINT ( 'NONE',  ( 0.1791400744437680603, -0.3210510368292537886, 0.1909448818887074795 ) ) ;
#7204 = VECTOR ( 'NONE', #2736, 39.37007874015748143 ) ;
#7205 = AXIS2_PLACEMENT_3D ( 'NONE', #5466, #4182, #2785 ) ;
#7206 = DIRECTION ( 'NONE',  ( 2.073428065869401201E-14, -0.9969173337331287410, 0.07845909572783678343 ) ) ;
#7207 = DIRECTION ( 'NONE',  ( 0.000000000000000000, 0.000000000000000000, 1.000000000000000000 ) ) ;
#7208 = EDGE_LOOP ( 'NONE', ( #2003, #8448, #921, #2126 ) ) ;
#7209 = EDGE_CURVE ( 'NONE', #7104, #7284, #4461, .T. ) ;
#7210 = ORIENTED_EDGE ( 'NONE', *, *, #1259, .F. ) ;
#7211 = ORIENTED_EDGE ( 'NONE', *, *, #994, .F. ) ;
#7212 = VERTEX_POINT ( 'NONE', #3744 ) ;
#7213 = DIRECTION ( 'NONE',  ( -1.000000000000000000, 1.737850800384704371E-16, -3.330669073875469621E-16 ) ) ;
#7214 = CARTESIAN_POINT ( 'NONE',  ( -0.03773275685296913207, -0.2442865190214376647, 0.6627389187349653765 ) ) ;
#7215 = CARTESIAN_POINT ( 'NONE',  ( 0.05557457741882201874, -0.1328670572974805231, 0.2165354330698099350 ) ) ;
#7216 = CARTESIAN_POINT ( 'NONE',  ( 0.009354909362394386863, -0.3073411243369542634, 0.2165354330698099905 ) ) ;
#7217 = ORIENTED_EDGE ( 'NONE', *, *, #2467, .T. ) ;
#7218 = AXIS2_PLACEMENT_3D ( 'NONE', #7602, #1623, #298 ) ;
#7219 = CARTESIAN_POINT ( 'NONE',  ( 0.1791400744437680603, -0.2344368636009073192, 0.7283464566918570471 ) ) ;
#7220 = DIRECTION ( 'NONE',  ( 0.000000000000000000, 0.000000000000000000, 1.000000000000000000 ) ) ;
#7221 = FACE_OUTER_BOUND ( 'NONE', #4635, .T. ) ;
#7222 = ORIENTED_EDGE ( 'NONE', *, *, #6304, .F. ) ;
#7223 = EDGE_CURVE ( 'NONE', #3503, #1270, #5817, .T. ) ;
#7224 = PRESENTATION_LAYER_ASSIGNMENT (  '', '', ( #6083 ) ) ;
#7225 = ORIENTED_EDGE ( 'NONE', *, *, #7209, .T. ) ;
#7226 = VERTEX_POINT ( 'NONE', #2559 ) ;
#7227 = DIRECTION ( 'NONE',  ( 1.000000000000000000, 1.084202172485504280E-17, 0.000000000000000000 ) ) ;
#7228 = ORIENTED_EDGE ( 'NONE', *, *, #8198, .T. ) ;
#7229 = CARTESIAN_POINT ( 'NONE',  ( 0.1791400744437680326, -0.2167203281678364568, 0.6141732283454004460 ) ) ;
#7230 = VECTOR ( 'NONE', #2147, 39.37007874015748143 ) ;
#7231 = CARTESIAN_POINT ( 'NONE',  ( 0.01181723979809863427, -0.4352242651757104452, 0.5393700787391012552 ) ) ;
#7232 = DIRECTION ( 'NONE',  ( -4.336808689941915973E-15, -1.000000000000000000, 0.000000000000000000 ) ) ;
#7233 = DIRECTION ( 'NONE',  ( -1.239088197126290570E-16, -1.000000000000000000, 0.000000000000000000 ) ) ;
#7234 = EDGE_CURVE ( 'NONE', #3358, #7779, #1113, .T. ) ;
#7235 = EDGE_CURVE ( 'NONE', #3491, #8207, #408, .T. ) ;
#7236 = EDGE_LOOP ( 'NONE', ( #6653, #3613, #7416, #6289 ) ) ;
#7237 = VECTOR ( 'NONE', #1601, 39.37007874015748143 ) ;
#7238 = DIRECTION ( 'NONE',  ( 1.000000000000000000, 0.000000000000000000, 0.000000000000000000 ) ) ;
#7239 = ORIENTED_EDGE ( 'NONE', *, *, #2481, .T. ) ;
#7240 = CARTESIAN_POINT ( 'NONE',  ( -0.09645047673733435356, -0.1242006431284664453, 0.7283464566918570471 ) ) ;
#7241 = ORIENTED_EDGE ( 'NONE', *, *, #1424, .T. ) ;
#7242 = CARTESIAN_POINT ( 'NONE',  ( -0.08267094917827930156, -0.2334526116324034117, 0.6122047244083919093 ) ) ;
#7243 = CARTESIAN_POINT ( 'NONE',  ( 0.05556177173160704863, -0.4391612730497262418, 0.5894575678029682075 ) ) ;
#7244 = VECTOR ( 'NONE', #7353, 39.37007874015748143 ) ;
#7245 = EDGE_CURVE ( 'NONE', #8266, #1090, #8498, .T. ) ;
#7246 = CARTESIAN_POINT ( 'NONE',  ( -0.1259780357924523975, -0.2177045801363404198, 0.7244094488178406399 ) ) ;
#7247 = DIRECTION ( 'NONE',  ( 0.000000000000000000, 0.000000000000000000, 1.000000000000000000 ) ) ;
#7248 = ORIENTED_EDGE ( 'NONE', *, *, #4978, .F. ) ;
#7249 = ORIENTED_EDGE ( 'NONE', *, *, #2738, .F. ) ;
#7250 = CIRCLE ( 'NONE', #1485, 0.07086614173228347746 ) ;
#7251 = ORIENTED_EDGE ( 'NONE', *, *, #3468, .T. ) ;
#7252 = VERTEX_POINT ( 'NONE', #2472 ) ;
#7253 = CARTESIAN_POINT ( 'NONE',  ( -0.05070908694651916904, -0.2255785958843719574, 0.6682858367195469995 ) ) ;
#7254 = EDGE_CURVE ( 'NONE', #1005, #3736, #5070, .T. ) ;
#7255 = DIRECTION ( 'NONE',  ( -1.000000000000000000, 0.000000000000000000, 0.000000000000000000 ) ) ;
#7256 = DIRECTION ( 'NONE',  ( -0.000000000000000000, -1.000000000000000000, -0.000000000000000000 ) ) ;
#7257 = ORIENTED_EDGE ( 'NONE', *, *, #2544, .F. ) ;
#7258 = DIRECTION ( 'NONE',  ( 0.000000000000000000, 0.000000000000000000, 1.000000000000000000 ) ) ;
#7259 = LINE ( 'NONE', #2673, #7520 ) ;
#7260 = CARTESIAN_POINT ( 'NONE',  ( -0.1555055948475705385, -0.2462478872229545701, 0.7283464566918570471 ) ) ;
#7261 = APPLICATION_PROTOCOL_DEFINITION ( 'draft international standard', 'automotive_design', 1998, #4417 ) ;
#7262 = EDGE_CURVE ( 'NONE', #2551, #3091, #5244, .T. ) ;
#7263 = ORIENTED_EDGE ( 'NONE', *, *, #5869, .T. ) ;
#7264 = ORIENTED_EDGE ( 'NONE', *, *, #2420, .F. ) ;
#7265 = ORIENTED_EDGE ( 'NONE', *, *, #7295, .T. ) ;
#7266 = ORIENTED_EDGE ( 'NONE', *, *, #7696, .F. ) ;
#7267 = FACE_OUTER_BOUND ( 'NONE', #1879, .T. ) ;
#7268 = FACE_OUTER_BOUND ( 'NONE', #3279, .T. ) ;
#7269 = LINE ( 'NONE', #2688, #7475 ) ;
#7270 = CARTESIAN_POINT ( 'NONE',  ( -0.07676543736725563449, -0.2226258399788601239, 0.1181102362194161731 ) ) ;
#7271 = EDGE_LOOP ( 'NONE', ( #1012, #4871, #2462, #5177 ) ) ;
#7272 = LINE ( 'NONE', #1238, #435 ) ;
#7273 = VERTEX_POINT ( 'NONE', #1859 ) ;
#7274 = CARTESIAN_POINT ( 'NONE',  ( 0.8177353708754406814, -0.4106179659631121748, 0.7519685039359520484 ) ) ;
#7275 = ORIENTED_EDGE ( 'NONE', *, *, #7827, .T. ) ;
#7276 = EDGE_CURVE ( 'NONE', #362, #3545, #5821, .T. ) ;
#7277 = FACE_OUTER_BOUND ( 'NONE', #6330, .T. ) ;
#7278 = EDGE_CURVE ( 'NONE', #7723, #2856, #6658, .T. ) ;
#7279 = CARTESIAN_POINT ( 'NONE',  ( 0.02603066015025862906, -0.2496258088798690156, 0.5948968086479629047 ) ) ;
#7280 = DIRECTION ( 'NONE',  ( -1.188039047428046292E-45, -6.672013369141570147E-16, -1.000000000000000000 ) ) ;
#7281 = DIRECTION ( 'NONE',  ( -1.611116917564282698E-15, -0.9969173337331278528, 0.07845909572784610930 ) ) ;
#7282 = ORIENTED_EDGE ( 'NONE', *, *, #3397, .F. ) ;
#7283 = VERTEX_POINT ( 'NONE', #5859 ) ;
#7284 = VERTEX_POINT ( 'NONE', #3219 ) ;
#7285 = ADVANCED_FACE ( 'NONE', ( #6785 ), #664, .T. ) ;
#7286 = FACE_OUTER_BOUND ( 'NONE', #3572, .T. ) ;
#7287 = ORIENTED_EDGE ( 'NONE', *, *, #3807, .T. ) ;
#7288 = VECTOR ( 'NONE', #779, 39.37007874015748143 ) ;
#7289 = CARTESIAN_POINT ( 'NONE',  ( 0.1968566098768388950, -0.2177045801363403921, 0.6141732283453995578 ) ) ;
#7290 = CARTESIAN_POINT ( 'NONE',  ( 0.2231234417024574035, -0.2823512645326549109, 0.4325447551727850115 ) ) ;
#7291 = CARTESIAN_POINT ( 'NONE',  ( 0.1156234468809753391, -0.1701588951201996602, 0.2165354330698099627 ) ) ;
#7292 = CARTESIAN_POINT ( 'NONE',  ( 0.04134479885321701992, -0.2458662356609363220, 0.5924876021325289344 ) ) ;
#7293 = VECTOR ( 'NONE', #7581, 39.37007874015748143 ) ;
#7294 = VERTEX_POINT ( 'NONE', #7440 ) ;
#7295 = EDGE_CURVE ( 'NONE', #2848, #6803, #4718, .T. ) ;
#7296 = LINE ( 'NONE', #2499, #714 ) ;
#7297 = DIRECTION ( 'NONE',  ( -9.117121629785412755E-17, 1.000000000000000000, 1.882801286680184389E-17 ) ) ;
#7298 = CARTESIAN_POINT ( 'NONE',  ( -0.04203659933718821573, -0.1396199891707629037, 0.5417184026558918841 ) ) ;
#7299 = AXIS2_PLACEMENT_3D ( 'NONE', #3605, #301, #7478 ) ;
#7300 = DIRECTION ( 'NONE',  ( 0.000000000000000000, 0.000000000000000000, -1.000000000000000000 ) ) ;
#7301 = ORIENTED_EDGE ( 'NONE', *, *, #2760, .F. ) ;
#7302 = VERTEX_POINT ( 'NONE', #5283 ) ;
#7303 = ORIENTED_EDGE ( 'NONE', *, *, #5286, .T. ) ;
#7304 = VECTOR ( 'NONE', #7078, 39.37007874015748143 ) ;
#7305 = EDGE_CURVE ( 'NONE', #4647, #5990, #5459, .T. ) ;
#7306 = CARTESIAN_POINT ( 'NONE',  ( -0.1141670121704051050, -0.2334526116324034117, 0.5078740157469746608 ) ) ;
#7307 = LINE ( 'NONE', #1274, #4710 ) ;
#7308 = CYLINDRICAL_SURFACE ( 'NONE', #3678, 0.03937007874015840264 ) ;
#7309 = FACE_OUTER_BOUND ( 'NONE', #3635, .T. ) ;
#7310 = AXIS2_PLACEMENT_3D ( 'NONE', #2342, #374, #5033 ) ;
#7311 = EDGE_LOOP ( 'NONE', ( #8202, #6476, #8496, #2084 ) ) ;
#7312 = DIRECTION ( 'NONE',  ( -0.9995402628398961653, 1.747698550567856390E-16, 0.03031934962942738759 ) ) ;
#7313 = VERTEX_POINT ( 'NONE', #48 ) ;
#7314 = CARTESIAN_POINT ( 'NONE',  ( 0.2381951925540042314, -0.2167203281678364568, 0.7283464566918570471 ) ) ;
#7315 = AXIS2_PLACEMENT_3D ( 'NONE', #4686, #6573, #542 ) ;
#7316 = EDGE_CURVE ( 'NONE', #3280, #2751, #3338, .T. ) ;
#7317 = CIRCLE ( 'NONE', #3524, 0.007874015748031449116 ) ;
#7318 = ORIENTED_EDGE ( 'NONE', *, *, #3658, .T. ) ;
#7319 = FACE_OUTER_BOUND ( 'NONE', #8415, .T. ) ;
#7320 = CARTESIAN_POINT ( 'NONE',  ( 0.08858889334140569727, -0.3909329265930334141, 0.4673228346446128278 ) ) ;
#7321 = DIRECTION ( 'NONE',  ( 0.000000000000000000, 1.000000000000000000, 0.000000000000000000 ) ) ;
#7322 = VECTOR ( 'NONE', #2149, 39.37007874015748143 ) ;
#7323 = CIRCLE ( 'NONE', #3529, 0.007874015748031449116 ) ;
#7324 = DIRECTION ( 'NONE',  ( 1.000000000000000000, 0.000000000000000000, 0.000000000000000000 ) ) ;
#7325 = EDGE_CURVE ( 'NONE', #7410, #4408, #8054, .T. ) ;
#7326 = CARTESIAN_POINT ( 'NONE',  ( 0.08662038940439793777, -0.3997911943095688314, 0.4606299212587862679 ) ) ;
#7327 = ORIENTED_EDGE ( 'NONE', *, *, #559, .F. ) ;
#7328 = ORIENTED_EDGE ( 'NONE', *, *, #6047, .F. ) ;
#7329 = ORIENTED_EDGE ( 'NONE', *, *, #2468, .F. ) ;
#7330 = CARTESIAN_POINT ( 'NONE',  ( -0.1161355161074131004, -0.2344368636009073192, 0.5090551181091799160 ) ) ;
#7331 = AXIS2_PLACEMENT_3D ( 'NONE', #4114, #1482, #2004 ) ;
#7332 = CARTESIAN_POINT ( 'NONE',  ( 0.04134479885321686726, -0.2226258399788601239, -1.056269026750287463E-12 ) ) ;
#7333 = VERTEX_POINT ( 'NONE', #621 ) ;
#7334 = VECTOR ( 'NONE', #6267, 39.37007874015748143 ) ;
#7335 = DIRECTION ( 'NONE',  ( -9.117121629785411522E-17, 1.000000000000000000, 1.882801286680184389E-17 ) ) ;
#7336 = CARTESIAN_POINT ( 'NONE',  ( 0.04709528584010843483, -0.1320733328123450401, 0.2165354330698099627 ) ) ;
#7337 = ADVANCED_FACE ( 'NONE', ( #1 ), #92, .T. ) ;
#7338 = VECTOR ( 'NONE', #4403, 39.37007874015748143 ) ;
#7339 = LINE ( 'NONE', #3985, #5894 ) ;
#7340 = VECTOR ( 'NONE', #5428, 39.37007874015748143 ) ;
#7341 = EDGE_LOOP ( 'NONE', ( #5154, #3295, #462, #3652 ) ) ;
#7342 = FACE_OUTER_BOUND ( 'NONE', #5369, .T. ) ;
#7343 = DIRECTION ( 'NONE',  ( 0.000000000000000000, 1.000000000000000000, 0.000000000000000000 ) ) ;
#7344 = PLANE ( 'NONE',  #7045 ) ;
#7345 = LENGTH_MEASURE_WITH_UNIT ( LENGTH_MEASURE( 0.02539999999999999897 ), #6725 );
#7346 = VERTEX_POINT ( 'NONE', #7963 ) ;
#7347 = EDGE_CURVE ( 'NONE', #1866, #7100, #7482, .T. ) ;
#7348 = DIRECTION ( 'NONE',  ( 1.971276677246377435E-16, 1.000000000000000000, 0.000000000000000000 ) ) ;
#7349 = ORIENTED_EDGE ( 'NONE', *, *, #867, .F. ) ;
#7350 = ORIENTED_EDGE ( 'NONE', *, *, #3888, .T. ) ;
#7351 = CARTESIAN_POINT ( 'NONE',  ( 0.001974720113059297722, -0.3997911943095688314, 0.1909448818887074795 ) ) ;
#7352 = PLANE ( 'NONE',  #8437 ) ;
#7353 = DIRECTION ( 'NONE',  ( -1.000000000000000000, 0.000000000000000000, 0.000000000000000000 ) ) ;
#7354 = CARTESIAN_POINT ( 'NONE',  ( 0.1378014917666029737, -0.2125571138850911312, 0.5641081009960576820 ) ) ;
#7355 = CARTESIAN_POINT ( 'NONE',  ( 0.1334231652589506767, -0.3326766260096431505, 0.2652520632770532516 ) ) ;
#7356 = AXIS2_PLACEMENT_3D ( 'NONE', #2485, #7673, #1825 ) ;
#7357 = EDGE_CURVE ( 'NONE', #3736, #5836, #3433, .T. ) ;
#7358 = EDGE_CURVE ( 'NONE', #7657, #5527, #2636, .T. ) ;
#7359 = ORIENTED_EDGE ( 'NONE', *, *, #2371, .F. ) ;
#7360 = DIRECTION ( 'NONE',  ( -1.000000000000000000, 1.737850800384704371E-16, -3.330669073875469621E-16 ) ) ;
#7361 = ORIENTED_EDGE ( 'NONE', *, *, #33, .T. ) ;
#7362 = CARTESIAN_POINT ( 'NONE',  ( 0.1968566098768388950, -0.2334526116324033562, 0.6141732283453995578 ) ) ;
#7363 = AXIS2_PLACEMENT_3D ( 'NONE', #4254, #3117, #1577 ) ;
#7364 = ORIENTED_EDGE ( 'NONE', *, *, #6275, .T. ) ;
#7365 = DIRECTION ( 'NONE',  ( -3.035766082959422276E-15, 0.07845909572784552644, 0.9969173337331278528 ) ) ;
#7366 = DIRECTION ( 'NONE',  ( -1.000000000000000000, 3.582864962748445733E-36, -1.200973030310050651E-16 ) ) ;
#7367 = DIRECTION ( 'NONE',  ( -1.632510765025690365E-29, -1.000000000000000000, -1.428509172627923228E-15 ) ) ;
#7368 = EDGE_CURVE ( 'NONE', #1090, #4408, #2588, .T. ) ;
#7369 = TOROIDAL_SURFACE ( 'NONE', #6253, 0.004732444995540176051, 0.04330708661417318611 ) ;
#7370 = ADVANCED_FACE ( 'NONE', ( #1978 ), #7651, .T. ) ;
#7371 = CARTESIAN_POINT ( 'NONE',  ( 0.03497831315628321946, -0.4391612730497599371, 0.5867052641206457197 ) ) ;
#7372 = DIRECTION ( 'NONE',  ( 1.000000000000000000, 0.000000000000000000, 0.000000000000000000 ) ) ;
#7373 = ORIENTED_EDGE ( 'NONE', *, *, #1092, .F. ) ;
#7374 = ORIENTED_EDGE ( 'NONE', *, *, #3904, .T. ) ;
#7375 = VERTEX_POINT ( 'NONE', #2026 ) ;
#7376 = CARTESIAN_POINT ( 'NONE',  ( 0.1356661510382137226, -0.3988069423410645631, 0.2870491336272463223 ) ) ;
#7377 = AXIS2_PLACEMENT_3D ( 'NONE', #3959, #5374, #4089 ) ;
#7378 = ORIENTED_EDGE ( 'NONE', *, *, #6817, .F. ) ;
#7379 = FACE_OUTER_BOUND ( 'NONE', #7036, .T. ) ;
#7380 = CARTESIAN_POINT ( 'NONE',  ( 0.1252733213451619476, -0.1886257281509819972, 0.2165354330698100460 ) ) ;
#7381 = AXIS2_PLACEMENT_3D ( 'NONE', #3250, #741, #5934 ) ;
#7382 = CARTESIAN_POINT ( 'NONE',  ( 0.1968566098768388950, -0.2177045801363403921, 0.5078740157469746608 ) ) ;
#7383 = ORIENTED_EDGE ( 'NONE', *, *, #8315, .F. ) ;
#7384 = EDGE_CURVE ( 'NONE', #968, #3004, #1365, .T. ) ;
#7385 = CARTESIAN_POINT ( 'NONE',  ( 0.04266891807196459413, -0.3751848950969702279, 0.3933151221598379377 ) ) ;
#7386 = ADVANCED_FACE ( 'NONE', ( #4040 ), #6734, .T. ) ;
#7387 = CARTESIAN_POINT ( 'NONE',  ( -0.1555055948475705385, -0.4391612730497262418, 0.5393700787391012552 ) ) ;
#7388 = CARTESIAN_POINT ( 'NONE',  ( 0.04134479885321701992, -0.2450971055668612064, 0.6524394401324297155 ) ) ;
#7389 = CARTESIAN_POINT ( 'NONE',  ( 0.04134479885321683257, -0.2226258399788601239, -1.056269026750287463E-12 ) ) ;
#7390 = EDGE_LOOP ( 'NONE', ( #1253, #7524 ) ) ;
#7391 = FACE_OUTER_BOUND ( 'NONE', #2706, .T. ) ;
#7392 = ORIENTED_EDGE ( 'NONE', *, *, #8334, .F. ) ;
#7393 = ORIENTED_EDGE ( 'NONE', *, *, #3665, .F. ) ;
#7394 = CARTESIAN_POINT ( 'NONE',  ( 0.02376959564401367325, -0.2489471927392379325, 0.6035194442680914539 ) ) ;
#7395 = CARTESIAN_POINT ( 'NONE',  ( 0.1830770823177812201, -0.2513872556778958822, 0.5576101637574484293 ) ) ;
#7396 = ADVANCED_FACE ( 'NONE', ( #4804 ), #7102, .F. ) ;
#7397 = CARTESIAN_POINT ( 'NONE',  ( -0.1102300042963895166, -0.2334526116324034117, 0.4976528653221189979 ) ) ;
#7398 = CARTESIAN_POINT ( 'NONE',  ( -0.1555055948475705663, -0.1242006431284664314, 0.7283464566918570471 ) ) ;
#7399 = CARTESIAN_POINT ( 'NONE',  ( 0.1349934356575578920, -0.3865230084743125349, 0.2655457526468553153 ) ) ;
#7400 = ORIENTED_EDGE ( 'NONE', *, *, #2089, .T. ) ;
#7401 = CARTESIAN_POINT ( 'NONE',  ( 0.02880767597414023856, -0.4352242651757106118, 0.5878082297108082610 ) ) ;
#7402 = DIRECTION ( 'NONE',  ( 0.9798210592184750656, 8.556819679882476323E-17, 0.1998766917676636778 ) ) ;
#7403 = ORIENTED_EDGE ( 'NONE', *, *, #3171, .T. ) ;
#7404 = CARTESIAN_POINT ( 'NONE',  ( -0.001962287760956648447, -0.4106179659631121748, 0.7519685039359516043 ) ) ;
#7405 = EDGE_CURVE ( 'NONE', #8426, #4754, #1457, .T. ) ;
#7406 = CARTESIAN_POINT ( 'NONE',  ( -0.05095789189517378748, -0.3436352629230418065, 0.2672483926922182285 ) ) ;
#7407 = DIRECTION ( 'NONE',  ( 1.737850800384704371E-16, 1.000000000000000000, -1.448216729911410023E-17 ) ) ;
#7408 = CARTESIAN_POINT ( 'NONE',  ( -0.1555055948475705385, -0.2462478872229545701, 0.6141732283454004460 ) ) ;
#7409 = DIRECTION ( 'NONE',  ( 0.000000000000000000, 0.000000000000000000, 1.000000000000000000 ) ) ;
#7410 = VERTEX_POINT ( 'NONE', #4628 ) ;
#7411 = EDGE_LOOP ( 'NONE', ( #399, #8427, #5178, #4045 ) ) ;
#7412 = DIRECTION ( 'NONE',  ( 0.000000000000000000, 0.000000000000000000, -1.000000000000000000 ) ) ;
#7413 = ORIENTED_EDGE ( 'NONE', *, *, #8155, .T. ) ;
#7414 = CARTESIAN_POINT ( 'NONE',  ( 0.1343204626295833870, -0.3639715024657078635, 0.2552326621315258448 ) ) ;
#7415 = EDGE_CURVE ( 'NONE', #5815, #7026, #7307, .T. ) ;
#7416 = ORIENTED_EDGE ( 'NONE', *, *, #1903, .F. ) ;
#7417 = DIRECTION ( 'NONE',  ( 1.000000000000000000, 0.000000000000000000, 0.000000000000000000 ) ) ;
#7418 = DIRECTION ( 'NONE',  ( -1.000000000000000000, -8.673617379884037937E-17, -0.000000000000000000 ) ) ;
#7419 = LINE ( 'NONE', #5485, #7152 ) ;
#7420 = CARTESIAN_POINT ( 'NONE',  ( 0.1331988409162924991, -0.3341185372822550459, 0.2765410145894519056 ) ) ;
#7421 = VERTEX_POINT ( 'NONE', #2289 ) ;
#7422 = VECTOR ( 'NONE', #2007, 39.37007874015748143 ) ;
#7423 = LINE ( 'NONE', #6909, #3982 ) ;
#7424 = ADVANCED_FACE ( 'NONE', ( #2328 ), #6211, .T. ) ;
#7425 = VERTEX_POINT ( 'NONE', #2997 ) ;
#7426 = CARTESIAN_POINT ( 'NONE',  ( 0.05029781349680918084, -0.4352242651757104452, 0.5859988618027943685 ) ) ;
#7427 = DIRECTION ( 'NONE',  ( 1.411854421747038033E-17, 7.425991029036739954E-17, -1.000000000000000000 ) ) ;
#7428 = DIRECTION ( 'NONE',  ( -0.000000000000000000, -0.000000000000000000, -1.000000000000000000 ) ) ;
#7429 = CARTESIAN_POINT ( 'NONE',  ( 0.02767463262399549873, -0.4391612730497262418, 0.5894575678029682075 ) ) ;
#7430 = AXIS2_PLACEMENT_3D ( 'NONE', #2274, #7076, #6412 ) ;
#7431 = EDGE_LOOP ( 'NONE', ( #3234, #6350, #7503, #7458 ) ) ;
#7432 = PLANE ( 'NONE',  #7853 ) ;
#7433 = EDGE_CURVE ( 'NONE', #2497, #7212, #6971, .T. ) ;
#7434 = EDGE_CURVE ( 'NONE', #3491, #7186, #349, .T. ) ;
#7435 = ORIENTED_EDGE ( 'NONE', *, *, #658, .F. ) ;
#7436 = VERTEX_POINT ( 'NONE', #7609 ) ;
#7437 = DIRECTION ( 'NONE',  ( -1.605724553287267758E-15, -0.9969173337331279638, 0.07845909572784619257 ) ) ;
#7438 = VECTOR ( 'NONE', #6405, 39.37007874015748143 ) ;
#7439 = DIRECTION ( 'NONE',  ( -1.737850800384704371E-16, -1.000000000000000000, 3.511521488730090573E-17 ) ) ;
#7440 = CARTESIAN_POINT ( 'NONE',  ( -0.03703689389959236716, -0.2973132464474282366, 0.03937007873910120664 ) ) ;
#7441 = CARTESIAN_POINT ( 'NONE',  ( 0.08858889334140569727, -0.3909329265930334141, 0.4594488188965814013 ) ) ;
#7442 = CARTESIAN_POINT ( 'NONE',  ( 0.1340961382869251817, -0.3553474652480365092, 0.2552656002105941901 ) ) ;
#7443 = ADVANCED_FACE ( 'NONE', ( #6877 ), #8184, .T. ) ;
#7444 = ORIENTED_EDGE ( 'NONE', *, *, #5931, .T. ) ;
#7445 = DIRECTION ( 'NONE',  ( 3.184051530367203175E-16, -0.07845909572784612318, -0.9969173337331279638 ) ) ;
#7446 = CARTESIAN_POINT ( 'NONE',  ( 0.04134479885321683257, -0.2226258399788601239, -1.056269026750287463E-12 ) ) ;
#7447 = ORIENTED_EDGE ( 'NONE', *, *, #1693, .F. ) ;
#7448 = CARTESIAN_POINT ( 'NONE',  ( 0.04244548244950659827, -0.2383174032549201515, 0.6382254986466054936 ) ) ;
#7449 = DIRECTION ( 'NONE',  ( -1.000000000000000000, 4.336808689942016158E-15, 0.000000000000000000 ) ) ;
#7450 = AXIS2_PLACEMENT_3D ( 'NONE', #2843, #4241, #4056 ) ;
#7451 = CARTESIAN_POINT ( 'NONE',  ( -0.1555055948475705663, -0.04546048564815143717, 0.7283464566918570471 ) ) ;
#7452 = FACE_BOUND ( 'NONE', #4157, .T. ) ;
#7453 = EDGE_CURVE ( 'NONE', #2445, #5836, #971, .T. ) ;
#7454 = DIRECTION ( 'NONE',  ( -0.000000000000000000, -0.000000000000000000, -1.000000000000000000 ) ) ;
#7455 = ORIENTED_EDGE ( 'NONE', *, *, #3695, .F. ) ;
#7456 = ORIENTED_EDGE ( 'NONE', *, *, #8376, .T. ) ;
#7457 = FACE_OUTER_BOUND ( 'NONE', #7658, .T. ) ;
#7458 = ORIENTED_EDGE ( 'NONE', *, *, #3013, .F. ) ;
#7459 = CARTESIAN_POINT ( 'NONE',  ( 0.1378014917666027794, -0.2433870993412016459, 0.6741671293357939243 ) ) ;
#7460 = ORIENTED_EDGE ( 'NONE', *, *, #7678, .T. ) ;
#7461 = LINE ( 'NONE', #6759, #1152 ) ;
#7462 = TOROIDAL_SURFACE ( 'NONE', #4079, 0.006046844034891110838, 0.01574803149606307170 ) ;
#7463 = VECTOR ( 'NONE', #7114, 39.37007874015748143 ) ;
#7464 = CARTESIAN_POINT ( 'NONE',  ( 0.1791400744437680603, -0.2167203281678364568, 0.7283464566918570471 ) ) ;
#7465 = DIRECTION ( 'NONE',  ( -0.7239618166986742098, -0.6898400452005922778, -8.979178797083903845E-17 ) ) ;
#7466 = EDGE_CURVE ( 'NONE', #8273, #8112, #228, .T. ) ;
#7467 = DIRECTION ( 'NONE',  ( 0.000000000000000000, 0.000000000000000000, -1.000000000000000000 ) ) ;
#7468 = EDGE_LOOP ( 'NONE', ( #3297, #8131, #281, #336 ) ) ;
#7469 = CIRCLE ( 'NONE', #7331, 0.007874015748031468198 ) ;
#7470 = AXIS2_PLACEMENT_3D ( 'NONE', #3359, #5803, #5395 ) ;
#7471 = VERTEX_POINT ( 'NONE', #4177 ) ;
#7472 = CARTESIAN_POINT ( 'NONE',  ( 0.1555180271996734476, -0.3525470998213799945, 0.1909448818887074517 ) ) ;
#7473 = CARTESIAN_POINT ( 'NONE',  ( 0.04134479876669633347, -0.2503261272902733148, 0.5859984195448519895 ) ) ;
#7474 = CARTESIAN_POINT ( 'NONE',  ( -0.04203659933718838226, -0.2073587640941995658, 0.5330439875618140366 ) ) ;
#7475 = VECTOR ( 'NONE', #8658, 39.37007874015748143 ) ;
#7476 = VECTOR ( 'NONE', #282, 39.37007874015748143 ) ;
#7477 = LINE ( 'NONE', #7561, #3768 ) ;
#7478 = DIRECTION ( 'NONE',  ( 0.000000000000000000, 1.000000000000000000, -8.673617379884028570E-16 ) ) ;
#7479 = ORIENTED_EDGE ( 'NONE', *, *, #63, .F. ) ;
#7480 = ORIENTED_EDGE ( 'NONE', *, *, #7384, .T. ) ;
#7481 = DIRECTION ( 'NONE',  ( 3.330669073875469621E-16, -1.448216729911419884E-17, -1.000000000000000000 ) ) ;
#7482 = LINE ( 'NONE', #1409, #7244 ) ;
#7483 = CARTESIAN_POINT ( 'NONE',  ( 0.04134479885321703380, -0.5730195407662621587, 0.2027559055107547026 ) ) ;
#7484 = CARTESIAN_POINT ( 'NONE',  ( -0.06495441374520848077, -0.1005785958843719852, 0.1909448818887074795 ) ) ;
#7485 = EDGE_CURVE ( 'NONE', #1506, #8474, #2873, .T. ) ;
#7486 = CIRCLE ( 'NONE', #8189, 0.1476377952755905387 ) ;
#7487 = ORIENTED_EDGE ( 'NONE', *, *, #8390, .T. ) ;
#7488 = CARTESIAN_POINT ( 'NONE',  ( -0.04526937437512972007, -0.2226258399788601239, 0.1909448818887074795 ) ) ;
#7489 = DIRECTION ( 'NONE',  ( 0.000000000000000000, 1.000000000000000000, 0.000000000000000000 ) ) ;
#7490 = ORIENTED_EDGE ( 'NONE', *, *, #8188, .F. ) ;
#7491 = CARTESIAN_POINT ( 'NONE',  ( -0.04442897410153092558, -0.2319505170884302303, 0.4409789477497570442 ) ) ;
#7492 = AXIS2_PLACEMENT_3D ( 'NONE', #6812, #778, #3455 ) ;
#7493 = CARTESIAN_POINT ( 'NONE',  ( -0.05320113532175550775, -0.3909329265930334141, 0.2952755905501241451 ) ) ;
#7494 = EDGE_CURVE ( 'NONE', #5180, #1260, #933, .T. ) ;
#7495 = DIRECTION ( 'NONE',  ( -1.000000000000000000, 0.000000000000000000, 0.000000000000000000 ) ) ;
#7496 = EDGE_CURVE ( 'NONE', #1520, #5992, #70, .T. ) ;
#7497 = DIRECTION ( 'NONE',  ( 1.411854421747038033E-17, 7.425991029036739954E-17, -1.000000000000000000 ) ) ;
#7498 = VECTOR ( 'NONE', #5084, 39.37007874015748143 ) ;
#7499 = PLANE ( 'NONE',  #2112 ) ;
#7500 = ORIENTED_EDGE ( 'NONE', *, *, #7993, .F. ) ;
#7501 = ORIENTED_EDGE ( 'NONE', *, *, #3140, .F. ) ;
#7502 = CARTESIAN_POINT ( 'NONE',  ( 0.04134479885321703380, -0.2425511687252386583, 0.6346095213316240713 ) ) ;
#7503 = ORIENTED_EDGE ( 'NONE', *, *, #1793, .T. ) ;
#7504 = CARTESIAN_POINT ( 'NONE',  ( 0.05011933680159831594, -0.4391612730497264638, 0.5835708524705097711 ) ) ;
#7505 = ORIENTED_EDGE ( 'NONE', *, *, #95, .T. ) ;
#7506 = DIRECTION ( 'NONE',  ( -1.411854421747038033E-17, -7.425991029036739954E-17, 1.000000000000000000 ) ) ;
#7507 = EDGE_CURVE ( 'NONE', #5839, #8071, #7792, .T. ) ;
#7508 = AXIS2_PLACEMENT_3D ( 'NONE', #3055, #4903, #2173 ) ;
#7509 = DIRECTION ( 'NONE',  ( -1.000000000000000000, 0.000000000000000000, 0.000000000000000000 ) ) ;
#7510 = DIRECTION ( 'NONE',  ( 0.000000000000000000, 0.000000000000000000, 1.000000000000000000 ) ) ;
#7511 = DIRECTION ( 'NONE',  ( -0.000000000000000000, -1.000000000000000000, -0.000000000000000000 ) ) ;
#7512 = VERTEX_POINT ( 'NONE', #2917 ) ;
#7513 = VECTOR ( 'NONE', #7529, 39.37007874015748143 ) ;
#7514 = ORIENTED_EDGE ( 'NONE', *, *, #3570, .T. ) ;
#7515 = CARTESIAN_POINT ( 'NONE',  ( 0.04828957103253063432, -0.4352242651757104452, 0.5878033272148881494 ) ) ;
#7516 = ADVANCED_FACE ( 'NONE', ( #1667 ), #3609, .F. ) ;
#7517 = LINE ( 'NONE', #8420, #4148 ) ;
#7518 = DIRECTION ( 'NONE',  ( 3.330669073875468635E-16, -6.231570711506254047E-16, -1.000000000000000000 ) ) ;
#7519 = LINE ( 'NONE', #5621, #2569 ) ;
#7520 = VECTOR ( 'NONE', #564, 39.37007874015748143 ) ;
#7521 = CARTESIAN_POINT ( 'NONE',  ( 0.1271185718079657911, -0.2241060518434480620, 0.4422916610307004448 ) ) ;
#7522 = CARTESIAN_POINT ( 'NONE',  ( 0.03786745031865866584, -0.4391612730497262418, 0.5730533683279025459 ) ) ;
#7523 = VERTEX_POINT ( 'NONE', #7049 ) ;
#7524 = ORIENTED_EDGE ( 'NONE', *, *, #5665, .F. ) ;
#7525 = CARTESIAN_POINT ( 'NONE',  ( 0.07612529238787421604, -0.3062347931365795861, 0.2165354330698099350 ) ) ;
#7526 = VECTOR ( 'NONE', #5774, 39.37007874015748143 ) ;
#7527 = LINE ( 'NONE', #183, #3116 ) ;
#7528 = EDGE_CURVE ( 'NONE', #5044, #5240, #3474, .T. ) ;
#7529 = DIRECTION ( 'NONE',  ( 1.000000000000000000, -1.239088197126290570E-16, 0.000000000000000000 ) ) ;
#7530 = LINE ( 'NONE', #6072, #4095 ) ;
#7531 = DIRECTION ( 'NONE',  ( 1.000000000000000000, 0.000000000000000000, 0.000000000000000000 ) ) ;
#7532 = ORIENTED_EDGE ( 'NONE', *, *, #6719, .T. ) ;
#7533 = CARTESIAN_POINT ( 'NONE',  ( 0.02851545937267592479, -0.4352242651757105563, 0.5878141391938361826 ) ) ;
#7534 = DIRECTION ( 'NONE',  ( -1.737850800384704371E-16, -1.000000000000000000, 3.511521488730090573E-17 ) ) ;
#7535 = DIRECTION ( 'NONE',  ( 1.000000000000000000, 8.673617379884036705E-17, 0.000000000000000000 ) ) ;
#7536 = ORIENTED_EDGE ( 'NONE', *, *, #4890, .T. ) ;
#7537 = CARTESIAN_POINT ( 'NONE',  ( 0.1840613342862877366, -0.3879801706875215528, 0.3562992125973689084 ) ) ;
#7538 = LINE ( 'NONE', #1514, #8619 ) ;
#7539 = DIRECTION ( 'NONE',  ( 0.000000000000000000, 0.000000000000000000, 1.000000000000000000 ) ) ;
#7540 = CYLINDRICAL_SURFACE ( 'NONE', #1246, 0.007874015748031468198 ) ;
#7541 = DIRECTION ( 'NONE',  ( -9.117121629785411522E-17, 1.000000000000000000, 1.882801286680184389E-17 ) ) ;
#7542 = EDGE_CURVE ( 'NONE', #4407, #6752, #6159, .T. ) ;
#7543 = EDGE_CURVE ( 'NONE', #338, #5648, #3566, .T. ) ;
#7544 = VERTEX_POINT ( 'NONE', #8312 ) ;
#7545 = PLANE ( 'NONE',  #1144 ) ;
#7546 = ORIENTED_EDGE ( 'NONE', *, *, #7064, .T. ) ;
#7547 = LINE ( 'NONE', #8249, #6063 ) ;
#7548 = VERTEX_POINT ( 'NONE', #2824 ) ;
#7549 = DIRECTION ( 'NONE',  ( -4.349810823878345475E-30, -0.07845909572784673380, -0.9969173337331279638 ) ) ;
#7550 = CARTESIAN_POINT ( 'NONE',  ( -0.1003874846113500946, -0.3988069423410648406, 0.2952755905501238676 ) ) ;
#7551 = DIRECTION ( 'NONE',  ( 2.312964634635740689E-15, 1.000000000000000000, -1.156482317317870344E-15 ) ) ;
#7552 = CARTESIAN_POINT ( 'NONE',  ( 0.08662038940439795165, -0.3604211155694113100, 0.1909448818887074795 ) ) ;
#7553 = EDGE_CURVE ( 'NONE', #6352, #7014, #1546, .T. ) ;
#7554 = ORIENTED_EDGE ( 'NONE', *, *, #5054, .T. ) ;
#7555 = DIRECTION ( 'NONE',  ( 0.000000000000000000, 1.000000000000000000, 0.000000000000000000 ) ) ;
#7556 = VERTEX_POINT ( 'NONE', #7005 ) ;
#7557 = DIRECTION ( 'NONE',  ( 0.000000000000000000, 0.000000000000000000, -1.000000000000000000 ) ) ;
#7558 = CARTESIAN_POINT ( 'NONE',  ( 0.02767463262399549526, -0.4352242651757104452, 0.5393700787391012552 ) ) ;
#7559 = DIRECTION ( 'NONE',  ( 1.000000000000000000, 0.000000000000000000, 0.000000000000000000 ) ) ;
#7560 = DIRECTION ( 'NONE',  ( 0.000000000000000000, 0.000000000000000000, -1.000000000000000000 ) ) ;
#7561 = CARTESIAN_POINT ( 'NONE',  ( -0.1515685869735546865, -0.2177045801363404198, 0.7283464566918566030 ) ) ;
#7562 = CARTESIAN_POINT ( 'NONE',  ( -0.09645047673733461724, -0.3997911943095688869, 0.1909448818887074795 ) ) ;
#7563 = ORIENTED_EDGE ( 'NONE', *, *, #4890, .F. ) ;
#7564 = ORIENTED_EDGE ( 'NONE', *, *, #5295, .F. ) ;
#7565 = DIRECTION ( 'NONE',  ( -9.117121629785411522E-17, 1.000000000000000000, 1.882801286680184389E-17 ) ) ;
#7566 = LINE ( 'NONE', #2160, #5496 ) ;
#7567 = DIRECTION ( 'NONE',  ( 0.9723873019805234774, 2.331864226465727025E-12, -0.2333729524752995999 ) ) ;
#7568 = CARTESIAN_POINT ( 'NONE',  ( 0.04134479885321683257, -0.2226258399788601239, 0.2027559055107547858 ) ) ;
#7569 = AXIS2_PLACEMENT_3D ( 'NONE', #5308, #7988, #4702 ) ;
#7570 =( CONVERSION_BASED_UNIT ( 'INCH', #264 ) LENGTH_UNIT ( ) NAMED_UNIT ( #4991 ) );
#7571 = EDGE_CURVE ( 'NONE', #416, #8050, #308, .T. ) ;
#7572 = ORIENTED_EDGE ( 'NONE', *, *, #3486, .T. ) ;
#7573 = CARTESIAN_POINT ( 'NONE',  ( -0.04470618950797566188, -0.2232961464224180737, 0.4325447551727850115 ) ) ;
#7574 = VECTOR ( 'NONE', #1169, 39.37007874015748143 ) ;
#7575 = CARTESIAN_POINT ( 'NONE',  ( -0.1555055948475702610, -0.5728226903725609498, 0.6574803149595732643 ) ) ;
#7576 = ORIENTED_EDGE ( 'NONE', *, *, #4961, .F. ) ;
#7577 = DIRECTION ( 'NONE',  ( -1.411854421747038033E-17, -7.425991029036739954E-17, 1.000000000000000000 ) ) ;
#7578 = CARTESIAN_POINT ( 'NONE',  ( 0.03932966249372522177, -0.2383486208105896897, 0.6378288419929060149 ) ) ;
#7579 = CARTESIAN_POINT ( 'NONE',  ( -0.1476315790995388344, -0.2177045801363404198, 0.6141732283453998908 ) ) ;
#7580 = AXIS2_PLACEMENT_3D ( 'NONE', #2582, #2623, #3366 ) ;
#7581 = DIRECTION ( 'NONE',  ( 0.000000000000000000, 0.000000000000000000, 1.000000000000000000 ) ) ;
#7582 = EDGE_CURVE ( 'NONE', #5648, #3157, #2547, .T. ) ;
#7583 = CARTESIAN_POINT ( 'NONE',  ( -0.001962287760956341401, -0.3525470998213799945, 0.1909448818887074517 ) ) ;
#7584 = VERTEX_POINT ( 'NONE', #2500 ) ;
#7585 = CARTESIAN_POINT ( 'NONE',  ( 0.08071487759337414580, -0.3909329265930334141, 0.5775590551170539655 ) ) ;
#7586 = VECTOR ( 'NONE', #7908, 39.37007874015748143 ) ;
#7587 = ORIENTED_EDGE ( 'NONE', *, *, #5500, .T. ) ;
#7588 = CARTESIAN_POINT ( 'NONE',  ( 0.1354420843428742194, -0.3887361367105671150, 0.2821780424439171986 ) ) ;
#7589 = CARTESIAN_POINT ( 'NONE',  ( -0.1555055948475706495, -0.2344368636009073192, 0.6141732283454004460 ) ) ;
#7590 = FACE_OUTER_BOUND ( 'NONE', #6425, .T. ) ;
#7591 = ADVANCED_FACE ( 'NONE', ( #1717 ), #355, .T. ) ;
#7592 = AXIS2_PLACEMENT_3D ( 'NONE', #548, #6541, #511 ) ;
#7593 = CARTESIAN_POINT ( 'NONE',  ( 0.03523594331953355807, -0.4352242651757104452, 0.5850403953401510648 ) ) ;
#7594 = LINE ( 'NONE', #8213, #8695 ) ;
#7595 = ORIENTED_EDGE ( 'NONE', *, *, #3570, .F. ) ;
#7596 = VECTOR ( 'NONE', #3577, 39.37007874015748143 ) ;
#7597 = EDGE_LOOP ( 'NONE', ( #6558, #2617 ) ) ;
#7598 = VECTOR ( 'NONE', #4682, 39.37007874015748143 ) ;
#7599 = LINE ( 'NONE', #6377, #4660 ) ;
#7600 = LINE ( 'NONE', #1534, #8222 ) ;
#7601 = DIRECTION ( 'NONE',  ( 0.000000000000000000, 1.000000000000000000, 0.000000000000000000 ) ) ;
#7602 = CARTESIAN_POINT ( 'NONE',  ( -0.06495441374520820321, -0.2177045801363403921, 0.6574803149595729312 ) ) ;
#7603 = EDGE_CURVE ( 'NONE', #8012, #8032, #6824, .T. ) ;
#7604 = AXIS2_PLACEMENT_3D ( 'NONE', #1456, #6832, #797 ) ;
#7605 = CARTESIAN_POINT ( 'NONE',  ( -0.07919974054391971940, -0.2255785958843719297, 0.6466747931996216225 ) ) ;
#7606 = VECTOR ( 'NONE', #1371, 39.37007874015748143 ) ;
#7607 = ORIENTED_EDGE ( 'NONE', *, *, #8506, .T. ) ;
#7608 = DIRECTION ( 'NONE',  ( 1.000000000000000000, 0.000000000000000000, 0.000000000000000000 ) ) ;
#7609 = CARTESIAN_POINT ( 'NONE',  ( -0.09841898067434223796, -0.2226258399788601239, -1.056286007143993473E-12 ) ) ;
#7610 = DIRECTION ( 'NONE',  ( -0.03031934962942781087, 0.5945493246126063447, 0.8034872977469786903 ) ) ;
#7611 = VECTOR ( 'NONE', #2184, 39.37007874015748143 ) ;
#7612 = CARTESIAN_POINT ( 'NONE',  ( 0.2231234417024574868, -0.2241060518434486171, 0.4422916610307015550 ) ) ;
#7613 = EDGE_CURVE ( 'NONE', #8052, #7142, #6387, .T. ) ;
#7614 = ORIENTED_EDGE ( 'NONE', *, *, #3940, .F. ) ;
#7615 = AXIS2_PLACEMENT_3D ( 'NONE', #1729, #409, #3098 ) ;
#7616 = ORIENTED_EDGE ( 'NONE', *, *, #3064, .T. ) ;
#7617 = PLANE ( 'NONE',  #5247 ) ;
#7618 = ORIENTED_EDGE ( 'NONE', *, *, #752, .T. ) ;
#7619 = CARTESIAN_POINT ( 'NONE',  ( 0.05266301068548249337, -0.4352242651757106118, 0.5864525608117530098 ) ) ;
#7620 = CYLINDRICAL_SURFACE ( 'NONE', #1049, 0.02362204724409451562 ) ;
#7621 = CARTESIAN_POINT ( 'NONE',  ( 0.05360645665353474393, -0.4352242651757101677, 0.5875030374779610653 ) ) ;
#7622 = EDGE_CURVE ( 'NONE', #5146, #6580, #1193, .T. ) ;
#7623 = CARTESIAN_POINT ( 'NONE',  ( -0.1555055948475706495, -0.2344368636009073192, 0.5090551181091799160 ) ) ;
#7624 = VERTEX_POINT ( 'NONE', #3690 ) ;
#7625 = CARTESIAN_POINT ( 'NONE',  ( -0.02592684560836236440, -0.2433870993412013684, 0.6741671293357937023 ) ) ;
#7626 = VECTOR ( 'NONE', #4212, 39.37007874015748143 ) ;
#7627 = EDGE_LOOP ( 'NONE', ( #7968, #535, #7695, #3514, #5608, #6041 ) ) ;
#7628 = CARTESIAN_POINT ( 'NONE',  ( 0.04936935532510587643, -0.4391612730497385653, 0.5875699263431144459 ) ) ;
#7629 = EDGE_CURVE ( 'NONE', #4255, #2920, #5887, .T. ) ;
#7630 = EDGE_CURVE ( 'NONE', #8573, #3215, #8075, .T. ) ;
#7631 = LINE ( 'NONE', #6903, #747 ) ;
#7632 = VECTOR ( 'NONE', #915, 39.37007874015748143 ) ;
#7633 = CARTESIAN_POINT ( 'NONE',  ( 0.04134479885321681175, -0.4184919817111433238, 0.3838502321687573549 ) ) ;
#7634 = DIRECTION ( 'NONE',  ( 1.716572833537972315E-33, -1.882801286680184389E-17, 1.000000000000000000 ) ) ;
#7635 = ORIENTED_EDGE ( 'NONE', *, *, #1147, .T. ) ;
#7636 = VERTEX_POINT ( 'NONE', #7737 ) ;
#7637 = AXIS2_PLACEMENT_3D ( 'NONE', #111, #3408, #2798 ) ;
#7638 = CARTESIAN_POINT ( 'NONE',  ( 0.001974720113059297722, -0.3997911943095688314, 0.4606299212587862679 ) ) ;
#7639 = EDGE_LOOP ( 'NONE', ( #6351, #5745 ) ) ;
#7640 = DIRECTION ( 'NONE',  ( -0.000000000000000000, -0.000000000000000000, -1.000000000000000000 ) ) ;
#7641 = FACE_OUTER_BOUND ( 'NONE', #3175, .T. ) ;
#7642 = CARTESIAN_POINT ( 'NONE',  ( 0.001974720113059246548, -0.3988069423410648406, 0.4673228346446128278 ) ) ;
#7643 = DIRECTION ( 'NONE',  ( -0.9545195601488660753, 0.000000000000000000, -0.2981483008390543032 ) ) ;
#7644 = CIRCLE ( 'NONE', #2882, 0.02362204724409451562 ) ;
#7645 = LINE ( 'NONE', #6826, #8281 ) ;
#7646 = VERTEX_POINT ( 'NONE', #4448 ) ;
#7647 = ADVANCED_FACE ( 'NONE', ( #7866 ), #1062, .T. ) ;
#7648 = EDGE_CURVE ( 'NONE', #2042, #1532, #2453, .T. ) ;
#7649 = CARTESIAN_POINT ( 'NONE',  ( 0.03113489345076714612, -0.4391612730497483907, 0.5857068159438255650 ) ) ;
#7650 = CARTESIAN_POINT ( 'NONE',  ( 0.04134479876669633347, -0.2503261272902733148, 0.5859984195448519895 ) ) ;
#7651 = TOROIDAL_SURFACE ( 'NONE', #3861, 0.008053341928726658397, 0.05118110236220455023 ) ;
#7652 = DIRECTION ( 'NONE',  ( 0.000000000000000000, 0.000000000000000000, 1.000000000000000000 ) ) ;
#7653 = LINE ( 'NONE', #3649, #5094 ) ;
#7654 = FACE_OUTER_BOUND ( 'NONE', #3819, .T. ) ;
#7655 = EDGE_LOOP ( 'NONE', ( #7010, #7840, #5971, #2530, #3871 ) ) ;
#7656 = AXIS2_PLACEMENT_3D ( 'NONE', #2014, #6723, #8045 ) ;
#7657 = VERTEX_POINT ( 'NONE', #2417 ) ;
#7658 = EDGE_LOOP ( 'NONE', ( #4131, #2646, #4610, #5463 ) ) ;
#7659 = ADVANCED_FACE ( 'NONE', ( #4402 ), #5714, .T. ) ;
#7660 = LINE ( 'NONE', #5113, #7894 ) ;
#7661 = FACE_OUTER_BOUND ( 'NONE', #5976, .T. ) ;
#7662 = VERTEX_POINT ( 'NONE', #4492 ) ;
#7663 = DIRECTION ( 'NONE',  ( -1.000000000000000000, 0.000000000000000000, 0.000000000000000000 ) ) ;
#7664 = CARTESIAN_POINT ( 'NONE',  ( 0.08071487759337429846, -0.3997911943095688314, 0.4606299212587862679 ) ) ;
#7665 = CARTESIAN_POINT ( 'NONE',  ( 0.08071487759337421519, -0.3909329265930334141, 0.4673228346446128278 ) ) ;
#7666 = DIRECTION ( 'NONE',  ( 1.737850800384704371E-16, 1.000000000000000000, -3.511521488730090573E-17 ) ) ;
#7667 = DIRECTION ( 'NONE',  ( 0.000000000000000000, 0.000000000000000000, 1.000000000000000000 ) ) ;
#7668 = EDGE_CURVE ( 'NONE', #7284, #3490, #7093, .T. ) ;
#7669 = EDGE_LOOP ( 'NONE', ( #2183, #5981, #4908, #7263 ) ) ;
#7670 = PRESENTATION_STYLE_ASSIGNMENT (( #8285 ) ) ;
#7671 = ORIENTED_EDGE ( 'NONE', *, *, #607, .F. ) ;
#7672 = CARTESIAN_POINT ( 'NONE',  ( 0.1840613342862877366, -0.3879801706875215528, 0.7283464566918570471 ) ) ;
#7673 = DIRECTION ( 'NONE',  ( 1.411854421747038033E-17, 7.425991029036739954E-17, -1.000000000000000000 ) ) ;
#7674 = DIMENSIONAL_EXPONENTS ( 1.000000000000000000, 0.000000000000000000, 0.000000000000000000, 0.000000000000000000, 0.000000000000000000, 0.000000000000000000, 0.000000000000000000 ) ;
#7675 = DIRECTION ( 'NONE',  ( 9.117121629785412755E-17, -1.000000000000000000, -1.882801286680184389E-17 ) ) ;
#7676 = DIRECTION ( 'NONE',  ( -1.000000000000000000, 1.239088197126290817E-16, 0.000000000000000000 ) ) ;
#7677 = ORIENTED_EDGE ( 'NONE', *, *, #1902, .F. ) ;
#7678 = EDGE_CURVE ( 'NONE', #4113, #2193, #4136, .T. ) ;
#7679 = VERTEX_POINT ( 'NONE', #3733 ) ;
#7680 = CARTESIAN_POINT ( 'NONE',  ( 0.1233348689851440222, -0.2519271926252495408, 0.5641081009960574599 ) ) ;
#7681 = VERTEX_POINT ( 'NONE', #8441 ) ;
#7682 = DIRECTION ( 'NONE',  ( -1.000000000000000000, 0.000000000000000000, 0.000000000000000000 ) ) ;
#7683 = DIRECTION ( 'NONE',  ( 0.000000000000000000, 0.000000000000000000, 1.000000000000000000 ) ) ;
#7684 = FACE_OUTER_BOUND ( 'NONE', #6546, .T. ) ;
#7685 = LINE ( 'NONE', #5011, #3628 ) ;
#7686 = CYLINDRICAL_SURFACE ( 'NONE', #7716, 0.01574803149606289823 ) ;
#7687 = VERTEX_POINT ( 'NONE', #5107 ) ;
#7688 = EDGE_CURVE ( 'NONE', #5992, #3898, #8624, .T. ) ;
#7689 = CARTESIAN_POINT ( 'NONE',  ( 0.02942749617637852727, -0.4391612730497754802, 0.5876428534421691552 ) ) ;
#7690 = CARTESIAN_POINT ( 'NONE',  ( 0.1284608703136277119, -0.2348794026851814265, 0.3974174252465245694 ) ) ;
#7691 = DIRECTION ( 'NONE',  ( -1.228015396737279800E-16, -1.287490079826536515E-18, 1.000000000000000000 ) ) ;
#7692 = B_SPLINE_CURVE_WITH_KNOTS ( 'NONE', 3,
 ( #4112, #817, #773, #2895, #5479, #8159, #3494, #5569, #2225, #4826 ),
 .UNSPECIFIED., .F., .F.,
 ( 4, 2, 2, 2, 4 ),
 ( 0.000000000000000000, 0.2500000000000000000, 0.5000000000000000000, 0.7500000000000000000, 1.000000000000000000 ),
 .UNSPECIFIED. ) ;
#7693 = DIRECTION ( 'NONE',  ( 1.000000000000000000, -1.737850800384704371E-16, 3.330669073875469621E-16 ) ) ;
#7694 = DIRECTION ( 'NONE',  ( -3.184051530367202682E-16, 0.07845909572784610930, 0.9969173337331278528 ) ) ;
#7695 = ORIENTED_EDGE ( 'NONE', *, *, #6142, .F. ) ;
#7696 = EDGE_CURVE ( 'NONE', #4356, #7624, #3774, .T. ) ;
#7697 = EDGE_LOOP ( 'NONE', ( #6955, #3049, #1998, #6642 ) ) ;
#7698 = VERTEX_POINT ( 'NONE', #3130 ) ;
#7699 = ORIENTED_EDGE ( 'NONE', *, *, #3352, .F. ) ;
#7700 = FACE_OUTER_BOUND ( 'NONE', #5544, .T. ) ;
#7701 = VECTOR ( 'NONE', #648, 39.37007874015748143 ) ;
#7702 = CARTESIAN_POINT ( 'NONE',  ( 0.1496125153886498638, -0.2226258399788601239, 0.03937007873910121358 ) ) ;
#7703 = ORIENTED_EDGE ( 'NONE', *, *, #1559, .F. ) ;
#7704 = FACE_OUTER_BOUND ( 'NONE', #1894, .T. ) ;
#7705 = DIRECTION ( 'NONE',  ( 1.000000000000000000, -6.822382627578319843E-15, 4.140897923888838411E-16 ) ) ;
#7706 = LINE ( 'NONE', #1073, #2902 ) ;
#7707 = ADVANCED_FACE ( 'NONE', ( #8487 ), #3824, .T. ) ;
#7708 = VECTOR ( 'NONE', #2936, 39.37007874015748143 ) ;
#7709 = LINE ( 'NONE', #6317, #5193 ) ;
#7710 = DIRECTION ( 'NONE',  ( 0.000000000000000000, -1.000000000000000000, 0.000000000000000000 ) ) ;
#7711 = ORIENTED_EDGE ( 'NONE', *, *, #2195, .T. ) ;
#7712 = DIRECTION ( 'NONE',  ( -1.000000000000000000, 0.000000000000000000, 0.000000000000000000 ) ) ;
#7713 = VERTEX_POINT ( 'NONE', #5849 ) ;
#7714 = CARTESIAN_POINT ( 'NONE',  ( 0.2381951925540042314, -0.2344368636009072915, 0.7283464566918570471 ) ) ;
#7715 = PLANE ( 'NONE',  #7096 ) ;
#7716 = AXIS2_PLACEMENT_3D ( 'NONE', #1011, #390, #1135 ) ;
#7717 = EDGE_CURVE ( 'NONE', #8027, #4910, #1056, .T. ) ;
#7718 = CARTESIAN_POINT ( 'NONE',  ( 0.1232430638470952411, -0.2439560850262929848, 0.5665792536174076854 ) ) ;
#7719 = DIRECTION ( 'NONE',  ( 8.673617379884037937E-17, -1.000000000000000000, -7.228014483236698281E-17 ) ) ;
#7720 =( BOUNDED_SURFACE ( )  B_SPLINE_SURFACE ( 3, 3, ( 
 ( #8375, #1080, #4330, #4470 ),
 ( #330, #2483, #3020, #8510 ),
 ( #5827, #3669, #6409, #6368 ),
 ( #7805, #5170, #5695, #2306 ),
 ( #3063, #3712, #5129, #5734 ),
 ( #7156, #2347, #5037, #1121 ),
 ( #7843, #7075, #1784, #5783 ) ),
 .UNSPECIFIED., .T., .F., .F. ) 
 B_SPLINE_SURFACE_WITH_KNOTS ( ( 4, 3, 4 ),
 ( 4, 4 ),
 ( 0.000000000000000000, 0.5000000000000000000, 1.000000000000000000 ),
 ( 0.000000000000000000, 1.000000000000000000 ),
 .UNSPECIFIED. ) 
 GEOMETRIC_REPRESENTATION_ITEM ( )  RATIONAL_B_SPLINE_SURFACE ( (
 ( 1.000000000000000000, 1.000000000000000000, 1.000000000000000000, 1.000000000000000000),
 ( 0.3333333333333333703, 0.3333333333333333148, 0.3333333333333333148, 0.3333333333333333703),
 ( 0.3333333333333333703, 0.3333333333333333148, 0.3333333333333333148, 0.3333333333333333703),
 ( 1.000000000000000000, 1.000000000000000000, 1.000000000000000000, 1.000000000000000000),
 ( 0.3333333333333333703, 0.3333333333333333148, 0.3333333333333333148, 0.3333333333333333703),
 ( 0.3333333333333333703, 0.3333333333333333148, 0.3333333333333333148, 0.3333333333333333703),
 ( 1.000000000000000000, 1.000000000000000000, 1.000000000000000000, 1.000000000000000000) ) ) 
 REPRESENTATION_ITEM ( '' )  SURFACE ( )  );
#7721 = VECTOR ( 'NONE', #2145, 39.37007874015748143 ) ;
#7722 = ORIENTED_EDGE ( 'NONE', *, *, #811, .F. ) ;
#7723 = VERTEX_POINT ( 'NONE', #653 ) ;
#7724 = ORIENTED_EDGE ( 'NONE', *, *, #2232, .F. ) ;
#7725 = CARTESIAN_POINT ( 'NONE',  ( 0.1273957872139563907, -0.2311701621704498888, 0.4325447551727851225 ) ) ;
#7726 = LINE ( 'NONE', #924, #6195 ) ;
#7727 = AXIS2_PLACEMENT_3D ( 'NONE', #4150, #2083, #2219 ) ;
#7728 = FILL_AREA_STYLE ('',( #5797 ) ) ;
#7729 = EDGE_CURVE ( 'NONE', #8052, #5007, #6682, .T. ) ;
#7730 = CARTESIAN_POINT ( 'NONE',  ( 0.03786745031865866584, -0.4352242651757104452, 0.5730533683279025459 ) ) ;
#7731 = CARTESIAN_POINT ( 'NONE',  ( -0.04258372363872829636, -0.2566259518067365297, 0.2165354330698099072 ) ) ;
#7732 = EDGE_LOOP ( 'NONE', ( #2682, #2422, #6677, #3625, #5155, #516 ) ) ;
#7733 = AXIS2_PLACEMENT_3D ( 'NONE', #6563, #2595, #3182 ) ;
#7734 = CIRCLE ( 'NONE', #4082, 0.08464566929247008265 ) ;
#7735 = FACE_OUTER_BOUND ( 'NONE', #4692, .T. ) ;
#7736 = CARTESIAN_POINT ( 'NONE',  ( 0.1282371099183836349, -0.2371345572183391204, 0.4076073413691131964 ) ) ;
#7737 = CARTESIAN_POINT ( 'NONE',  ( -0.03773275685296913207, -0.2442865190214376647, 0.6627389187349651545 ) ) ;
#7738 = CARTESIAN_POINT ( 'NONE',  ( 0.04134479885321683257, -0.2226258399788601239, 0.1417322834635106887 ) ) ;
#7739 = ADVANCED_FACE ( 'NONE', ( #8085 ), #610, .F. ) ;
#7740 = VECTOR ( 'NONE', #8173, 39.37007874015748143 ) ;
#7741 = EDGE_CURVE ( 'NONE', #6339, #4754, #1263, .T. ) ;
#7742 = VECTOR ( 'NONE', #7841, 39.37007874015748143 ) ;
#7743 = ORIENTED_EDGE ( 'NONE', *, *, #2525, .T. ) ;
#7744 = ORIENTED_EDGE ( 'NONE', *, *, #158, .F. ) ;
#7745 = ORIENTED_EDGE ( 'NONE', *, *, #6341, .T. ) ;
#7746 = ORIENTED_EDGE ( 'NONE', *, *, #5798, .T. ) ;
#7747 = LINE ( 'NONE', #3092, #3672 ) ;
#7748 = VECTOR ( 'NONE', #4698, 39.37007874015748143 ) ;
#7749 = VECTOR ( 'NONE', #7011, 39.37007874015748143 ) ;
#7750 = FACE_OUTER_BOUND ( 'NONE', #3677, .T. ) ;
#7751 = ORIENTED_EDGE ( 'NONE', *, *, #6206, .F. ) ;
#7752 = CARTESIAN_POINT ( 'NONE',  ( 0.05233219495995350412, -0.4352242651757106118, 0.5852881671030556454 ) ) ;
#7753 = EDGE_CURVE ( 'NONE', #1532, #8641, #1965, .T. ) ;
#7754 = CYLINDRICAL_SURFACE ( 'NONE', #6662, 0.03149606299212695526 ) ;
#7755 = LINE ( 'NONE', #2429, #1280 ) ;
#7756 = CARTESIAN_POINT ( 'NONE',  ( 0.2381951925540042869, -0.2167203281678364568, 0.7283464566918570471 ) ) ;
#7757 = VECTOR ( 'NONE', #2071, 39.37007874015748143 ) ;
#7758 = CYLINDRICAL_SURFACE ( 'NONE', #4920, 0.08622047244094488416 ) ;
#7759 = DIRECTION ( 'NONE',  ( 3.184051530367202682E-16, -0.07845909572784610930, -0.9969173337331278528 ) ) ;
#7760 = VERTEX_POINT ( 'NONE', #3330 ) ;
#7761 = DIRECTION ( 'NONE',  ( -2.883227197219675818E-14, -0.9969173337331276308, 0.07845909572784839914 ) ) ;
#7762 = EDGE_LOOP ( 'NONE', ( #4726, #8076, #3427, #4511, #3711, #5452 ) ) ;
#7763 = EDGE_CURVE ( 'NONE', #4738, #5597, #4578, .T. ) ;
#7764 = DIRECTION ( 'NONE',  ( -1.716572833537972315E-33, 1.882801286680184389E-17, -1.000000000000000000 ) ) ;
#7765 = EDGE_CURVE ( 'NONE', #6975, #8573, #1398, .T. ) ;
#7766 = CARTESIAN_POINT ( 'NONE',  ( -0.1013717365798540299, -0.3879801706875215528, 0.3562992125973689084 ) ) ;
#7767 = DIRECTION ( 'NONE',  ( 1.737850800384704371E-16, 1.000000000000000000, -1.448216729911410023E-17 ) ) ;
#7768 = LINE ( 'NONE', #1086, #3633 ) ;
#7769 = MECHANICAL_DESIGN_GEOMETRIC_PRESENTATION_REPRESENTATION (  '', ( #1171 ), #3970 ) ;
#7770 = CARTESIAN_POINT ( 'NONE',  ( -0.1476315790995388344, -0.2413266273804349216, 0.7007874015737463047 ) ) ;
#7771 = ORIENTED_EDGE ( 'NONE', *, *, #4164, .T. ) ;
#7772 = ORIENTED_EDGE ( 'NONE', *, *, #1580, .T. ) ;
#7773 = ORIENTED_EDGE ( 'NONE', *, *, #7496, .F. ) ;
#7774 = EDGE_CURVE ( 'NONE', #4033, #3178, #7259, .T. ) ;
#7775 = ORIENTED_EDGE ( 'NONE', *, *, #3152, .T. ) ;
#7776 = CARTESIAN_POINT ( 'NONE',  ( -0.1555055948475705663, -0.2344368636009073192, 0.5090551181091799160 ) ) ;
#7777 = FACE_OUTER_BOUND ( 'NONE', #3873, .T. ) ;
#7778 = CARTESIAN_POINT ( 'NONE',  ( -0.03293384917452713695, -0.2750927848375306906, 0.2165354330698098795 ) ) ;
#7779 = VERTEX_POINT ( 'NONE', #6012 ) ;
#7780 = AXIS2_PLACEMENT_3D ( 'NONE', #8537, #4457, #3180 ) ;
#7781 = EDGE_CURVE ( 'NONE', #8287, #1128, #3946, .T. ) ;
#7782 = CARTESIAN_POINT ( 'NONE',  ( 0.1340961382869252094, -0.3561653449186111264, 0.2632675982785007140 ) ) ;
#7783 = CARTESIAN_POINT ( 'NONE',  ( -0.1712536263436331696, -0.5728226903725609498, 0.6141732283453998908 ) ) ;
#7784 = CARTESIAN_POINT ( 'NONE',  ( 0.07087235790833484872, -0.4352242651757104452, 0.5984251968493373708 ) ) ;
#7785 = DIRECTION ( 'NONE',  ( -0.7239618166986739878, -0.6898400452005926109, 0.000000000000000000 ) ) ;
#7786 = VECTOR ( 'NONE', #6950, 39.37007874015748143 ) ;
#7787 = ORIENTED_EDGE ( 'NONE', *, *, #3904, .F. ) ;
#7788 = EDGE_LOOP ( 'NONE', ( #1429, #8361, #3115, #4300 ) ) ;
#7789 = ORIENTED_EDGE ( 'NONE', *, *, #7038, .F. ) ;
#7790 = ORIENTED_EDGE ( 'NONE', *, *, #6718, .F. ) ;
#7791 = EDGE_CURVE ( 'NONE', #7556, #5877, #7799, .T. ) ;
#7792 = CIRCLE ( 'NONE', #3713, 0.07086614173239805248 ) ;
#7793 = CARTESIAN_POINT ( 'NONE',  ( -0.1013717365798540299, -0.3879801706875215528, 0.7283464566918570471 ) ) ;
#7794 = EDGE_LOOP ( 'NONE', ( #3159, #3584, #2851, #8180 ) ) ;
#7795 = CARTESIAN_POINT ( 'NONE',  ( 0.04739164288810836234, -0.2307765545472894586, 0.6336828390986177784 ) ) ;
#7796 = LINE ( 'NONE', #8408, #61 ) ;
#7797 = CARTESIAN_POINT ( 'NONE',  ( 0.04739164288810820969, -0.2489471927392392925, 0.6035194442680916760 ) ) ;
#7798 = DIRECTION ( 'NONE',  ( 0.000000000000000000, 1.000000000000000000, 0.000000000000000000 ) ) ;
#7799 = CIRCLE ( 'NONE', #1479, 0.01574803149606299191 ) ;
#7800 = PLANE ( 'NONE',  #3640 ) ;
#7801 = FACE_OUTER_BOUND ( 'NONE', #3402, .T. ) ;
#7802 = ORIENTED_EDGE ( 'NONE', *, *, #6738, .T. ) ;
#7803 = DIRECTION ( 'NONE',  ( 0.000000000000000000, 1.000000000000000000, 0.000000000000000000 ) ) ;
#7804 = ORIENTED_EDGE ( 'NONE', *, *, #5869, .F. ) ;
#7805 = CARTESIAN_POINT ( 'NONE',  ( 0.1223377486206058545, -0.2190550511236971365, 0.6029382427888635432 ) ) ;
#7806 = VECTOR ( 'NONE', #7836, 39.37007874015748143 ) ;
#7807 = CARTESIAN_POINT ( 'NONE',  ( -0.05207951360846464761, -0.3796101093106515334, 0.2603895012951581989 ) ) ;
#7808 = CARTESIAN_POINT ( 'NONE',  ( 0.1275652712941617306, -0.2226258399788601239, 0.2027559055107547858 ) ) ;
#7809 = EDGE_CURVE ( 'NONE', #6815, #1638, #76, .T. ) ;
#7810 = DIRECTION ( 'NONE',  ( -1.000000000000000000, 0.000000000000000000, 0.000000000000000000 ) ) ;
#7811 = EDGE_CURVE ( 'NONE', #2435, #1251, #8632, .T. ) ;
#7812 = CARTESIAN_POINT ( 'NONE',  ( 0.04238714902819497310, -0.4352242651757104452, 0.5540518372692848637 ) ) ;
#7813 = ORIENTED_EDGE ( 'NONE', *, *, #936, .F. ) ;
#7814 = EDGE_LOOP ( 'NONE', ( #5111, #3840 ) ) ;
#7815 = ORIENTED_EDGE ( 'NONE', *, *, #1438, .T. ) ;
#7816 = CARTESIAN_POINT ( 'NONE',  ( -0.1515685869735546865, -0.2334526116324034117, 0.6141732283453998908 ) ) ;
#7817 = LINE ( 'NONE', #1837, #4257 ) ;
#7818 = CARTESIAN_POINT ( 'NONE',  ( 0.04355765701157205544, -0.4391612730497262418, 0.5501387521861702545 ) ) ;
#7819 = EDGE_CURVE ( 'NONE', #4868, #4668, #5001, .T. ) ;
#7820 = DIRECTION ( 'NONE',  ( 9.117121629785412755E-17, -1.000000000000000000, -1.882801286680184389E-17 ) ) ;
#7821 = ORIENTED_EDGE ( 'NONE', *, *, #5531, .F. ) ;
#7822 = CARTESIAN_POINT ( 'NONE',  ( 0.1331988409162925269, -0.3277889557025923106, 0.2718573705992837208 ) ) ;
#7823 = DIRECTION ( 'NONE',  ( 0.000000000000000000, 0.000000000000000000, 1.000000000000000000 ) ) ;
#7824 = DIRECTION ( 'NONE',  ( 0.000000000000000000, 0.9969173337331279638, -0.07845909572784554031 ) ) ;
#7825 = CARTESIAN_POINT ( 'NONE',  ( -0.04203659933718834757, -0.2069255682782914774, 0.5304553114422932980 ) ) ;
#7826 = ORIENTED_EDGE ( 'NONE', *, *, #6085, .T. ) ;
#7827 = EDGE_CURVE ( 'NONE', #4288, #1720, #3372, .T. ) ;
#7828 = VERTEX_POINT ( 'NONE', #1226 ) ;
#7829 = EDGE_LOOP ( 'NONE', ( #2389, #6901 ) ) ;
#7830 = VERTEX_POINT ( 'NONE', #6104 ) ;
#7831 = CARTESIAN_POINT ( 'NONE',  ( 0.08465188546738987296, -0.3909329265930331365, 0.7598425196839825313 ) ) ;
#7832 = ORIENTED_EDGE ( 'NONE', *, *, #3252, .T. ) ;
#7833 = CARTESIAN_POINT ( 'NONE',  ( 0.02376959564401357611, -0.2463894557165097754, 0.6360185745401705226 ) ) ;
#7834 = CARTESIAN_POINT ( 'NONE',  ( 0.05892000206242031107, -0.2410974499539377258, 0.6029016561127540363 ) ) ;
#7835 = CARTESIAN_POINT ( 'NONE',  ( 0.1233039835733191897, -0.2519271926252498184, 0.5651404608681986907 ) ) ;
#7836 = DIRECTION ( 'NONE',  ( 3.184051530367218459E-16, -0.07845909572784609542, -0.9969173337331278528 ) ) ;
#7837 = ADVANCED_FACE ( 'NONE', ( #8649 ), #6059, .F. ) ;
#7838 = DIRECTION ( 'NONE',  ( 0.000000000000000000, 0.000000000000000000, 1.000000000000000000 ) ) ;
#7839 = CARTESIAN_POINT ( 'NONE',  ( 0.1358907330281905745, -0.3909329265930334141, 0.2952755905501241451 ) ) ;
#7840 = ORIENTED_EDGE ( 'NONE', *, *, #1835, .T. ) ;
#7841 = DIRECTION ( 'NONE',  ( -1.000000000000000000, 0.000000000000000000, 0.000000000000000000 ) ) ;
#7842 = ORIENTED_EDGE ( 'NONE', *, *, #5206, .T. ) ;
#7843 = CARTESIAN_POINT ( 'NONE',  ( 0.1247261970436229633, -0.2060591766464856811, 0.5252779592032518208 ) ) ;
#7844 = CARTESIAN_POINT ( 'NONE',  ( -0.04386686374449660225, -0.1919805029656608264, 0.2165354330698099350 ) ) ;
#7845 = AXIS2_PLACEMENT_3D ( 'NONE', #3315, #4605, #7849 ) ;
#7846 = DIRECTION ( 'NONE',  ( 3.388131789017221571E-16, 0.000000000000000000, -1.000000000000000000 ) ) ;
#7847 = DIMENSIONAL_EXPONENTS ( 1.000000000000000000, 0.000000000000000000, 0.000000000000000000, 0.000000000000000000, 0.000000000000000000, 0.000000000000000000, 0.000000000000000000 ) ;
#7848 = EDGE_CURVE ( 'NONE', #4407, #3246, #2626, .T. ) ;
#7849 = DIRECTION ( 'NONE',  ( 0.000000000000000000, 0.000000000000000000, 1.000000000000000000 ) ) ;
#7850 = FACE_OUTER_BOUND ( 'NONE', #692, .T. ) ;
#7851 = ORIENTED_EDGE ( 'NONE', *, *, #3222, .T. ) ;
#7852 = ORIENTED_EDGE ( 'NONE', *, *, #4892, .F. ) ;
#7853 = AXIS2_PLACEMENT_3D ( 'NONE', #2020, #4034, #1403 ) ;
#7854 = ORIENTED_EDGE ( 'NONE', *, *, #7223, .T. ) ;
#7855 = DIRECTION ( 'NONE',  ( 0.000000000000000000, -1.000000000000000000, 0.000000000000000000 ) ) ;
#7856 = EDGE_LOOP ( 'NONE', ( #278, #6435, #4016, #8308 ) ) ;
#7857 = CARTESIAN_POINT ( 'NONE',  ( 0.04134479885321684645, -0.2226258399788601239, 0.03937007873910121358 ) ) ;
#7858 = ADVANCED_FACE ( 'NONE', ( #2723 ), #5408, .F. ) ;
#7859 = CARTESIAN_POINT ( 'NONE',  ( -0.04775617333382219110, -0.2255785958843718741, 0.6618819261918960084 ) ) ;
#7860 = LINE ( 'NONE', #7907, #1530 ) ;
#7861 = CARTESIAN_POINT ( 'NONE',  ( 0.02767463262399548832, -0.4352242651757104452, 0.5878171478554615748 ) ) ;
#7862 = ORIENTED_EDGE ( 'NONE', *, *, #7648, .T. ) ;
#7863 = AXIS2_PLACEMENT_3D ( 'NONE', #6084, #7409, #8069 ) ;
#7864 = PLANE ( 'NONE',  #7878 ) ;
#7865 = EDGE_CURVE ( 'NONE', #579, #7980, #8124, .T. ) ;
#7866 = FACE_OUTER_BOUND ( 'NONE', #326, .T. ) ;
#7867 = CARTESIAN_POINT ( 'NONE',  ( 0.05573635435129738885, -0.2456740444798510281, 0.6451087361837191114 ) ) ;
#7868 = ORIENTED_EDGE ( 'NONE', *, *, #2525, .F. ) ;
#7869 = AXIS2_PLACEMENT_3D ( 'NONE', #5208, #3882, #7238 ) ;
#7870 = VERTEX_POINT ( 'NONE', #4840 ) ;
#7871 = ORIENTED_EDGE ( 'NONE', *, *, #6596, .T. ) ;
#7872 = VERTEX_POINT ( 'NONE', #5737 ) ;
#7873 = LINE ( 'NONE', #1108, #4806 ) ;
#7874 = FACE_OUTER_BOUND ( 'NONE', #3968, .T. ) ;
#7875 = ORIENTED_EDGE ( 'NONE', *, *, #1502, .F. ) ;
#7876 = DIRECTION ( 'NONE',  ( -9.117121629785412755E-17, 1.000000000000000000, 1.882801286680184389E-17 ) ) ;
#7877 = EDGE_CURVE ( 'NONE', #2894, #837, #4290, .T. ) ;
#7878 = AXIS2_PLACEMENT_3D ( 'NONE', #5886, #4582, #3905 ) ;
#7879 = DIRECTION ( 'NONE',  ( 0.000000000000000000, 0.000000000000000000, 1.000000000000000000 ) ) ;
#7880 = CARTESIAN_POINT ( 'NONE',  ( 0.03113489345076715306, -0.4352242651757104452, 0.5857068159438255650 ) ) ;
#7881 = CIRCLE ( 'NONE', #6611, 0.007874015748031449116 ) ;
#7882 = DIRECTION ( 'NONE',  ( -1.000000000000000000, 4.510573100380431801E-15, -3.330669073875498711E-16 ) ) ;
#7883 = VECTOR ( 'NONE', #599, 39.37007874015748143 ) ;
#7884 = CARTESIAN_POINT ( 'NONE',  ( 0.08858889334140561400, -0.3909329265930334141, 0.5696850393690224834 ) ) ;
#7885 = VECTOR ( 'NONE', #3190, 39.37007874015748143 ) ;
#7886 = ORIENTED_EDGE ( 'NONE', *, *, #7072, .T. ) ;
#7887 = CARTESIAN_POINT ( 'NONE',  ( -0.08267094917827931544, -0.2255785958843719574, 0.6597401956568410553 ) ) ;
#7888 = ORIENTED_EDGE ( 'NONE', *, *, #8367, .T. ) ;
#7889 = DIRECTION ( 'NONE',  ( -9.117121629785412755E-17, 1.000000000000000000, 1.882801286680184389E-17 ) ) ;
#7890 = EDGE_CURVE ( 'NONE', #4754, #1270, #5492, .T. ) ;
#7891 = DIRECTION ( 'NONE',  ( 1.000000000000000000, -1.088849380393855616E-15, 1.010178870798710608E-15 ) ) ;
#7892 = CARTESIAN_POINT ( 'NONE',  ( 0.1040501530554642229, -0.1628759148040056226, 0.1181102362194161731 ) ) ;
#7893 = VECTOR ( 'NONE', #2918, 39.37007874015748143 ) ;
#7894 = VECTOR ( 'NONE', #2922, 39.37007874015748143 ) ;
#7895 = DIRECTION ( 'NONE',  ( -9.117121629785411522E-17, 1.000000000000000000, 1.882801286680184389E-17 ) ) ;
#7896 = DIRECTION ( 'NONE',  ( 1.611116917564282895E-15, 0.9969173337331278528, -0.07845909572784610930 ) ) ;
#7897 = VERTEX_POINT ( 'NONE', #8174 ) ;
#7898 = ORIENTED_EDGE ( 'NONE', *, *, #4862, .T. ) ;
#7899 = MECHANICAL_DESIGN_GEOMETRIC_PRESENTATION_REPRESENTATION (  '', ( #2989 ), #7077 ) ;
#7900 = VERTEX_POINT ( 'NONE', #3556 ) ;
#7901 = EDGE_CURVE ( 'NONE', #2705, #4738, #2393, .T. ) ;
#7902 = CARTESIAN_POINT ( 'NONE',  ( 0.08662038940439793777, -0.3840431628135057562, 0.4606299212587862679 ) ) ;
#7903 = VERTEX_POINT ( 'NONE', #5085 ) ;
#7904 = DIRECTION ( 'NONE',  ( 1.000000000000000000, 0.000000000000000000, 1.445602896647339903E-16 ) ) ;
#7905 = LINE ( 'NONE', #4440, #6643 ) ;
#7906 = CIRCLE ( 'NONE', #8604, 0.007874015748031499423 ) ;
#7907 = CARTESIAN_POINT ( 'NONE',  ( 0.1086164433147963626, -0.2433870993412016459, 0.6741671293357939243 ) ) ;
#7908 = DIRECTION ( 'NONE',  ( -1.000000000000000000, -0.000000000000000000, -0.000000000000000000 ) ) ;
#7909 = ORIENTED_EDGE ( 'NONE', *, *, #4068, .F. ) ;
#7910 = VECTOR ( 'NONE', #5026, 39.37007874015748143 ) ;
#7911 = CARTESIAN_POINT ( 'NONE',  ( 0.001974720113059306396, -0.3840431628135057562, 0.4606299212587862679 ) ) ;
#7912 = DIRECTION ( 'NONE',  ( 9.117121629785412755E-17, -1.000000000000000000, -1.882801286680184389E-17 ) ) ;
#7913 = DIRECTION ( 'NONE',  ( 0.000000000000000000, 0.000000000000000000, 1.000000000000000000 ) ) ;
#7914 = ORIENTED_EDGE ( 'NONE', *, *, #8570, .T. ) ;
#7915 = AXIS2_PLACEMENT_3D ( 'NONE', #2757, #2002, #4021 ) ;
#7916 = ADVANCED_FACE ( 'NONE', ( #4924 ), #6249, .F. ) ;
#7917 = EDGE_CURVE ( 'NONE', #2073, #1616, #923, .T. ) ;
#7918 = ORIENTED_EDGE ( 'NONE', *, *, #5761, .F. ) ;
#7919 = ORIENTED_EDGE ( 'NONE', *, *, #6661, .T. ) ;
#7920 = ORIENTED_EDGE ( 'NONE', *, *, #4044, .T. ) ;
#7921 = CARTESIAN_POINT ( 'NONE',  ( 0.02728172823220939569, -0.2456436504859157710, 0.6454949284934086151 ) ) ;
#7922 = AXIS2_PLACEMENT_3D ( 'NONE', #7834, #1812, #4551 ) ;
#7923 = DIRECTION ( 'NONE',  ( 0.000000000000000000, 1.000000000000000000, -0.000000000000000000 ) ) ;
#7924 = CARTESIAN_POINT ( 'NONE',  ( -0.1161355161074131004, -0.2344368636009073192, 0.6141732283454003349 ) ) ;
#7925 = DIRECTION ( 'NONE',  ( -1.000000000000000000, -1.110223024625156294E-16, -1.411854421747038957E-17 ) ) ;
#7926 = B_SPLINE_CURVE_WITH_KNOTS ( 'NONE', 3,
 ( #5517, #8197, #2175, #3534, #2340, #3619, #7621, #6226, #5727, #3705, #2887 ),
 .UNSPECIFIED., .F., .F.,
 ( 4, 1, 1, 1, 1, 1, 1, 1, 4 ),
 ( 0.000000000000000000, 1.659407641258260499E-05, 3.114127505863381384E-05, 4.409530261778910092E-05, 5.569539230119572763E-05, 6.670866237375409761E-05, 7.761999485695693683E-05, 8.855902923461639971E-05, 9.981276924198659577E-05 ),
 .UNSPECIFIED. ) ;
#7927 = EDGE_CURVE ( 'NONE', #2633, #526, #2863, .T. ) ;
#7928 = ORIENTED_EDGE ( 'NONE', *, *, #199, .F. ) ;
#7929 = AXIS2_PLACEMENT_3D ( 'NONE', #3657, #196, #2886 ) ;
#7930 = DIRECTION ( 'NONE',  ( 3.184051530367218952E-16, -0.07845909572784610930, -0.9969173337331279638 ) ) ;
#7931 = ORIENTED_EDGE ( 'NONE', *, *, #236, .F. ) ;
#7932 = DIRECTION ( 'NONE',  ( -0.000000000000000000, -0.000000000000000000, -1.000000000000000000 ) ) ;
#7933 = ORIENTED_EDGE ( 'NONE', *, *, #644, .F. ) ;
#7934 = DIRECTION ( 'NONE',  ( 0.000000000000000000, 0.000000000000000000, 1.000000000000000000 ) ) ;
#7935 = CARTESIAN_POINT ( 'NONE',  ( -0.04920638224914536396, -0.2168720012239284123, 0.2165354330698099072 ) ) ;
#7936 = VECTOR ( 'NONE', #8611, 39.37007874015748143 ) ;
#7937 = DIRECTION ( 'NONE',  ( 3.476302450662492940E-15, 0.07845909572784612318, 0.9969173337331279638 ) ) ;
#7938 = ADVANCED_FACE ( 'NONE', ( #5537, #1446 ), #124, .F. ) ;
#7939 = DIRECTION ( 'NONE',  ( -3.968455379679729417E-15, 0.07845909572784615094, 0.9969173337331278528 ) ) ;
#7940 = ORIENTED_EDGE ( 'NONE', *, *, #3032, .F. ) ;
#7941 = ORIENTED_EDGE ( 'NONE', *, *, #7791, .T. ) ;
#7942 = AXIS2_PLACEMENT_3D ( 'NONE', #1493, #173, #8218 ) ;
#7943 = ORIENTED_EDGE ( 'NONE', *, *, #7975, .F. ) ;
#7944 = CARTESIAN_POINT ( 'NONE',  ( 0.04134479885321682563, -0.2226258399788601239, 0.2165354330698099350 ) ) ;
#7945 = EDGE_LOOP ( 'NONE', ( #7089, #7222, #5760, #159 ) ) ;
#7946 = PLANE ( 'NONE',  #2410 ) ;
#7947 = FACE_OUTER_BOUND ( 'NONE', #5794, .T. ) ;
#7948 = AXIS2_PLACEMENT_3D ( 'NONE', #3099, #1199, #7194 ) ;
#7949 = CARTESIAN_POINT ( 'NONE',  ( 0.06521081618281267256, -0.1351855679641933983, 0.2165354330698099627 ) ) ;
#7950 = EDGE_CURVE ( 'NONE', #2334, #2337, #5271, .T. ) ;
#7951 = EDGE_CURVE ( 'NONE', #950, #7425, #7517, .T. ) ;
#7952 = CARTESIAN_POINT ( 'NONE',  ( -0.02136055534903052652, -0.2823757651537145974, 0.03937007873910120664 ) ) ;
#7953 = ORIENTED_EDGE ( 'NONE', *, *, #3320, .F. ) ;
#7954 = DIRECTION ( 'NONE',  ( 1.000000000000000000, 0.000000000000000000, 0.000000000000000000 ) ) ;
#7955 = DIRECTION ( 'NONE',  ( 2.571728130793390369E-16, -0.07845909572784587338, -0.9969173337331279638 ) ) ;
#7956 = CARTESIAN_POINT ( 'NONE',  ( -0.03964815091417157183, -0.2190550511237039644, 0.6029382427888626550 ) ) ;
#7957 = DIRECTION ( 'NONE',  ( -1.000000000000000000, -0.000000000000000000, -0.000000000000000000 ) ) ;
#7958 = VERTEX_POINT ( 'NONE', #252 ) ;
#7959 = EDGE_CURVE ( 'NONE', #3863, #4910, #634, .T. ) ;
#7960 = EDGE_LOOP ( 'NONE', ( #7572, #4435, #5717, #5639 ) ) ;
#7961 = EDGE_LOOP ( 'NONE', ( #3883, #1585, #785, #5854, #5694, #6278 ) ) ;
#7962 = DIRECTION ( 'NONE',  ( 0.000000000000000000, 0.000000000000000000, -1.000000000000000000 ) ) ;
#7963 = CARTESIAN_POINT ( 'NONE',  ( -0.04577127260719273533, -0.2348794026851815653, 0.3974174252465245694 ) ) ;
#7964 = CARTESIAN_POINT ( 'NONE',  ( 0.1712660586957365227, -0.3909329265930334141, 0.3700787401564238910 ) ) ;
#7965 = ADVANCED_FACE ( 'NONE', ( #3507 ), #6452, .F. ) ;
#7966 = EDGE_LOOP ( 'NONE', ( #2634, #2138, #4632, #3721 ) ) ;
#7967 = CARTESIAN_POINT ( 'NONE',  ( 0.02922830598980420344, -0.4391612730497261863, 0.5877047158497396007 ) ) ;
#7968 = ORIENTED_EDGE ( 'NONE', *, *, #3375, .F. ) ;
#7969 = DIRECTION ( 'NONE',  ( -3.184051530367203175E-16, 0.07845909572784612318, 0.9969173337331279638 ) ) ;
#7970 = EDGE_LOOP ( 'NONE', ( #8639, #6895, #980, #8492 ) ) ;
#7971 = DIRECTION ( 'NONE',  ( 0.000000000000000000, 1.000000000000000000, 0.000000000000000000 ) ) ;
#7972 = CARTESIAN_POINT ( 'NONE',  ( -0.05050924320985743926, -0.3277256598867953619, 0.2718105341593826108 ) ) ;
#7973 = CARTESIAN_POINT ( 'NONE',  ( -0.04609373270224936120, -0.1987554234537116660, 0.2165354330698099350 ) ) ;
#7974 = B_SPLINE_SURFACE_WITH_KNOTS ( 'NONE', 3, 1, ( 
 ( #1353, #3329 ),
 ( #4748, #2013 ),
 ( #5360, #6011 ),
 ( #81, #6147 ),
 ( #6057, #7426 ),
 ( #8044, #4074 ),
 ( #4662, #8123 ),
 ( #8686, #4706 ),
 ( #122, #2810 ),
 ( #6722, #7515 ),
 ( #5536, #1397 ) ),
 .UNSPECIFIED., .F., .F., .F.,
 ( 4, 1, 1, 1, 1, 1, 1, 1, 4 ),
 ( 2, 2 ),
 ( 0.000000000000000000, 0.1644404031263032862, 0.3084766011357236715, 0.4375302333700403778, 0.5520612181874778868, 0.6571683639633595364, 0.7581084311499572959, 0.8691579697699636231, 1.000000000000000000 ),
 ( 0.000000000000000000, 1.000000000000000000 ),
 .UNSPECIFIED. ) ;
#7975 = EDGE_CURVE ( 'NONE', #1930, #1542, #7600, .T. ) ;
#7976 = CARTESIAN_POINT ( 'NONE',  ( -0.09841898067434193265, -0.2334526116324034117, 0.4409448818887066190 ) ) ;
#7977 = DIRECTION ( 'NONE',  ( 1.000000000000000000, 0.000000000000000000, 0.000000000000000000 ) ) ;
#7978 = EDGE_LOOP ( 'NONE', ( #7074, #5571, #5221, #2294 ) ) ;
#7979 = ORIENTED_EDGE ( 'NONE', *, *, #8570, .F. ) ;
#7980 = VERTEX_POINT ( 'NONE', #8260 ) ;
#7981 = CARTESIAN_POINT ( 'NONE',  ( 0.03523594331953355807, -0.4352242651757104452, 0.5850403953401510648 ) ) ;
#7982 = CARTESIAN_POINT ( 'NONE',  ( 0.08071487759337428458, -0.4155392258056317956, 0.4725006102157096599 ) ) ;
#7983 = ORIENTED_EDGE ( 'NONE', *, *, #2108, .F. ) ;
#7984 = VECTOR ( 'NONE', #4129, 39.37007874015748143 ) ;
#7985 = CYLINDRICAL_SURFACE ( 'NONE', #3253, 0.007874015748031466463 ) ;
#7986 = EDGE_CURVE ( 'NONE', #7113, #3576, #5785, .T. ) ;
#7987 = LINE ( 'NONE', #4741, #6946 ) ;
#7988 = DIRECTION ( 'NONE',  ( -1.228015396737279800E-16, -1.287490079826536515E-18, 1.000000000000000000 ) ) ;
#7989 = CARTESIAN_POINT ( 'NONE',  ( 0.01181723979809860825, -0.4352242651757104452, 0.5984251968493373708 ) ) ;
#7990 = AXIS2_PLACEMENT_3D ( 'NONE', #3111, #5003, #7675 ) ;
#7991 = ORIENTED_EDGE ( 'NONE', *, *, #6958, .F. ) ;
#7992 = DIRECTION ( 'NONE',  ( 8.391575913070892249E-17, -0.9674828327720265131, -0.2529366883064121385 ) ) ;
#7993 = EDGE_CURVE ( 'NONE', #8575, #6931, #3066, .T. ) ;
#7994 = DIRECTION ( 'NONE',  ( 0.000000000000000000, 1.000000000000000000, 0.000000000000000000 ) ) ;
#7995 = EDGE_CURVE ( 'NONE', #1638, #8436, #788, .T. ) ;
#7996 = CARTESIAN_POINT ( 'NONE',  ( 0.05195401661505751056, -0.2453726643138080254, 0.6489381342768809624 ) ) ;
#7997 = AXIS2_PLACEMENT_3D ( 'NONE', #5031, #7666, #4283 ) ;
#7998 = CYLINDRICAL_SURFACE ( 'NONE', #1999, 0.01181102362204730985 ) ;
#7999 = ORIENTED_EDGE ( 'NONE', *, *, #2420, .T. ) ;
#8000 = DIRECTION ( 'NONE',  ( -3.330669073875469621E-16, 1.448216729911419884E-17, 1.000000000000000000 ) ) ;
#8001 = EDGE_LOOP ( 'NONE', ( #1850, #5391, #7165, #7392, #1885 ) ) ;
#8002 = ORIENTED_EDGE ( 'NONE', *, *, #3152, .F. ) ;
#8003 = AXIS2_PLACEMENT_3D ( 'NONE', #3631, #6327, #1046 ) ;
#8004 = LINE ( 'NONE', #8053, #5644 ) ;
#8005 = CARTESIAN_POINT ( 'NONE',  ( 0.02376959564401360386, -0.2464760401178884563, 0.6349184154092927246 ) ) ;
#8006 = EDGE_CURVE ( 'NONE', #4404, #3355, #8039, .T. ) ;
#8007 = CARTESIAN_POINT ( 'NONE',  ( -0.005899295634972270656, -0.3909329265930334141, 0.5775590551170539655 ) ) ;
#8008 = ADVANCED_FACE ( 'NONE', ( #6496 ), #3314, .T. ) ;
#8009 = CARTESIAN_POINT ( 'NONE',  ( 0.04134479885321703380, -0.5730195407662621587, 0.2027559055107547026 ) ) ;
#8010 = DIRECTION ( 'NONE',  ( 0.000000000000000000, 1.000000000000000000, 0.000000000000000000 ) ) ;
#8011 = CIRCLE ( 'NONE', #7310, 0.02362204724409461970 ) ;
#8012 = VERTEX_POINT ( 'NONE', #7808 ) ;
#8013 = CARTESIAN_POINT ( 'NONE',  ( 0.03113489345076715306, -0.4352242651757104452, 0.5857068159438255650 ) ) ;
#8014 = ORIENTED_EDGE ( 'NONE', *, *, #5227, .T. ) ;
#8015 = DIRECTION ( 'NONE',  ( -1.000000000000000000, 0.000000000000000000, 0.000000000000000000 ) ) ;
#8016 = VECTOR ( 'NONE', #417, 39.37007874015748143 ) ;
#8017 = VECTOR ( 'NONE', #1187, 39.37007874015748143 ) ;
#8018 = ORIENTED_EDGE ( 'NONE', *, *, #5402, .T. ) ;
#8019 = CARTESIAN_POINT ( 'NONE',  ( -0.1555055948475705385, -0.4391612730497262418, 0.7283464566918570471 ) ) ;
#8020 = CARTESIAN_POINT ( 'NONE',  ( 0.04134479885321679787, -0.3909329265930334141, 0.3885826771642975630 ) ) ;
#8021 = VECTOR ( 'NONE', #1630, 39.37007874015748143 ) ;
#8022 = VECTOR ( 'NONE', #7683, 39.37007874015748143 ) ;
#8023 = DIRECTION ( 'NONE',  ( -1.000000000000000000, 0.000000000000000000, 0.000000000000000000 ) ) ;
#8024 = DIRECTION ( 'NONE',  ( -1.737850800384704371E-16, -1.000000000000000000, 1.448216729911410023E-17 ) ) ;
#8025 = ADVANCED_FACE ( 'NONE', ( #5868 ), #509, .T. ) ;
#8026 = EDGE_CURVE ( 'NONE', #6640, #4377, #5829, .T. ) ;
#8027 = VERTEX_POINT ( 'NONE', #5213 ) ;
#8028 = ORIENTED_EDGE ( 'NONE', *, *, #8647, .T. ) ;
#8029 = EDGE_LOOP ( 'NONE', ( #6606, #8477, #460, #3212 ) ) ;
#8030 = CARTESIAN_POINT ( 'NONE',  ( 0.1331988409162925269, -0.3341185372822553235, 0.2765410145894515725 ) ) ;
#8031 = AXIS2_PLACEMENT_3D ( 'NONE', #3813, #1178, #428 ) ;
#8032 = VERTEX_POINT ( 'NONE', #464 ) ;
#8033 = VECTOR ( 'NONE', #8268, 39.37007874015748143 ) ;
#8034 = CARTESIAN_POINT ( 'NONE',  ( -0.07676543736725569000, -0.3879801706875215528, 0.1889763779516996645 ) ) ;
#8035 = CARTESIAN_POINT ( 'NONE',  ( -0.04055346614066161065, -0.2518058278115942739, 0.5671970417727193459 ) ) ;
#8036 = DIRECTION ( 'NONE',  ( 0.000000000000000000, 0.000000000000000000, -1.000000000000000000 ) ) ;
#8037 = AXIS2_PLACEMENT_3D ( 'NONE', #7483, #5550, #8231 ) ;
#8038 = CARTESIAN_POINT ( 'NONE',  ( 0.04983618802726678954, -0.4352242651757109448, 0.5871752277519244334 ) ) ;
#8039 = B_SPLINE_CURVE_WITH_KNOTS ( 'NONE', 3,
 ( #7473, #2238, #1581, #4258, #588, #5131, #3151, #1245, #2524, #7279, #1823, #7158, #4472, #8550, #2484 ),
 .UNSPECIFIED., .F., .F.,
 ( 4, 2, 2, 2, 1, 2, 2, 4 ),
 ( 0.5000000016227740263, 0.5625000000000139888, 0.6250000000000143219, 0.7500000000000148770, 0.8125000000000139888, 0.8437500000000135447, 0.8750000000000129896, 1.000000000000000000 ),
 .UNSPECIFIED. ) ;
#8040 = EDGE_CURVE ( 'NONE', #8474, #6685, #5294, .T. ) ;
#8041 = VERTEX_POINT ( 'NONE', #7203 ) ;
#8042 = CARTESIAN_POINT ( 'NONE',  ( 0.03786745031865866584, -0.4352242651757104452, 0.5730533683279025459 ) ) ;
#8043 = B_SPLINE_SURFACE_WITH_KNOTS ( 'NONE', 1, 3, ( 
 ( #6744, #3396, #6127, #2077, #1555, #8239 ),
 ( #4100, #2127, #3442, #1373, #6937, #6169 ),
 ( #8194, #2885, #8063, #144, #4816, #4769 ),
 ( #7491, #2215, #902, #6794, #1467, #4861 ) ),
 .UNSPECIFIED., .F., .F., .F.,
 ( 2, 1, 1, 2 ),
 ( 4, 2, 4 ),
 ( -0.01000000000000000021, 0.000000000000000000, 1.000000000000000000, 1.010099999999999998 ),
 ( 0.000000000000000000, 0.5000000000000000000, 1.000000000000000000 ),
 .UNSPECIFIED. ) ;
#8044 = CARTESIAN_POINT ( 'NONE',  ( 0.05013414984153252013, -0.4391612730497261863, 0.5866391230700157555 ) ) ;
#8045 = DIRECTION ( 'NONE',  ( -1.000000000000000000, 0.000000000000000000, 0.000000000000000000 ) ) ;
#8046 = DIRECTION ( 'NONE',  ( -1.000000000000000000, 0.000000000000000000, 0.000000000000000000 ) ) ;
#8047 = ORIENTED_EDGE ( 'NONE', *, *, #7630, .T. ) ;
#8048 = FACE_OUTER_BOUND ( 'NONE', #1941, .T. ) ;
#8049 = EDGE_CURVE ( 'NONE', #1597, #7698, #5911, .T. ) ;
#8050 = VERTEX_POINT ( 'NONE', #7892 ) ;
#8051 = VECTOR ( 'NONE', #5441, 39.37007874015748143 ) ;
#8052 = VERTEX_POINT ( 'NONE', #3230 ) ;
#8053 = CARTESIAN_POINT ( 'NONE',  ( -0.1013717365798540299, -0.3879801706875215528, 0.3562992125973689084 ) ) ;
#8054 = LINE ( 'NONE', #6023, #486 ) ;
#8055 = PLANE ( 'NONE',  #6932 ) ;
#8056 = CARTESIAN_POINT ( 'NONE',  ( 0.1356664086855324247, -0.3988069423410647851, 0.2870585712699015302 ) ) ;
#8057 = AXIS2_PLACEMENT_3D ( 'NONE', #1639, #6935, #6356 ) ;
#8058 = EDGE_CURVE ( 'NONE', #5146, #3881, #8512, .T. ) ;
#8059 = VERTEX_POINT ( 'NONE', #2610 ) ;
#8060 = CARTESIAN_POINT ( 'NONE',  ( 0.02836668478934982821, -0.4391612730497263528, 0.5878171478554616858 ) ) ;
#8061 = FACE_OUTER_BOUND ( 'NONE', #8558, .T. ) ;
#8062 = VERTEX_POINT ( 'NONE', #3194 ) ;
#8063 = CARTESIAN_POINT ( 'NONE',  ( -0.04487640693675148257, -0.2309855564327501498, 0.4272560107508044935 ) ) ;
#8064 = CARTESIAN_POINT ( 'NONE',  ( -0.07282842949323992121, -0.1005785958843719852, 0.1909448818887074795 ) ) ;
#8065 = LINE ( 'NONE', #6747, #6544 ) ;
#8066 = VECTOR ( 'NONE', #1288, 39.37007874015748143 ) ;
#8067 = FACE_OUTER_BOUND ( 'NONE', #143, .T. ) ;
#8068 = EDGE_CURVE ( 'NONE', #294, #3781, #5995, .T. ) ;
#8069 = DIRECTION ( 'NONE',  ( -1.000000000000000000, 0.000000000000000000, 0.000000000000000000 ) ) ;
#8070 = ORIENTED_EDGE ( 'NONE', *, *, #7811, .F. ) ;
#8071 = VERTEX_POINT ( 'NONE', #3846 ) ;
#8072 = DIRECTION ( 'NONE',  ( -1.000000000000000000, 0.000000000000000000, 0.000000000000000000 ) ) ;
#8073 = ORIENTED_EDGE ( 'NONE', *, *, #2343, .T. ) ;
#8074 = LINE ( 'NONE', #4446, #582 ) ;
#8075 = CIRCLE ( 'NONE', #5830, 0.04330708661417324162 ) ;
#8076 = ORIENTED_EDGE ( 'NONE', *, *, #4809, .F. ) ;
#8077 = DIRECTION ( 'NONE',  ( -1.000000000000000000, -9.117121629785411522E-17, 9.282927046011350088E-49 ) ) ;
#8078 = EDGE_CURVE ( 'NONE', #1498, #6180, #1761, .T. ) ;
#8079 = CARTESIAN_POINT ( 'NONE',  ( -0.05300205789929408190, -0.2255785958843719574, 0.6574803149595732643 ) ) ;
#8080 = AXIS2_PLACEMENT_3D ( 'NONE', #5172, #1946, #8631 ) ;
#8081 = CARTESIAN_POINT ( 'NONE',  ( 0.08071487759337418744, -0.3988069423410648406, 0.4673228346446128278 ) ) ;
#8082 = ORIENTED_EDGE ( 'NONE', *, *, #7717, .T. ) ;
#8083 = VERTEX_POINT ( 'NONE', #1785 ) ;
#8084 = AXIS2_PLACEMENT_3D ( 'NONE', #534, #4553, #3221 ) ;
#8085 = FACE_OUTER_BOUND ( 'NONE', #3048, .T. ) ;
#8086 = CARTESIAN_POINT ( 'NONE',  ( -0.04203659933718882635, -0.2789753038089533566, 0.5157371524773608495 ) ) ;
#8087 = DIRECTION ( 'NONE',  ( 1.737850800384704371E-16, 1.000000000000000000, -3.511521488730090573E-17 ) ) ;
#8088 = EDGE_CURVE ( 'NONE', #1649, #7828, #2476, .T. ) ;
#8089 = EDGE_LOOP ( 'NONE', ( #3830, #8298, #4298, #6570 ) ) ;
#8090 = CARTESIAN_POINT ( 'NONE',  ( 0.05547639033590936325, -0.2497882258610097106, 0.5928331052329567363 ) ) ;
#8091 = EDGE_LOOP ( 'NONE', ( #5048, #3088, #7505, #4514 ) ) ;
#8092 = ORIENTED_EDGE ( 'NONE', *, *, #7729, .T. ) ;
#8093 = DIRECTION ( 'NONE',  ( -3.614007241618360604E-16, 0.07845909572784552644, 0.9969173337331278528 ) ) ;
#8094 = DIRECTION ( 'NONE',  ( 1.110223024625156294E-16, -1.000000000000000000, -7.425991029036739954E-17 ) ) ;
#8095 = DIRECTION ( 'NONE',  ( 0.02437638171909711771, 6.187356497370518209E-16, 0.9997028518586333901 ) ) ;
#8096 = LINE ( 'NONE', #6261, #7204 ) ;
#8097 = LINE ( 'NONE', #6648, #3727 ) ;
#8098 = EDGE_CURVE ( 'NONE', #598, #1340, #3399, .T. ) ;
#8099 = EDGE_LOOP ( 'NONE', ( #1951, #5014, #3311, #1932 ) ) ;
#8100 = CYLINDRICAL_SURFACE ( 'NONE', #5072, 0.007874015748031468198 ) ;
#8101 = DIRECTION ( 'NONE',  ( 1.000000000000000000, 0.000000000000000000, 0.000000000000000000 ) ) ;
#8102 = ORIENTED_EDGE ( 'NONE', *, *, #6206, .T. ) ;
#8103 = DIRECTION ( 'NONE',  ( -1.737850800384704371E-16, -1.000000000000000000, 1.448216729911410023E-17 ) ) ;
#8104 = DIRECTION ( 'NONE',  ( -2.571728130793564905E-16, 0.07845909572784610930, 0.9969173337331278528 ) ) ;
#8105 = CARTESIAN_POINT ( 'NONE',  ( 0.007345106446085113844, -0.1386971513331379802, 0.2165354330698099350 ) ) ;
#8106 = ADVANCED_FACE ( 'NONE', ( #15 ), #60, .F. ) ;
#8107 = DIRECTION ( 'NONE',  ( 1.000000000000000000, 9.117121629785412755E-17, -9.282927046011350088E-49 ) ) ;
#8108 = FACE_OUTER_BOUND ( 'NONE', #7188, .T. ) ;
#8109 = ORIENTED_EDGE ( 'NONE', *, *, #4670, .F. ) ;
#8110 = ORIENTED_EDGE ( 'NONE', *, *, #5000, .T. ) ;
#8111 = DIRECTION ( 'NONE',  ( 0.2321272411244070799, 0.000000000000000000, -0.9726854290714811446 ) ) ;
#8112 = VERTEX_POINT ( 'NONE', #809 ) ;
#8113 = CARTESIAN_POINT ( 'NONE',  ( 0.1331988409162925269, -0.3341824660562099369, 0.2765883193937523354 ) ) ;
#8114 = ORIENTED_EDGE ( 'NONE', *, *, #86, .F. ) ;
#8115 = FACE_OUTER_BOUND ( 'NONE', #8330, .T. ) ;
#8116 = CARTESIAN_POINT ( 'NONE',  ( -0.05207951360846463373, -0.3755432474011025645, 0.2674224254762989084 ) ) ;
#8117 = CARTESIAN_POINT ( 'NONE',  ( 0.08071487759337428458, -0.4155392258056317956, 0.4725006102157096599 ) ) ;
#8118 = ORIENTED_EDGE ( 'NONE', *, *, #1335, .F. ) ;
#8119 =( GEOMETRIC_REPRESENTATION_CONTEXT ( 3 ) GLOBAL_UNCERTAINTY_ASSIGNED_CONTEXT ( ( #6148 ) ) GLOBAL_UNIT_ASSIGNED_CONTEXT ( ( #4844, #2815, #6963 ) ) REPRESENTATION_CONTEXT ( 'NONE', 'WORKASPACE' ) );
#8120 = ADVANCED_FACE ( 'NONE', ( #1334 ), #2128, .F. ) ;
#8121 = DIRECTION ( 'NONE',  ( 1.000000000000000000, 1.146678109015832589E-15, 1.411854421747046661E-17 ) ) ;
#8122 = ORIENTED_EDGE ( 'NONE', *, *, #4248, .F. ) ;
#8123 = CARTESIAN_POINT ( 'NONE',  ( 0.04983618802726678954, -0.4352242651757104452, 0.5871752277519244334 ) ) ;
#8124 = LINE ( 'NONE', #2103, #926 ) ;
#8125 = LINE ( 'NONE', #6150, #1138 ) ;
#8126 = SURFACE_STYLE_FILL_AREA ( #1401 ) ;
#8127 = VECTOR ( 'NONE', #4384, 39.37007874015748143 ) ;
#8128 = ORIENTED_EDGE ( 'NONE', *, *, #2772, .T. ) ;
#8129 = FACE_OUTER_BOUND ( 'NONE', #1490, .T. ) ;
#8130 = ORIENTED_EDGE ( 'NONE', *, *, #6392, .T. ) ;
#8131 = ORIENTED_EDGE ( 'NONE', *, *, #3241, .T. ) ;
#8132 = EDGE_CURVE ( 'NONE', #2589, #2073, #1336, .T. ) ;
#8133 = EDGE_CURVE ( 'NONE', #7425, #8041, #6036, .T. ) ;
#8134 = CARTESIAN_POINT ( 'NONE',  ( 0.1287833304086830610, -0.2464962565040093312, 0.2165354330698099905 ) ) ;
#8135 = TOROIDAL_SURFACE ( 'NONE', #3918, 0.1397637795275590289, 0.007874015748031482076 ) ;
#8136 = FACE_OUTER_BOUND ( 'NONE', #6286, .T. ) ;
#8137 = DIRECTION ( 'NONE',  ( 0.000000000000000000, 1.000000000000000000, 0.000000000000000000 ) ) ;
#8138 = LINE ( 'NONE', #3386, #3258 ) ;
#8139 = CARTESIAN_POINT ( 'NONE',  ( -0.1515685869735546865, -0.2177045801363404198, 0.7244094488178406399 ) ) ;
#8140 = CIRCLE ( 'NONE', #6035, 0.007874015748031499423 ) ;
#8141 = ORIENTED_EDGE ( 'NONE', *, *, #7038, .T. ) ;
#8142 = CARTESIAN_POINT ( 'NONE',  ( 0.1594550350736892996, -0.3879801706875215528, 0.7283464566918570471 ) ) ;
#8143 = EDGE_CURVE ( 'NONE', #117, #3955, #5386, .T. ) ;
#8144 = DIRECTION ( 'NONE',  ( 9.117121629785412755E-17, -1.000000000000000000, -1.882801286680184389E-17 ) ) ;
#8145 = ORIENTED_EDGE ( 'NONE', *, *, #1461, .T. ) ;
#8146 = CARTESIAN_POINT ( 'NONE',  ( -0.09645047673733435356, -0.1242006431284664314, 0.4921259842509123628 ) ) ;
#8147 = FACE_OUTER_BOUND ( 'NONE', #6357, .T. ) ;
#8148 = AXIS2_PLACEMENT_3D ( 'NONE', #1875, #4568, #1247 ) ;
#8149 = CARTESIAN_POINT ( 'NONE',  ( 0.08465188546738984521, -0.4106179659631121748, 0.7401574803139043812 ) ) ;
#8150 = CARTESIAN_POINT ( 'NONE',  ( 0.06102983822329580837, -0.2410974499539380034, 0.6029016561127543694 ) ) ;
#8151 = VECTOR ( 'NONE', #5993, 39.37007874015748143 ) ;
#8152 = DIRECTION ( 'NONE',  ( 0.2401166675528378369, 0.000000000000000000, 0.9707440373050559845 ) ) ;
#8153 = VECTOR ( 'NONE', #669, 39.37007874015748143 ) ;
#8154 = ORIENTED_EDGE ( 'NONE', *, *, #2717, .T. ) ;
#8155 = EDGE_CURVE ( 'NONE', #88, #7687, #6266, .T. ) ;
#8156 = VERTEX_POINT ( 'NONE', #1991 ) ;
#8157 = DIRECTION ( 'NONE',  ( -0.000000000000000000, -0.000000000000000000, -1.000000000000000000 ) ) ;
#8158 = VERTEX_POINT ( 'NONE', #3485 ) ;
#8159 = CARTESIAN_POINT ( 'NONE',  ( -0.05163086492314829246, -0.3639624512903286702, 0.2553125881363527139 ) ) ;
#8160 = ORIENTED_EDGE ( 'NONE', *, *, #2738, .T. ) ;
#8161 = FACE_OUTER_BOUND ( 'NONE', #21, .T. ) ;
#8162 = VECTOR ( 'NONE', #5190, 39.37007874015748143 ) ;
#8163 = CIRCLE ( 'NONE', #1276, 0.01075610554160946405 ) ;
#8164 = DIRECTION ( 'NONE',  ( 0.000000000000000000, 1.000000000000000000, 0.000000000000000000 ) ) ;
#8165 = LINE ( 'NONE', #1526, #5461 ) ;
#8166 = DIRECTION ( 'NONE',  ( 1.716572833537972315E-33, -1.882801286680184389E-17, 1.000000000000000000 ) ) ;
#8167 = ORIENTED_EDGE ( 'NONE', *, *, #982, .T. ) ;
#8168 = EDGE_CURVE ( 'NONE', #6367, #1090, #8065, .T. ) ;
#8169 = AXIS2_PLACEMENT_3D ( 'NONE', #6004, #8077, #8678 ) ;
#8170 = AXIS2_PLACEMENT_3D ( 'NONE', #8696, #2683, #796 ) ;
#8171 = LINE ( 'NONE', #2720, #7230 ) ;
#8172 = ORIENTED_EDGE ( 'NONE', *, *, #5837, .F. ) ;
#8173 = DIRECTION ( 'NONE',  ( -1.411854421747038033E-17, -7.425991029036739954E-17, 1.000000000000000000 ) ) ;
#8174 = CARTESIAN_POINT ( 'NONE',  ( -0.04470618950797566188, -0.2232961464224180737, 0.4325447551727850115 ) ) ;
#8175 = CARTESIAN_POINT ( 'NONE',  ( 0.1791400744437680326, -0.2344368636009073192, 0.6141732283454004460 ) ) ;
#8176 = DIRECTION ( 'NONE',  ( -1.716572833537972315E-33, 1.882801286680184389E-17, -1.000000000000000000 ) ) ;
#8177 = AXIS2_PLACEMENT_3D ( 'NONE', #1592, #3083, #7785 ) ;
#8178 = AXIS2_PLACEMENT_3D ( 'NONE', #1320, #7189, #5243 ) ;
#8179 = CARTESIAN_POINT ( 'NONE',  ( 0.08071487759337418744, -0.3988069423410645631, 0.4594488188965814013 ) ) ;
#8180 = ORIENTED_EDGE ( 'NONE', *, *, #7223, .F. ) ;
#8181 = ORIENTED_EDGE ( 'NONE', *, *, #1024, .F. ) ;
#8182 = LINE ( 'NONE', #2067, #4952 ) ;
#8183 = DIRECTION ( 'NONE',  ( -0.000000000000000000, 0.000000000000000000, 1.000000000000000000 ) ) ;
#8184 = PLANE ( 'NONE',  #3580 ) ;
#8185 = PLANE ( 'NONE',  #2277 ) ;
#8186 = LINE ( 'NONE', #2163, #4155 ) ;
#8187 = EDGE_CURVE ( 'NONE', #776, #7897, #718, .T. ) ;
#8188 = EDGE_CURVE ( 'NONE', #2489, #2868, #5429, .T. ) ;
#8189 = AXIS2_PLACEMENT_3D ( 'NONE', #3203, #6462, #7128 ) ;
#8190 = ORIENTED_EDGE ( 'NONE', *, *, #2831, .T. ) ;
#8191 = CARTESIAN_POINT ( 'NONE',  ( -0.1555055948475705663, -0.4391612730497262418, 0.1181102362194161731 ) ) ;
#8192 = DIRECTION ( 'NONE',  ( 0.000000000000000000, 1.000000000000000000, 0.000000000000000000 ) ) ;
#8193 = ORIENTED_EDGE ( 'NONE', *, *, #4873, .T. ) ;
#8194 = CARTESIAN_POINT ( 'NONE',  ( -0.04442897410153092558, -0.2318720802020088345, 0.4409920735829789273 ) ) ;
#8195 = VECTOR ( 'NONE', #4024, 39.37007874015748143 ) ;
#8196 = DIRECTION ( 'NONE',  ( 0.000000000000000000, -0.2529366883064121385, 0.9674828327720265131 ) ) ;
#8197 = CARTESIAN_POINT ( 'NONE',  ( 0.05237393860806556500, -0.4352242651757101122, 0.5855036343567547874 ) ) ;
#8198 = EDGE_CURVE ( 'NONE', #8012, #1498, #1423, .T. ) ;
#8199 = CARTESIAN_POINT ( 'NONE',  ( 0.1968566098768388950, -0.2334526116324033562, 0.6141732283453998908 ) ) ;
#8200 = CIRCLE ( 'NONE', #3702, 0.1023622047244094613 ) ;
#8201 = LINE ( 'NONE', #765, #4932 ) ;
#8202 = ORIENTED_EDGE ( 'NONE', *, *, #4179, .F. ) ;
#8203 = ORIENTED_EDGE ( 'NONE', *, *, #5145, .T. ) ;
#8204 = CARTESIAN_POINT ( 'NONE',  ( 0.05237393860806556500, -0.4391612730497045924, 0.5855036343567547874 ) ) ;
#8205 = EDGE_LOOP ( 'NONE', ( #3062, #8374, #4455, #3739 ) ) ;
#8206 = CARTESIAN_POINT ( 'NONE',  ( 0.1349934356575578920, -0.3810510654869875280, 0.2715517745000738947 ) ) ;
#8207 = VERTEX_POINT ( 'NONE', #6798 ) ;
#8208 = CARTESIAN_POINT ( 'NONE',  ( 0.05233219495995350412, -0.4391612730497262418, 0.5852881671030556454 ) ) ;
#8209 = CIRCLE ( 'NONE', #3432, 0.007874015748031482076 ) ;
#8210 = CARTESIAN_POINT ( 'NONE',  ( 0.07868311493895041586, -0.1330200965149084258, 2.076512863364626149 ) ) ;
#8211 = EDGE_CURVE ( 'NONE', #5845, #8027, #2747, .T. ) ;
#8212 = CARTESIAN_POINT ( 'NONE',  ( -0.05050924320985743926, -0.3341185372822549349, 0.2765410145894520166 ) ) ;
#8213 = CARTESIAN_POINT ( 'NONE',  ( 0.2165416492469179333, -0.5492006431284662815, 0.6574803149595729312 ) ) ;
#8214 = EDGE_LOOP ( 'NONE', ( #514, #7241, #4406, #886 ) ) ;
#8215 = CARTESIAN_POINT ( 'NONE',  ( 0.01181723979809862560, -0.4352242651757104452, 0.5984251968493373708 ) ) ;
#8216 = VERTEX_POINT ( 'NONE', #3443 ) ;
#8217 = DIRECTION ( 'NONE',  ( 1.000000000000000000, -4.510573100380431801E-15, 3.330669073875498711E-16 ) ) ;
#8218 = DIRECTION ( 'NONE',  ( 1.000000000000000000, 0.000000000000000000, 0.000000000000000000 ) ) ;
#8219 = CARTESIAN_POINT ( 'NONE',  ( 0.04134479885321676318, -0.4184919817111423246, 0.3805293352355708647 ) ) ;
#8220 = CARTESIAN_POINT ( 'NONE',  ( -0.09645047673733436744, -0.04546048564815143717, 0.1909448818887074795 ) ) ;
#8221 = EDGE_CURVE ( 'NONE', #4875, #6230, #7250, .T. ) ;
#8222 = VECTOR ( 'NONE', #6291, 39.37007874015748143 ) ;
#8223 = CARTESIAN_POINT ( 'NONE',  ( 0.1273957872144106107, -0.2232961464224183512, 0.4325447551727847340 ) ) ;
#8224 = CARTESIAN_POINT ( 'NONE',  ( -0.08857646098930285761, -0.3988069423410648406, 0.3700787401564238910 ) ) ;
#8225 = ORIENTED_EDGE ( 'NONE', *, *, #4314, .F. ) ;
#8226 = ORIENTED_EDGE ( 'NONE', *, *, #8367, .F. ) ;
#8227 = CARTESIAN_POINT ( 'NONE',  ( 0.03534863969915230664, -0.4391612730497261863, 0.5874534286669548244 ) ) ;
#8228 = CIRCLE ( 'NONE', #2190, 0.02362204724409461970 ) ;
#8229 = DIRECTION ( 'NONE',  ( 1.000000000000000000, 0.000000000000000000, 0.000000000000000000 ) ) ;
#8230 = DIRECTION ( 'NONE',  ( 0.000000000000000000, 0.000000000000000000, -1.000000000000000000 ) ) ;
#8231 = DIRECTION ( 'NONE',  ( 1.000000000000000000, 0.000000000000000000, 0.000000000000000000 ) ) ;
#8232 = CARTESIAN_POINT ( 'NONE',  ( -0.1555055948475702610, -0.2413266273804349216, 0.7007874015737463047 ) ) ;
#8233 = EDGE_CURVE ( 'NONE', #1228, #7624, #6404, .T. ) ;
#8234 = ORIENTED_EDGE ( 'NONE', *, *, #3666, .F. ) ;
#8235 = DIRECTION ( 'NONE',  ( 0.000000000000000000, 1.000000000000000000, 0.000000000000000000 ) ) ;
#8236 = FACE_OUTER_BOUND ( 'NONE', #2354, .T. ) ;
#8237 = DIRECTION ( 'NONE',  ( -0.9708534226638008136, 0.000000000000000000, 0.2396740113195076349 ) ) ;
#8238 = ORIENTED_EDGE ( 'NONE', *, *, #7622, .F. ) ;
#8239 = CARTESIAN_POINT ( 'NONE',  ( -0.04577127260719273533, -0.2348161068693847553, 0.3973705888066228487 ) ) ;
#8240 = EDGE_CURVE ( 'NONE', #1216, #5990, #1469, .T. ) ;
#8241 = CARTESIAN_POINT ( 'NONE',  ( -0.1140922223824919340, -0.2334526116324034117, 0.4377972174514205284 ) ) ;
#8242 = CARTESIAN_POINT ( 'NONE',  ( -0.1013717365798540299, -0.3879801706875215528, 0.3562992125973689084 ) ) ;
#8243 = CARTESIAN_POINT ( 'NONE',  ( 0.03740779097920127888, -0.2464760401178890115, 0.6349184154092927246 ) ) ;
#8244 = VECTOR ( 'NONE', #3916, 39.37007874015748143 ) ;
#8245 = FACE_OUTER_BOUND ( 'NONE', #2121, .T. ) ;
#8246 = VERTEX_POINT ( 'NONE', #2839 ) ;
#8247 = DIRECTION ( 'NONE',  ( 1.476156455654219661E-15, 0.8038568606172165065, -0.5948227867513424805 ) ) ;
#8248 = EDGE_LOOP ( 'NONE', ( #8627, #1339 ) ) ;
#8249 = CARTESIAN_POINT ( 'NONE',  ( -0.1013717365798540299, -0.3997911943095688314, 0.1909448818887074795 ) ) ;
#8250 = EDGE_CURVE ( 'NONE', #5475, #8216, #7926, .T. ) ;
#8251 = CARTESIAN_POINT ( 'NONE',  ( -0.1555055948475705663, -0.2167203281678364568, 0.7283464566918570471 ) ) ;
#8252 = DIRECTION ( 'NONE',  ( 0.000000000000000000, -1.000000000000000000, 0.000000000000000000 ) ) ;
#8253 = DIRECTION ( 'NONE',  ( 1.110223024625156294E-16, -1.000000000000000000, -7.425991029036739954E-17 ) ) ;
#8254 = LINE ( 'NONE', #2715, #6584 ) ;
#8255 = CARTESIAN_POINT ( 'NONE',  ( 0.1279589720815632881, -0.2226258399788601239, 0.1417322834635106887 ) ) ;
#8256 = ORIENTED_EDGE ( 'NONE', *, *, #4670, .T. ) ;
#8257 = EDGE_CURVE ( 'NONE', #8246, #8426, #905, .T. ) ;
#8258 = VERTEX_POINT ( 'NONE', #4281 ) ;
#8259 = FACE_OUTER_BOUND ( 'NONE', #1931, .T. ) ;
#8260 = CARTESIAN_POINT ( 'NONE',  ( 0.04735112814018097721, -0.4391612730497263528, 0.5878171478554615748 ) ) ;
#8261 = FACE_OUTER_BOUND ( 'NONE', #7271, .T. ) ;
#8262 = CARTESIAN_POINT ( 'NONE',  ( -0.05050924320985743926, -0.3277889557025907008, 0.2718573705992831657 ) ) ;
#8263 = EDGE_LOOP ( 'NONE', ( #7813, #561, #3380, #5318 ) ) ;
#8264 = CARTESIAN_POINT ( 'NONE',  ( -0.08256729017394232040, -0.2255785958843719297, 0.6552524913820920727 ) ) ;
#8265 = VECTOR ( 'NONE', #1572, 39.37007874015748143 ) ;
#8266 = VERTEX_POINT ( 'NONE', #7579 ) ;
#8267 = EDGE_CURVE ( 'NONE', #3355, #1396, #4235, .T. ) ;
#8268 = DIRECTION ( 'NONE',  ( -1.737850800384704371E-16, -1.000000000000000000, 3.511521488730090573E-17 ) ) ;
#8269 = CARTESIAN_POINT ( 'NONE',  ( 0.1271185718079656801, -0.2318720802020093896, 0.4409920735829797600 ) ) ;
#8270 = CARTESIAN_POINT ( 'NONE',  ( 0.03770511709468666456, -0.4391612730497262418, 0.5746937882754090676 ) ) ;
#8271 = LINE ( 'NONE', #3521, #7757 ) ;
#8272 = AXIS2_PLACEMENT_3D ( 'NONE', #7120, #5612, #6371 ) ;
#8273 = VERTEX_POINT ( 'NONE', #5561 ) ;
#8274 = ORIENTED_EDGE ( 'NONE', *, *, #2878, .T. ) ;
#8275 = CIRCLE ( 'NONE', #4047, 0.08661417322834648325 ) ;
#8276 = ADVANCED_FACE ( 'NONE', ( #8280 ), #6402, .F. ) ;
#8277 = EDGE_LOOP ( 'NONE', ( #4922, #2914 ) ) ;
#8278 = CARTESIAN_POINT ( 'NONE',  ( 0.05233219495995350412, -0.4391612730497262418, 0.5852881671030556454 ) ) ;
#8279 = DIRECTION ( 'NONE',  ( 0.000000000000000000, 1.000000000000000000, 0.000000000000000000 ) ) ;
#8280 = FACE_OUTER_BOUND ( 'NONE', #7468, .T. ) ;
#8281 = VECTOR ( 'NONE', #4261, 39.37007874015748143 ) ;
#8282 = DIRECTION ( 'NONE',  ( -1.000000000000000000, -9.117121629785412755E-17, 9.282927046011350088E-49 ) ) ;
#8283 = FACE_OUTER_BOUND ( 'NONE', #6695, .T. ) ;
#8284 = ORIENTED_EDGE ( 'NONE', *, *, #8323, .T. ) ;
#8285 = SURFACE_STYLE_USAGE ( .BOTH. , #4376 ) ;
#8286 = AXIS2_PLACEMENT_3D ( 'NONE', #649, #6052, #3245 ) ;
#8287 = VERTEX_POINT ( 'NONE', #7756 ) ;
#8288 = CARTESIAN_POINT ( 'NONE',  ( 0.04983618802726680341, -0.4391612730497385653, 0.5871752277519244334 ) ) ;
#8289 = LINE ( 'NONE', #6614, #3160 ) ;
#8290 = CARTESIAN_POINT ( 'NONE',  ( -0.09866196948141356393, -0.2334526116324034117, 0.4251968503926439880 ) ) ;
#8291 = AXIS2_PLACEMENT_3D ( 'NONE', #7112, #1076, #6444 ) ;
#8292 = EDGE_CURVE ( 'NONE', #7302, #8052, #3057, .T. ) ;
#8293 = DIRECTION ( 'NONE',  ( 0.7239618166986740988, 0.6898400452005924999, 1.221636250687892233E-16 ) ) ;
#8294 = ADVANCED_FACE ( 'NONE', ( #5030 ), #8410, .F. ) ;
#8295 = DIRECTION ( 'NONE',  ( 0.1998766917676600141, -2.250824120800227669E-19, 0.9798210592184757317 ) ) ;
#8296 = ORIENTED_EDGE ( 'NONE', *, *, #3618, .T. ) ;
#8297 = VECTOR ( 'NONE', #5547, 39.37007874015748143 ) ;
#8298 = ORIENTED_EDGE ( 'NONE', *, *, #8423, .F. ) ;
#8299 = VECTOR ( 'NONE', #847, 39.37007874015748143 ) ;
#8300 = DIRECTION ( 'NONE',  ( 0.9995671520433700996, -0.002308229467831065303, -0.02932883619631216840 ) ) ;
#8301 = CARTESIAN_POINT ( 'NONE',  ( 0.05556177173160704863, -0.4391612730497263528, 0.5878171478554615748 ) ) ;
#8302 = FACE_BOUND ( 'NONE', #1428, .T. ) ;
#8303 = SURFACE_STYLE_FILL_AREA ( #1496 ) ;
#8304 = EDGE_CURVE ( 'NONE', #950, #6766, #1730, .T. ) ;
#8305 = VECTOR ( 'NONE', #1533, 39.37007874015748143 ) ;
#8306 = DIRECTION ( 'NONE',  ( -3.330669073875469621E-16, 1.448216729911419884E-17, 1.000000000000000000 ) ) ;
#8307 = VECTOR ( 'NONE', #7803, 39.37007874015748143 ) ;
#8308 = ORIENTED_EDGE ( 'NONE', *, *, #8689, .T. ) ;
#8309 = CARTESIAN_POINT ( 'NONE',  ( 0.2086676334988864789, -0.2334526116324033562, 0.4976528653221187204 ) ) ;
#8310 = CARTESIAN_POINT ( 'NONE',  ( 0.1275660046431864036, -0.2230831398019959000, 0.4264423577628080886 ) ) ;
#8311 = AXIS2_PLACEMENT_3D ( 'NONE', #8208, #3339, #575 ) ;
#8312 = CARTESIAN_POINT ( 'NONE',  ( 0.04134479885321734605, -0.2303021246323043447, 0.6397110427313817960 ) ) ;
#8313 = CARTESIAN_POINT ( 'NONE',  ( -0.04461378437219127441, -0.2311701621704494447, 0.4353734712176847155 ) ) ;
#8314 = CIRCLE ( 'NONE', #310, 0.007874015748031449116 ) ;
#8315 = EDGE_CURVE ( 'NONE', #1876, #7252, #7019, .T. ) ;
#8316 = VERTEX_POINT ( 'NONE', #5074 ) ;
#8317 = ORIENTED_EDGE ( 'NONE', *, *, #1234, .F. ) ;
#8318 = SURFACE_STYLE_USAGE ( .BOTH. , #3614 ) ;
#8319 = ORIENTED_EDGE ( 'NONE', *, *, #1468, .T. ) ;
#8320 = PLANE ( 'NONE',  #2118 ) ;
#8321 = DIRECTION ( 'NONE',  ( -6.505213034913049481E-15, 0.07845909572784552644, 0.9969173337331278528 ) ) ;
#8322 = DIRECTION ( 'NONE',  ( -0.000000000000000000, -0.000000000000000000, -1.000000000000000000 ) ) ;
#8323 = EDGE_CURVE ( 'NONE', #4487, #5768, #5687, .T. ) ;
#8324 = EDGE_CURVE ( 'NONE', #2906, #526, #6273, .T. ) ;
#8325 = CARTESIAN_POINT ( 'NONE',  ( -0.1013717365798540299, -0.3879801706875215528, 0.3562992125973689084 ) ) ;
#8326 = LINE ( 'NONE', #6406, #2819 ) ;
#8327 = VERTEX_POINT ( 'NONE', #273 ) ;
#8328 = CARTESIAN_POINT ( 'NONE',  ( 0.04134479885321679787, -0.3673108793489379686, 0.3885826771642975630 ) ) ;
#8329 = PRESENTATION_LAYER_ASSIGNMENT (  '', '', ( #1171 ) ) ;
#8330 = EDGE_LOOP ( 'NONE', ( #5936, #2578, #7802, #493 ) ) ;
#8331 = DIRECTION ( 'NONE',  ( 7.116885096745303141E-15, 0.9969173337331279638, -0.07845909572784587338 ) ) ;
#8332 = LINE ( 'NONE', #114, #6650 ) ;
#8333 = STYLED_ITEM ( 'NONE', ( #3067 ), #6221 ) ;
#8334 = EDGE_CURVE ( 'NONE', #3935, #8071, #7706, .T. ) ;
#8335 = DIRECTION ( 'NONE',  ( 9.117121629785412755E-17, -1.000000000000000000, -1.882801286680184389E-17 ) ) ;
#8336 = CARTESIAN_POINT ( 'NONE',  ( -0.1259780357924523975, -0.2334526116324034117, 0.5078740157469746608 ) ) ;
#8337 = EDGE_LOOP ( 'NONE', ( #377, #1415, #1107, #248 ) ) ;
#8338 = ORIENTED_EDGE ( 'NONE', *, *, #4482, .T. ) ;
#8339 = DIRECTION ( 'NONE',  ( -1.616576338455277819E-15, -0.9969173337331279638, 0.07845909572784619257 ) ) ;
#8340 = VERTEX_POINT ( 'NONE', #4904 ) ;
#8341 = ADVANCED_FACE ( 'NONE', ( #1558 ), #237, .T. ) ;
#8342 = CARTESIAN_POINT ( 'NONE',  ( -0.04526937437512962986, -0.2226258399788601239, 0.1181102362194161731 ) ) ;
#8343 = EDGE_CURVE ( 'NONE', #7024, #783, #4948, .T. ) ;
#8344 = CARTESIAN_POINT ( 'NONE',  ( 0.1811085783807760141, -0.2177045801363403921, 0.4251968503926439880 ) ) ;
#8345 = PLANE ( 'NONE',  #1445 ) ;
#8346 = CARTESIAN_POINT ( 'NONE',  ( 0.04134479885321683257, -0.2226258399788601239, 0.2027559055107547858 ) ) ;
#8347 = VECTOR ( 'NONE', #5994, 39.37007874015748143 ) ;
#8348 = DIRECTION ( 'NONE',  ( -7.047314121155745689E-15, -1.000000000000000000, 0.000000000000000000 ) ) ;
#8349 = ORIENTED_EDGE ( 'NONE', *, *, #7986, .F. ) ;
#8350 = CARTESIAN_POINT ( 'NONE',  ( 0.03574310331223381348, -0.4391612730497263528, 0.5876800594459612448 ) ) ;
#8351 = FACE_OUTER_BOUND ( 'NONE', #3808, .T. ) ;
#8352 = ADVANCED_FACE ( 'NONE', ( #944 ), #7066, .F. ) ;
#8353 = VECTOR ( 'NONE', #7297, 39.37007874015748143 ) ;
#8354 = CARTESIAN_POINT ( 'NONE',  ( 0.1040501530554642368, -0.1628759148040056226, -1.056261249508809711E-12 ) ) ;
#8355 = DIRECTION ( 'NONE',  ( -0.03031934962942769984, 6.281396332905003101E-16, 0.9995402628398960543 ) ) ;
#8356 = DIRECTION ( 'NONE',  ( -9.117121629785412755E-17, 1.000000000000000000, 1.882801286680184389E-17 ) ) ;
#8357 = B_SPLINE_CURVE_WITH_KNOTS ( 'NONE', 3,
 ( #4466, #1118, #3792, #3708, #2967, #3663 ),
 .UNSPECIFIED., .F., .F.,
 ( 4, 2, 4 ),
 ( 0.000000000000000000, 0.5000000000000000000, 1.000000000000000000 ),
 .UNSPECIFIED. ) ;
#8358 = VERTEX_POINT ( 'NONE', #1031 ) ;
#8359 = ORIENTED_EDGE ( 'NONE', *, *, #5742, .T. ) ;
#8360 = VECTOR ( 'NONE', #4884, 39.37007874015748143 ) ;
#8361 = ORIENTED_EDGE ( 'NONE', *, *, #659, .T. ) ;
#8362 = ORIENTED_EDGE ( 'NONE', *, *, #7485, .F. ) ;
#8363 = DIRECTION ( 'NONE',  ( 1.000000000000000000, -9.608468044710524874E-18, -1.220871621770788724E-16 ) ) ;
#8364 = PRESENTATION_STYLE_ASSIGNMENT (( #8318 ) ) ;
#8365 = EDGE_LOOP ( 'NONE', ( #5811, #5404, #2960, #4744, #2491, #6365, #7055, #2601, #1916, #6135, #1350, #4108, #8130, #5195 ) ) ;
#8366 = PLANE ( 'NONE',  #3239 ) ;
#8367 = EDGE_CURVE ( 'NONE', #1368, #8083, #6360, .T. ) ;
#8368 = LINE ( 'NONE', #1679, #339 ) ;
#8369 = CARTESIAN_POINT ( 'NONE',  ( -0.09645047673733436744, -0.04546048564815143717, 0.1909448818887074795 ) ) ;
#8370 = VECTOR ( 'NONE', #4853, 39.37007874015748143 ) ;
#8371 = LINE ( 'NONE', #1561, #7028 ) ;
#8372 = DIRECTION ( 'NONE',  ( -1.411854421747038033E-17, -7.425991029036739954E-17, 1.000000000000000000 ) ) ;
#8373 = ORIENTED_EDGE ( 'NONE', *, *, #5381, .F. ) ;
#8374 = ORIENTED_EDGE ( 'NONE', *, *, #6122, .T. ) ;
#8375 = CARTESIAN_POINT ( 'NONE',  ( 0.1247261970436229633, -0.2060591766464856811, 0.5252779592032518208 ) ) ;
#8376 = EDGE_CURVE ( 'NONE', #5007, #4255, #5121, .T. ) ;
#8377 = DIRECTION ( 'NONE',  ( 0.000000000000000000, -0.9969173337331280749, 0.07845909572784424968 ) ) ;
#8378 = LINE ( 'NONE', #2977, #7708 ) ;
#8379 = LINE ( 'NONE', #2979, #4060 ) ;
#8380 = ORIENTED_EDGE ( 'NONE', *, *, #3724, .T. ) ;
#8381 = ORIENTED_EDGE ( 'NONE', *, *, #8690, .T. ) ;
#8382 = ADVANCED_FACE ( 'NONE', ( #5819 ), #4463, .F. ) ;
#8383 = CARTESIAN_POINT ( 'NONE',  ( 0.04134479885321701992, -0.2410974499539380034, 0.6029016561127543694 ) ) ;
#8384 = ADVANCED_FACE ( 'NONE', ( #8458 ), #5205, .F. ) ;
#8385 = EDGE_LOOP ( 'NONE', ( #2332, #5157, #6176, #2386 ) ) ;
#8386 = CARTESIAN_POINT ( 'NONE',  ( 0.1555180271996734476, -0.3446730840733485124, 0.1909448818887074517 ) ) ;
#8387 = CARTESIAN_POINT ( 'NONE',  ( 0.1791400744437680603, -0.3997911943095688869, 0.1909448818887074795 ) ) ;
#8388 = CARTESIAN_POINT ( 'NONE',  ( 0.04134479885321676318, -0.3909329265930334141, 0.3374015748020926520 ) ) ;
#8389 = DIRECTION ( 'NONE',  ( -3.614007241618360604E-16, 0.07845909572784552644, 0.9969173337331278528 ) ) ;
#8390 = EDGE_CURVE ( 'NONE', #443, #3358, #3263, .T. ) ;
#8391 = ORIENTED_EDGE ( 'NONE', *, *, #4248, .T. ) ;
#8392 = CARTESIAN_POINT ( 'NONE',  ( 0.03508801982377844630, -0.4352242651757106118, 0.5871218820529516824 ) ) ;
#8393 = DIRECTION ( 'NONE',  ( -1.411854421747038033E-17, -7.425991029036739954E-17, 1.000000000000000000 ) ) ;
#8394 = DIRECTION ( 'NONE',  ( 0.000000000000000000, -1.000000000000000000, 0.000000000000000000 ) ) ;
#8395 = CARTESIAN_POINT ( 'NONE',  ( 0.1331988409162924991, -0.3341185372822553235, 0.2765410145894517946 ) ) ;
#8396 = CARTESIAN_POINT ( 'NONE',  ( 0.03058869331160744137, -0.2425511687252386583, 0.6346095213316240713 ) ) ;
#8397 = EDGE_LOOP ( 'NONE', ( #5303, #8694, #6727, #401 ) ) ;
#8398 = ADVANCED_FACE ( 'NONE', ( #3880 ), #1861, .T. ) ;
#8399 = EDGE_CURVE ( 'NONE', #5523, #5877, #2598, .T. ) ;
#8400 = ORIENTED_EDGE ( 'NONE', *, *, #5423, .F. ) ;
#8401 = ORIENTED_EDGE ( 'NONE', *, *, #3695, .T. ) ;
#8402 = ORIENTED_EDGE ( 'NONE', *, *, #8376, .F. ) ;
#8403 = CARTESIAN_POINT ( 'NONE',  ( 0.04238714902819497310, -0.4352242651757104452, 0.5540518372692848637 ) ) ;
#8404 = AXIS2_PLACEMENT_3D ( 'NONE', #2242, #883, #6108 ) ;
#8405 = FACE_OUTER_BOUND ( 'NONE', #2552, .T. ) ;
#8406 = EDGE_LOOP ( 'NONE', ( #691, #7210, #681, #446 ) ) ;
#8407 = CARTESIAN_POINT ( 'NONE',  ( 0.8177353708754406814, -0.4106179659631121748, 0.7598425196839834195 ) ) ;
#8408 = CARTESIAN_POINT ( 'NONE',  ( 0.1791400744437680326, -0.2167203281678364568, 0.6141732283454004460 ) ) ;
#8409 = CARTESIAN_POINT ( 'NONE',  ( -0.1555055948475706495, -0.2167203281678364568, 0.6141732283454004460 ) ) ;
#8410 = CYLINDRICAL_SURFACE ( 'NONE', #639, 0.007874015748031449116 ) ;
#8411 = CIRCLE ( 'NONE', #2369, 0.006046844034891102164 ) ;
#8412 = FACE_OUTER_BOUND ( 'NONE', #4685, .T. ) ;
#8413 = EDGE_CURVE ( 'NONE', #7760, #7872, #1814, .T. ) ;
#8414 = LINE ( 'NONE', #5078, #1557 ) ;
#8415 = EDGE_LOOP ( 'NONE', ( #4586, #5731, #5290, #6456, #7144, #1810, #5262, #4036, #5514, #3980, #7635, #6, #7374, #4545, #4996, #6126, #8102, #3126, #1972, #3114, #1917, #605, #7480, #8684, #5427, #4800 ) ) ;
#8416 = CARTESIAN_POINT ( 'NONE',  ( 0.03523594331953355807, -0.4391612730497176376, 0.5850403953401510648 ) ) ;
#8417 = ORIENTED_EDGE ( 'NONE', *, *, #3637, .F. ) ;
#8418 = CARTESIAN_POINT ( 'NONE',  ( 0.2342581846799887679, -0.2177045801363403921, 0.7244094488178406399 ) ) ;
#8419 = CIRCLE ( 'NONE', #4346, 0.02362204724409451562 ) ;
#8420 = CARTESIAN_POINT ( 'NONE',  ( 0.1791400744437680048, -0.3210510368292537886, 0.7283464566918570471 ) ) ;
#8421 = FACE_OUTER_BOUND ( 'NONE', #4174, .T. ) ;
#8422 = CARTESIAN_POINT ( 'NONE',  ( -0.08267094917827930156, -0.2334526116324034117, 0.6122047244083919093 ) ) ;
#8423 = EDGE_CURVE ( 'NONE', #7139, #8358, #8228, .T. ) ;
#8424 = FACE_OUTER_BOUND ( 'NONE', #426, .T. ) ;
#8425 = AXIS2_PLACEMENT_3D ( 'NONE', #5297, #6577, #593 ) ;
#8426 = VERTEX_POINT ( 'NONE', #1115 ) ;
#8427 = ORIENTED_EDGE ( 'NONE', *, *, #7986, .T. ) ;
#8428 = ORIENTED_EDGE ( 'NONE', *, *, #2622, .T. ) ;
#8429 = DIRECTION ( 'NONE',  ( 3.330669073875468635E-16, -6.231570711506254047E-16, -1.000000000000000000 ) ) ;
#8430 = CIRCLE ( 'NONE', #1963, 0.08661417322834648325 ) ;
#8431 = DIRECTION ( 'NONE',  ( -1.000000000000000000, 0.000000000000000000, 0.000000000000000000 ) ) ;
#8432 = DIRECTION ( 'NONE',  ( -1.228015396737279800E-16, -1.287490079826536515E-18, 1.000000000000000000 ) ) ;
#8433 = ADVANCED_FACE ( 'NONE', ( #5162 ), #4507, .F. ) ;
#8434 = EDGE_CURVE ( 'NONE', #5545, #487, #498, .T. ) ;
#8435 = FACE_OUTER_BOUND ( 'NONE', #938, .T. ) ;
#8436 = VERTEX_POINT ( 'NONE', #7270 ) ;
#8437 = AXIS2_PLACEMENT_3D ( 'NONE', #2471, #8576, #2557 ) ;
#8438 = AXIS2_PLACEMENT_3D ( 'NONE', #2074, #4764, #1507 ) ;
#8439 = CARTESIAN_POINT ( 'NONE',  ( 0.1334234229062693788, -0.3326822397345489679, 0.2652444767632560207 ) ) ;
#8440 = DIRECTION ( 'NONE',  ( -0.000000000000000000, -0.000000000000000000, -1.000000000000000000 ) ) ;
#8441 = CARTESIAN_POINT ( 'NONE',  ( 0.03740779097920129276, -0.2410974499539382809, 0.6029016561127540363 ) ) ;
#8442 = CARTESIAN_POINT ( 'NONE',  ( 0.2503739793486653431, -0.3341185372822547683, 0.2765410145894520721 ) ) ;
#8443 = AXIS2_PLACEMENT_3D ( 'NONE', #3636, #4301, #2280 ) ;
#8444 = CIRCLE ( 'NONE', #4661, 0.04330708661417324162 ) ;
#8445 = EDGE_LOOP ( 'NONE', ( #6687, #451, #6056, #5433, #1936, #3181 ) ) ;
#8446 = EDGE_LOOP ( 'NONE', ( #8274, #5718, #8402, #6633 ) ) ;
#8447 = ORIENTED_EDGE ( 'NONE', *, *, #6793, .T. ) ;
#8448 = ORIENTED_EDGE ( 'NONE', *, *, #4068, .T. ) ;
#8449 = DIRECTION ( 'NONE',  ( -9.637352644315594010E-17, 1.000000000000000000, 0.000000000000000000 ) ) ;
#8450 = VECTOR ( 'NONE', #160, 39.37007874015748143 ) ;
#8451 = AXIS2_PLACEMENT_3D ( 'NONE', #4143, #7534, #2033 ) ;
#8452 = DIRECTION ( 'NONE',  ( 0.000000000000000000, 0.000000000000000000, -1.000000000000000000 ) ) ;
#8453 = ORIENTED_EDGE ( 'NONE', *, *, #2164, .F. ) ;
#8454 = DIRECTION ( 'NONE',  ( 8.673617379884036705E-17, -1.000000000000000000, 0.000000000000000000 ) ) ;
#8455 = CARTESIAN_POINT ( 'NONE',  ( 0.02836668478934982821, -0.4371927691127183713, 0.5878171478554616858 ) ) ;
#8456 = DIRECTION ( 'NONE',  ( 1.411854421747038033E-17, 7.425991029036739954E-17, -1.000000000000000000 ) ) ;
#8457 = EDGE_CURVE ( 'NONE', #5128, #3805, #4005, .T. ) ;
#8458 = FACE_OUTER_BOUND ( 'NONE', #3811, .T. ) ;
#8459 = EDGE_CURVE ( 'NONE', #8273, #1542, #6566, .T. ) ;
#8460 = CIRCLE ( 'NONE', #4674, 0.08464566929247008265 ) ;
#8461 = VECTOR ( 'NONE', #5383, 39.37007874015748143 ) ;
#8462 = CARTESIAN_POINT ( 'NONE',  ( 0.05019689643917869121, -0.4391612730497214123, 0.5730533683279025459 ) ) ;
#8463 = CARTESIAN_POINT ( 'NONE',  ( 0.1555180271996734476, -0.1005785958843719852, 0.2027559055107547303 ) ) ;
#8464 = ORIENTED_EDGE ( 'NONE', *, *, #7098, .T. ) ;
#8465 = ORIENTED_EDGE ( 'NONE', *, *, #2568, .F. ) ;
#8466 = LINE ( 'NONE', #7714, #5350 ) ;
#8467 = CARTESIAN_POINT ( 'NONE',  ( -0.05163086492314829939, -0.3639624512903286147, 0.2553125881363531025 ) ) ;
#8468 = DIRECTION ( 'NONE',  ( 1.000000000000000000, 0.000000000000000000, 0.000000000000000000 ) ) ;
#8469 = ADVANCED_FACE ( 'NONE', ( #5861 ), #3789, .F. ) ;
#8470 = DIRECTION ( 'NONE',  ( 0.000000000000000000, -1.000000000000000000, 0.000000000000000000 ) ) ;
#8471 = DIRECTION ( 'NONE',  ( -6.269303204385536569E-33, 7.228014483236698281E-17, -1.000000000000000000 ) ) ;
#8472 = LINE ( 'NONE', #2442, #2105 ) ;
#8473 = VERTEX_POINT ( 'NONE', #1901 ) ;
#8474 = VERTEX_POINT ( 'NONE', #2430 ) ;
#8475 = ORIENTED_EDGE ( 'NONE', *, *, #1824, .F. ) ;
#8476 = DIRECTION ( 'NONE',  ( 1.000000000000000000, 0.000000000000000000, 0.000000000000000000 ) ) ;
#8477 = ORIENTED_EDGE ( 'NONE', *, *, #5006, .F. ) ;
#8478 = CARTESIAN_POINT ( 'NONE',  ( 0.1233999668063887056, -0.2519271926252494853, 0.5619321747433024816 ) ) ;
#8479 = ADVANCED_FACE ( 'NONE', ( #2561 ), #5899, .F. ) ;
#8480 = DIRECTION ( 'NONE',  ( 1.000000000000000000, 9.117121629785412755E-17, -9.282927046011350088E-49 ) ) ;
#8481 = CARTESIAN_POINT ( 'NONE',  ( -0.09645047673733432581, -0.3997911943095688314, 0.3562992125973689084 ) ) ;
#8482 = DIRECTION ( 'NONE',  ( -1.188039047428046292E-45, -6.672013369141570147E-16, -1.000000000000000000 ) ) ;
#8483 = ORIENTED_EDGE ( 'NONE', *, *, #6184, .T. ) ;
#8484 = CARTESIAN_POINT ( 'NONE',  ( 0.1347691113148997144, -0.3796101093106518110, 0.2603895012951584764 ) ) ;
#8485 = CARTESIAN_POINT ( 'NONE',  ( 0.04608758575453189565, -0.3751848950969702834, 0.3898613463371710108 ) ) ;
#8486 = EDGE_CURVE ( 'NONE', #4788, #3030, #7117, .T. ) ;
#8487 = FACE_OUTER_BOUND ( 'NONE', #5684, .T. ) ;
#8488 = CARTESIAN_POINT ( 'NONE',  ( -0.03964815091417125265, -0.1413947675380939351, 0.6159341172660903752 ) ) ;
#8489 = VECTOR ( 'NONE', #2512, 39.37007874015748143 ) ;
#8490 = ORIENTED_EDGE ( 'NONE', *, *, #5711, .T. ) ;
#8491 = VERTEX_POINT ( 'NONE', #4630 ) ;
#8492 = ORIENTED_EDGE ( 'NONE', *, *, #7358, .T. ) ;
#8493 = ORIENTED_EDGE ( 'NONE', *, *, #4432, .T. ) ;
#8494 = AXIS2_PLACEMENT_3D ( 'NONE', #8620, #706, #8095 ) ;
#8495 = CARTESIAN_POINT ( 'NONE',  ( 0.04134479885321683257, -0.2226258399788601239, 0.03937007873910121358 ) ) ;
#8496 = ORIENTED_EDGE ( 'NONE', *, *, #5826, .T. ) ;
#8497 = CARTESIAN_POINT ( 'NONE',  ( 0.1830770823177832740, -0.2412089842648449667, 0.4021010692366926431 ) ) ;
#8498 = LINE ( 'NONE', #2379, #4985 ) ;
#8499 = ADVANCED_FACE ( 'NONE', ( #7309, #1367 ), #6787, .T. ) ;
#8500 = DIRECTION ( 'NONE',  ( 1.000000000000000000, -1.084202172485504434E-14, 0.000000000000000000 ) ) ;
#8501 = DIRECTION ( 'NONE',  ( 1.411854421747038033E-17, 7.425991029036739954E-17, -1.000000000000000000 ) ) ;
#8502 = AXIS2_PLACEMENT_3D ( 'NONE', #8149, #4818, #853 ) ;
#8503 = CARTESIAN_POINT ( 'NONE',  ( 0.001974720113059306396, -0.3840431628135057562, 0.4606299212587862679 ) ) ;
#8504 = FACE_OUTER_BOUND ( 'NONE', #3738, .T. ) ;
#8505 = EDGE_CURVE ( 'NONE', #2856, #7346, #4807, .T. ) ;
#8506 = EDGE_CURVE ( 'NONE', #6194, #702, #6550, .T. ) ;
#8507 = ORIENTED_EDGE ( 'NONE', *, *, #7254, .T. ) ;
#8508 = CARTESIAN_POINT ( 'NONE',  ( -0.06495441383132918856, -0.2255785958843719297, 0.6751968503927454623 ) ) ;
#8509 = ORIENTED_EDGE ( 'NONE', *, *, #1147, .F. ) ;
#8510 = CARTESIAN_POINT ( 'NONE',  ( 0.1247261970436232548, -0.1452305372257164939, 0.5434406871435822906 ) ) ;
#8511 = VECTOR ( 'NONE', #6940, 39.37007874015748143 ) ;
#8512 = LINE ( 'NONE', #1872, #4583 ) ;
#8513 = DIRECTION ( 'NONE',  ( 0.03031934962942712738, 0.5945493246126066778, 0.8034872977469785793 ) ) ;
#8514 = LINE ( 'NONE', #3849, #2241 ) ;
#8515 = CARTESIAN_POINT ( 'NONE',  ( 0.04528180672723267769, -0.2489471927392384598, 0.6035194442680914539 ) ) ;
#8516 = EDGE_CURVE ( 'NONE', #3896, #6090, #4720, .T. ) ;
#8517 = ORIENTED_EDGE ( 'NONE', *, *, #199, .T. ) ;
#8518 = VERTEX_POINT ( 'NONE', #4004 ) ;
#8519 = ORIENTED_EDGE ( 'NONE', *, *, #844, .F. ) ;
#8520 = ORIENTED_EDGE ( 'NONE', *, *, #1362, .T. ) ;
#8521 = DIRECTION ( 'NONE',  ( 1.228015396737279800E-16, 1.287490079826536708E-18, -1.000000000000000000 ) ) ;
#8522 =( NAMED_UNIT ( * ) SI_UNIT ( $, .STERADIAN. ) SOLID_ANGLE_UNIT ( ) );
#8523 = FACE_OUTER_BOUND ( 'NONE', #3493, .T. ) ;
#8524 = CARTESIAN_POINT ( 'NONE',  ( -0.1555055948475706218, -0.04546048564815129839, 0.1909448818887065913 ) ) ;
#8525 = ADVANCED_FACE ( 'NONE', ( #4762 ), #5508, .F. ) ;
#8526 = ORIENTED_EDGE ( 'NONE', *, *, #1248, .T. ) ;
#8527 = DIRECTION ( 'NONE',  ( 1.737850800384706343E-16, 1.000000000000000000, -6.231570711506253061E-16 ) ) ;
#8528 = DIRECTION ( 'NONE',  ( 2.506218459859740737E-15, 0.8038568606171921926, -0.5948227867513752321 ) ) ;
#8529 = DIRECTION ( 'NONE',  ( -1.445602896647339903E-16, 0.000000000000000000, 1.000000000000000000 ) ) ;
#8530 = CARTESIAN_POINT ( 'NONE',  ( 0.04996794793199859502, -0.2452703098999307885, 0.6502386704152581798 ) ) ;
#8531 = ORIENTED_EDGE ( 'NONE', *, *, #767, .F. ) ;
#8532 = EDGE_CURVE ( 'NONE', #6685, #112, #8097, .T. ) ;
#8533 = ORIENTED_EDGE ( 'NONE', *, *, #7959, .F. ) ;
#8534 = ORIENTED_EDGE ( 'NONE', *, *, #1954, .T. ) ;
#8535 = ORIENTED_EDGE ( 'NONE', *, *, #5358, .F. ) ;
#8536 = DIRECTION ( 'NONE',  ( -1.000000000000000000, 0.000000000000000000, 0.000000000000000000 ) ) ;
#8537 = CARTESIAN_POINT ( 'NONE',  ( -0.06495441374520820321, -0.2334526116324034117, 0.6574803149595729312 ) ) ;
#8538 = ORIENTED_EDGE ( 'NONE', *, *, #2394, .T. ) ;
#8539 = CARTESIAN_POINT ( 'NONE',  ( 0.02808243157186830069, -0.2455671070337293871, 0.6464675052681031486 ) ) ;
#8540 = CARTESIAN_POINT ( 'NONE',  ( -0.1141670121704051050, -0.2177045801363403921, 0.7244094488178406399 ) ) ;
#8541 = CARTESIAN_POINT ( 'NONE',  ( 0.02836668478934982474, -0.4352242651757105563, 0.5878171478554616858 ) ) ;
#8542 = CARTESIAN_POINT ( 'NONE',  ( -0.1515685869735546865, -0.2177045801363404198, 0.7007874015737463047 ) ) ;
#8543 = EDGE_CURVE ( 'NONE', #2233, #3752, #8659, .T. ) ;
#8544 = CARTESIAN_POINT ( 'NONE',  ( 0.02962854358191055471, -0.4391612730497264638, 0.5875662237741490213 ) ) ;
#8545 = CIRCLE ( 'NONE', #6720, 0.04330708661417310285 ) ;
#8546 = ORIENTED_EDGE ( 'NONE', *, *, #5560, .T. ) ;
#8547 = CARTESIAN_POINT ( 'NONE',  ( 0.02767463262399549873, -0.4391612730497262418, 0.5878171478554616858 ) ) ;
#8548 = ORIENTED_EDGE ( 'NONE', *, *, #7819, .T. ) ;
#8549 = CARTESIAN_POINT ( 'NONE',  ( -0.07282842949323992121, -0.09270458013634053085, 0.1909448818887074795 ) ) ;
#8550 = CARTESIAN_POINT ( 'NONE',  ( 0.02376959564401356917, -0.2491230908454706849, 0.6012844469175957496 ) ) ;
#8551 = AXIS2_PLACEMENT_3D ( 'NONE', #8594, #7937, #1826 ) ;
#8552 = DIRECTION ( 'NONE',  ( -1.000000000000000000, 0.000000000000000000, 0.000000000000000000 ) ) ;
#8553 = DIRECTION ( 'NONE',  ( -3.184051530367221417E-16, 0.07845909572784610930, 0.9969173337331278528 ) ) ;
#8554 = ORIENTED_EDGE ( 'NONE', *, *, #7613, .F. ) ;
#8555 = ORIENTED_EDGE ( 'NONE', *, *, #74, .T. ) ;
#8556 = VECTOR ( 'NONE', #2867, 39.37007874015748143 ) ;
#8557 = ORIENTED_EDGE ( 'NONE', *, *, #1627, .T. ) ;
#8558 = EDGE_LOOP ( 'NONE', ( #3343, #4774, #5366, #7941 ) ) ;
#8559 = CARTESIAN_POINT ( 'NONE',  ( -0.1555055948475705663, -0.04546048564815143717, 0.6141732283454004460 ) ) ;
#8560 = EDGE_CURVE ( 'NONE', #3047, #8258, #8186, .T. ) ;
#8561 = CARTESIAN_POINT ( 'NONE',  ( 0.08071487759337414580, -0.3988069423410648406, 0.5775590551170539655 ) ) ;
#8562 = EDGE_CURVE ( 'NONE', #598, #850, #2639, .T. ) ;
#8563 = AXIS2_PLACEMENT_3D ( 'NONE', #6455, #422, #5791 ) ;
#8564 = DIRECTION ( 'NONE',  ( 0.000000000000000000, 0.000000000000000000, 1.000000000000000000 ) ) ;
#8565 = DIRECTION ( 'NONE',  ( 1.000000000000000000, 0.000000000000000000, 0.000000000000000000 ) ) ;
#8566 = ORIENTED_EDGE ( 'NONE', *, *, #1478, .T. ) ;
#8567 = LINE ( 'NONE', #3773, #1137 ) ;
#8568 = DIRECTION ( 'NONE',  ( -1.000000000000000000, -9.117121629785411522E-17, 9.282927046011350088E-49 ) ) ;
#8569 = DIRECTION ( 'NONE',  ( 1.000000000000000000, 0.000000000000000000, 0.000000000000000000 ) ) ;
#8570 = EDGE_CURVE ( 'NONE', #414, #5209, #6694, .T. ) ;
#8571 = EDGE_LOOP ( 'NONE', ( #2346, #4607, #5355, #661, #6792, #5310, #6164, #7266, #795, #5196, #3779, #5277, #8417, #2466 ) ) ;
#8572 = AXIS2_PLACEMENT_3D ( 'NONE', #4885, #6916, #7559 ) ;
#8573 = VERTEX_POINT ( 'NONE', #5985 ) ;
#8574 = ORIENTED_EDGE ( 'NONE', *, *, #4482, .F. ) ;
#8575 = VERTEX_POINT ( 'NONE', #666 ) ;
#8576 = DIRECTION ( 'NONE',  ( 3.330669073875469621E-16, -3.511521488730105980E-17, -1.000000000000000000 ) ) ;
#8577 = VECTOR ( 'NONE', #6514, 39.37007874015748143 ) ;
#8578 = DIRECTION ( 'NONE',  ( 0.000000000000000000, 1.000000000000000000, 0.000000000000000000 ) ) ;
#8579 = DIRECTION ( 'NONE',  ( -1.000000000000000000, 0.000000000000000000, 0.000000000000000000 ) ) ;
#8580 = CARTESIAN_POINT ( 'NONE',  ( 0.03529795481832589954, -0.2347921775569820346, 0.5826595109941664630 ) ) ;
#8581 = ADVANCED_FACE ( 'NONE', ( #4677 ), #2028, .F. ) ;
#8582 = VERTEX_POINT ( 'NONE', #2072 ) ;
#8583 = TOROIDAL_SURFACE ( 'NONE', #2270, 0.006046844034891076143, 0.01574803149606309946 ) ;
#8584 = LINE ( 'NONE', #5822, #7598 ) ;
#8585 = CIRCLE ( 'NONE', #2841, 0.02559055118110227511 ) ;
#8586 = ORIENTED_EDGE ( 'NONE', *, *, #1779, .T. ) ;
#8587 = DIRECTION ( 'NONE',  ( 0.000000000000000000, 0.000000000000000000, 1.000000000000000000 ) ) ;
#8588 = ORIENTED_EDGE ( 'NONE', *, *, #2353, .F. ) ;
#8589 = DIRECTION ( 'NONE',  ( -0.02437638171909941448, 6.272081526332554954E-16, 0.9997028518586333901 ) ) ;
#8590 = CARTESIAN_POINT ( 'NONE',  ( -0.005899295634972168308, -0.3988069423410648406, 0.2952755905501244227 ) ) ;
#8591 = EDGE_CURVE ( 'NONE', #4941, #7958, #2628, .T. ) ;
#8592 = VECTOR ( 'NONE', #7934, 39.37007874015748143 ) ;
#8593 = B_SPLINE_CURVE_WITH_KNOTS ( 'NONE', 3,
 ( #3010, #3617, #7578, #6400, #2258, #4280 ),
 .UNSPECIFIED., .F., .F.,
 ( 4, 2, 4 ),
 ( 0.000000000000000000, 0.4999999999999993339, 1.000000000000000000 ),
 .UNSPECIFIED. ) ;
#8594 = CARTESIAN_POINT ( 'NONE',  ( 0.04528180672723276096, -0.2464760401178890115, 0.6349184154092927246 ) ) ;
#8595 = DIRECTION ( 'NONE',  ( 1.737850800384704371E-16, 1.000000000000000000, -1.448216729911410023E-17 ) ) ;
#8596 = ORIENTED_EDGE ( 'NONE', *, *, #4577, .T. ) ;
#8597 = ORIENTED_EDGE ( 'NONE', *, *, #2515, .T. ) ;
#8598 = VERTEX_POINT ( 'NONE', #708 ) ;
#8599 = DIRECTION ( 'NONE',  ( 0.000000000000000000, 0.000000000000000000, -1.000000000000000000 ) ) ;
#8600 = ORIENTED_EDGE ( 'NONE', *, *, #476, .F. ) ;
#8601 = LINE ( 'NONE', #3857, #4088 ) ;
#8602 = ADVANCED_FACE ( 'NONE', ( #6835 ), #800, .F. ) ;
#8603 = CARTESIAN_POINT ( 'NONE',  ( -0.04064527127870964235, -0.2519271926252485416, 0.5641081009960603465 ) ) ;
#8604 = AXIS2_PLACEMENT_3D ( 'NONE', #1265, #6638, #697 ) ;
#8605 = FACE_OUTER_BOUND ( 'NONE', #1149, .T. ) ;
#8606 = DIRECTION ( 'NONE',  ( -1.000000000000000000, 3.582864962748445733E-36, -1.200973030310050651E-16 ) ) ;
#8607 = ORIENTED_EDGE ( 'NONE', *, *, #4452, .T. ) ;
#8608 = EDGE_CURVE ( 'NONE', #5877, #7471, #6413, .T. ) ;
#8609 = VECTOR ( 'NONE', #7509, 39.37007874015748143 ) ;
#8610 = CARTESIAN_POINT ( 'NONE',  ( 0.1378014917666028072, -0.2439560850262929848, 0.5665792536174076854 ) ) ;
#8611 = DIRECTION ( 'NONE',  ( 1.000000000000000000, 0.000000000000000000, 0.000000000000000000 ) ) ;
#8612 = FACE_OUTER_BOUND ( 'NONE', #755, .T. ) ;
#8613 = ORIENTED_EDGE ( 'NONE', *, *, #7295, .F. ) ;
#8614 = AXIS2_PLACEMENT_3D ( 'NONE', #7332, #2448, #3897 ) ;
#8615 = ORIENTED_EDGE ( 'NONE', *, *, #6047, .T. ) ;
#8616 = ORIENTED_EDGE ( 'NONE', *, *, #5913, .F. ) ;
#8617 = EDGE_CURVE ( 'NONE', #1132, #3986, #3476, .T. ) ;
#8618 = LINE ( 'NONE', #8497, #568 ) ;
#8619 = VECTOR ( 'NONE', #1556, 39.37007874015748143 ) ;
#8620 = CARTESIAN_POINT ( 'NONE',  ( -0.03739535862709755104, -0.07696093604664214216, 0.6240695669875833129 ) ) ;
#8621 = DIRECTION ( 'NONE',  ( 1.411854421747038033E-17, 7.425991029036739954E-17, -1.000000000000000000 ) ) ;
#8622 = DIRECTION ( 'NONE',  ( 1.000000000000000000, -1.239088197126290570E-16, 0.000000000000000000 ) ) ;
#8623 = ORIENTED_EDGE ( 'NONE', *, *, #3962, .T. ) ;
#8624 = CIRCLE ( 'NONE', #3028, 0.007874015748031482076 ) ;
#8625 = CARTESIAN_POINT ( 'NONE',  ( 0.02999258172665013669, -0.4391612730497261863, 0.5873433044367819544 ) ) ;
#8626 = ADVANCED_FACE ( 'NONE', ( #3568 ), #4937, .T. ) ;
#8627 = ORIENTED_EDGE ( 'NONE', *, *, #2394, .F. ) ;
#8628 = DIRECTION ( 'NONE',  ( 1.224646799147353207E-16, 1.000000000000000000, 0.000000000000000000 ) ) ;
#8629 = EDGE_LOOP ( 'NONE', ( #3551, #6553 ) ) ;
#8630 = LINE ( 'NONE', #3312, #1562 ) ;
#8631 = DIRECTION ( 'NONE',  ( 1.000000000000000000, 0.000000000000000000, 0.000000000000000000 ) ) ;
#8632 = CIRCLE ( 'NONE', #1061, 0.007874015748031449116 ) ;
#8633 = CARTESIAN_POINT ( 'NONE',  ( 0.1273957872144106107, -0.2232961464224183512, 0.4325447551727847340 ) ) ;
#8634 = PLANE ( 'NONE',  #4785 ) ;
#8635 = VERTEX_POINT ( 'NONE', #843 ) ;
#8636 = EDGE_CURVE ( 'NONE', #7294, #7512, #2753, .T. ) ;
#8637 = ORIENTED_EDGE ( 'NONE', *, *, #5604, .T. ) ;
#8638 = VECTOR ( 'NONE', #8356, 39.37007874015748143 ) ;
#8639 = ORIENTED_EDGE ( 'NONE', *, *, #2703, .F. ) ;
#8640 = CARTESIAN_POINT ( 'NONE',  ( -0.09645047673733433968, -0.1242006431284664730, 0.7283464566918570471 ) ) ;
#8641 = VERTEX_POINT ( 'NONE', #8232 ) ;
#8642 = CARTESIAN_POINT ( 'NONE',  ( 0.04134479885321685338, -0.2226258399788601239, -1.056269026750287463E-12 ) ) ;
#8643 = CARTESIAN_POINT ( 'NONE',  ( -0.04055346614066089594, -0.2518058278115921089, 0.5671970417727444369 ) ) ;
#8644 = CARTESIAN_POINT ( 'NONE',  ( -0.04442897410153102966, -0.2241060518434477844, 0.4422916610307001672 ) ) ;
#8645 = CARTESIAN_POINT ( 'NONE',  ( 0.08662038940439793777, 0.1002088056904311825, 0.4606299212587862679 ) ) ;
#8646 = ORIENTED_EDGE ( 'NONE', *, *, #6555, .T. ) ;
#8647 = EDGE_CURVE ( 'NONE', #2334, #3265, #1887, .T. ) ;
#8648 = FACE_OUTER_BOUND ( 'NONE', #6959, .T. ) ;
#8649 = FACE_OUTER_BOUND ( 'NONE', #1700, .T. ) ;
#8650 = CARTESIAN_POINT ( 'NONE',  ( 0.08071487759337428458, -0.3997911943095688314, 0.5393700787391012552 ) ) ;
#8651 = ORIENTED_EDGE ( 'NONE', *, *, #6283, .F. ) ;
#8652 = CLOSED_SHELL ( 'NONE', ( #2069, #974, #7285, #1351, #6938, #379, #313, #5448, #2408, #5013, #4881 ) ) ;
#8653 = DIRECTION ( 'NONE',  ( 0.000000000000000000, 1.000000000000000000, 0.000000000000000000 ) ) ;
#8654 = ORIENTED_EDGE ( 'NONE', *, *, #2018, .F. ) ;
#8655 = ORIENTED_EDGE ( 'NONE', *, *, #3859, .F. ) ;
#8656 = CARTESIAN_POINT ( 'NONE',  ( 0.02543521428309870533, -0.2458817751529901730, 0.6424692677208283520 ) ) ;
#8657 = DIRECTION ( 'NONE',  ( -0.1998766917676625954, -3.667108460817794844E-17, 0.9798210592184751766 ) ) ;
#8658 = DIRECTION ( 'NONE',  ( -0.2401166675528360328, 0.000000000000000000, -0.9707440373050563176 ) ) ;
#8659 = LINE ( 'NONE', #6026, #1492 ) ;
#8660 = ADVANCED_FACE ( 'NONE', ( #7654 ), #6262, .T. ) ;
#8661 = EDGE_CURVE ( 'NONE', #5331, #3612, #4270, .T. ) ;
#8662 = ORIENTED_EDGE ( 'NONE', *, *, #3923, .T. ) ;
#8663 = CYLINDRICAL_SURFACE ( 'NONE', #1696, 0.01574803149606293640 ) ;
#8664 = ORIENTED_EDGE ( 'NONE', *, *, #8221, .F. ) ;
#8665 = CARTESIAN_POINT ( 'NONE',  ( 0.1791400744437680603, -0.1242006431284664036, 0.4921259842509123628 ) ) ;
#8666 = VERTEX_POINT ( 'NONE', #2999 ) ;
#8667 = CARTESIAN_POINT ( 'NONE',  ( -0.1013717365798540299, -0.3879801706875215528, 0.3562992125973689084 ) ) ;
#8668 = LINE ( 'NONE', #4639, #6530 ) ;
#8669 = CARTESIAN_POINT ( 'NONE',  ( 0.1275652712941617306, -0.2226258399788601239, 0.2322834645658728991 ) ) ;
#8670 = CARTESIAN_POINT ( 'NONE',  ( -0.06495441374520848077, -0.09270458013634053085, 0.1909448818887074795 ) ) ;
#8671 = FACE_OUTER_BOUND ( 'NONE', #3460, .T. ) ;
#8672 = EDGE_LOOP ( 'NONE', ( #8526, #3256, #6598, #6819 ) ) ;
#8673 = ORIENTED_EDGE ( 'NONE', *, *, #2600, .T. ) ;
#8674 = ORIENTED_EDGE ( 'NONE', *, *, #4940, .T. ) ;
#8675 = CARTESIAN_POINT ( 'NONE',  ( 0.1349934356575578920, -0.3811057794996317027, 0.2714917202275093921 ) ) ;
#8676 = ORIENTED_EDGE ( 'NONE', *, *, #1527, .F. ) ;
#8677 = VECTOR ( 'NONE', #1054, 39.37007874015748143 ) ;
#8678 = DIRECTION ( 'NONE',  ( 0.000000000000000000, -1.000000000000000000, 0.000000000000000000 ) ) ;
#8679 = DIRECTION ( 'NONE',  ( 9.117121629785412755E-17, -1.000000000000000000, -1.882801286680184389E-17 ) ) ;
#8680 = EDGE_CURVE ( 'NONE', #3157, #1476, #3045, .T. ) ;
#8681 = CARTESIAN_POINT ( 'NONE',  ( 0.1097906013388758734, -0.1630108665806854484, 0.2165354330698099627 ) ) ;
#8682 = FACE_OUTER_BOUND ( 'NONE', #3495, .T. ) ;
#8683 = VECTOR ( 'NONE', #5831, 39.37007874015748143 ) ;
#8684 = ORIENTED_EDGE ( 'NONE', *, *, #887, .T. ) ;
#8685 = CYLINDRICAL_SURFACE ( 'NONE', #2876, 0.01181102362204724046 ) ;
#8686 = CARTESIAN_POINT ( 'NONE',  ( 0.04936935532510586949, -0.4391612730497261863, 0.5875699263431144459 ) ) ;
#8687 = DIRECTION ( 'NONE',  ( 1.224646799147353207E-16, -3.113848669610015641E-29, 1.000000000000000000 ) ) ;
#8688 = DIRECTION ( 'NONE',  ( 9.117121629785411522E-17, -1.000000000000000000, -1.882801286680184389E-17 ) ) ;
#8689 = EDGE_CURVE ( 'NONE', #247, #1476, #5716, .T. ) ;
#8690 = EDGE_CURVE ( 'NONE', #650, #8062, #6973, .T. ) ;
#8691 = VERTEX_POINT ( 'NONE', #4981 ) ;
#8692 = CARTESIAN_POINT ( 'NONE',  ( -0.1013717365798540299, -0.3879801706875215528, 0.3562992125973689084 ) ) ;
#8693 = VERTEX_POINT ( 'NONE', #2875 ) ;
#8694 = ORIENTED_EDGE ( 'NONE', *, *, #456, .F. ) ;
#8695 = VECTOR ( 'NONE', #1486, 39.37007874015748143 ) ;
#8696 = CARTESIAN_POINT ( 'NONE',  ( 0.08465188546738959541, -0.3525470998213799945, 0.1909448818887074517 ) ) ;
#8697 = FACE_OUTER_BOUND ( 'NONE', #2711, .T. ) ;
ENDSEC;
END-ISO-10303-21;
